義項id,詞目漢字,解說,對應義項id,對應詞目漢字,對應解說
,一目𥍉仔,一瞬間、一眨眼。指很短暫的時間。,,規半晡,大半天、老半天，指一天當中的一段長時間。
,一睏仔,一陣子、一會兒。,,規半晡,大半天、老半天，指一天當中的一段長時間。
,一霎仔久,一瞬間、一下子。形容很短的時間。,,規半晡,大半天、老半天，指一天當中的一段長時間。
,一觸久仔,一會兒、一下子。,,規半晡,大半天、老半天，指一天當中的一段長時間。
,入,進。從外面進到裡面。,,退,離開。
,刁工,故意。,,無張持,不小心。沒注意到。
,刁工,故意。,,無細膩,不小心。
,二手,副手、助手、助理。技術工作中的助手、協助處理事務的人。,,師傅,稱懷有專門技藝的人。
,二手,副手、助手、助理。技術工作中的助手、協助處理事務的人。,,頭手,一個單位的最高負責人，如領班等。
,了本,蝕本、虧本。,,省本,節省成本。
,七早八早,一大清早。,,三更半暝,三更半夜；深夜。
,七早八早,形容時間還早。,,七晏八晏,很晚、很遲。
,入門,進門。,,出門,離家外出。
,人客,客人、賓客、顧客。,,主人,擺設宴席款待賓客的人。
,刁持,故意、存心。,,無張持,不小心。沒注意到。
,刁持,故意、存心。,,無細膩,不小心。
,刁故意,存心、故意。,,無細膩,不小心。
,刁故意,存心、故意。,,無意中,意外、無意間。
,人造,由人工製造而成的。,,天然,自然形成、天生的，不是人為的。
,人造,由人工製造而成的。,,自然,天然，沒有經過人為加工的。
,刁意故,故意、存心。,,無張持,不小心。沒注意到。
,刁意故,故意、存心。,,無細膩,不小心。
,入學,開始進入學校學習、求學。,,退學,學生因為嚴重違反校規或是不及格的科目達到一定比例，而被學校當局勒令不得繼續在校就讀。
,了錢,賠錢、虧本。,,趁錢,賺錢。
,了錢,賠錢、虧本。,,省本,節省成本。
,下,指空間位置「上」的相反。,,頂,物品的上方。
,大,指在體積、面積、深度、數量、強度等方面超過一般，或超過所比較的對象。,,小,細微，是「大」的相反。
,大,在體積、面積、容量、數量、強度、深度、力量等方面超過一般，或超過比較的對象。,,小,細微，是「大」的相反。
,大,在體積、面積、容量、數量、強度、深度、力量等方面超過一般，或超過比較的對象。,,小,細微，是「大」的相反。
,大,最年長的、排行第一的。,,小,年紀、輩份比較低的。
,女,女性、女子。,,男,指男性。與女相對。
,女,女性、女子。,,男子,男人。
,小,細微，是「大」的相反。,,大,在體積、面積、容量、數量、強度、深度、力量等方面超過一般，或超過比較的對象。
,小,細微，是「大」的相反。,,大,指在體積、面積、深度、數量、強度等方面超過一般，或超過所比較的對象。
,小,細微，是「大」的相反。,,大,在體積、面積、容量、數量、強度、深度、力量等方面超過一般，或超過比較的對象。
,小,年紀、輩份比較低的。,,大,最年長的、排行第一的。
,三八,傻氣、不正經。形容女性有點傻氣、粗野或言行舉止違悖常理、不正經。,,正經,正派，謹守規矩。
,三八,傻氣、不正經。形容女性有點傻氣、粗野或言行舉止違悖常理、不正經。,,大端,大方、賢淑、端莊。
,小人,品德操守低下，人格卑劣的人。,,君子,才德出眾、品格高尚的人。
,三八氣,傻氣、不正經。形容女性有點傻氣、粗野或言行舉止違悖常理、不正經。,,正經,正派，謹守規矩。
,三八氣,傻氣、不正經。形容女性有點傻氣、粗野或言行舉止違悖常理、不正經。,,大端,大方、賢淑、端莊。
,上久,最久。,,上緊,最快。
,小口,飯量少、食量小。,,大食,指食量很大。
,下勻,後輩、晚輩。,,頂勻,上輩。上一輩、上一代。
,下勻,後輩、晚輩。,,尊長,長輩。
,上午,清晨到中午之間。,,下午,中午過後的時間，指中午十二點到黃昏前的一段時間。
,上午,清晨到中午之間。,,下晡,下午。
,下午,中午過後的時間，指中午十二點到黃昏前的一段時間。,,上午,清晨到中午之間。
,下午,中午過後的時間，指中午十二點到黃昏前的一段時間。,,早起,早上、早晨。
,下午,中午過後的時間，指中午十二點到黃昏前的一段時間。,,頂晡,早上、上午。
,大方,慷慨不小氣。,,凍霜,形容一個人吝嗇、小氣，過分節省。
,大方,慷慨不小氣。,,㾀屎,器量狹小，用度過分節儉。吝嗇，不大方。
,大方,舉止得體合宜、不矯飾，有大家風範。,,閉思,個性內向、害羞，靦腆的樣子。
,大方,舉止得體合宜、不矯飾，有大家風範。,,畏羞人,害羞、靦腆。
,大日,吉日。指適合婚喪嫁娶的好日子。,,歹日,凶日。在黃曆上有諸多禁忌的日子。
,大月,國曆三十一天或者農曆三十天的月分。,,小月,農曆之中，只有二十九天的月份。
,大月,指生意的旺季。,,小月,生意清淡的月份。
,小心,注意、留意。,,生狂,做事慌慌張張的樣子。
,小心,注意、留意。,,脫線,罵人個性散漫，做事不積極，如同衣服的縫線脫落一樣。
,小心,注意、留意。,,無細膩,不小心。
,小心,注意、留意。,,趕狂,急忙、倉皇、慌慌張張。
,小月,農曆之中，只有二十九天的月份。,,大月,國曆三十一天或者農曆三十天的月分。
,小月,生意清淡的月份。,,大月,指生意的旺季。
,小木,做家具的木工。相反的，「大木」(tuā-ba̍k)是建築房屋的木工。,,大木,建築房屋的木工。
,上加,最多、頂多。,,至少,最少、最低限度。
,上北,北上。臺灣地理的觀念上，以北為上，南為下，所以向北出發即是「上北」。,,落南,南下。到南方、向南方行進。
,下司,下屬、手下。,,頂司,上司、上級。
,下司,下屬、手下。,,頂面,上司、上級。
,下司,下屬、手下。,,頭家,老闆、僱主。
,下半暝,下半夜、後半夜。夜晚十二點以後到天亮的時間。,,頂半暝,上半夜、前半夜。夜晚以後到午夜十二點之間的時間。
,大本,大本錢、很多本錢。,,薄本,資本額少的小生意。
,上任,就職。擔任職務。,,落台,下臺。比喻離開或被解除高階職務。
,大囝,長子、大兒子。稱謂。對長子的稱呼。,,尾仔囝,么兒。排行最小的兒子。
,大囝,長子、大兒子。稱謂。對長子的稱呼。,,屘仔,老么。稱謂。家中排行最小的孩子。
,大囝,長子、大兒子。稱謂。對長子的稱呼。,,屘囝,家中排行最小的孩子。
,大舌,口吃。講話結結巴巴、不清不楚。,,璇石喙,能言善道。
,山尾溜,山頂。,,山跤,山腳。山下靠近平地的部分。
,三更半暝,三更半夜；深夜。,,七早八早,一大清早。
,小使,小弟、跑腿的。供人差遣的人。,,老大,江湖幫會或團體中的首領。
,山坪,山坡地。山凹間或山麓上較平坦的地或可耕地。,,平埔,平地、平野、平坦而空曠的原野。
,山坪,山坡地。山凹間或山麓上較平坦的地或可耕地。,,平洋,平原、平地。平坦廣闊的原野。
,下底,下面、底下。與「頂面」(tíng-bīn)相對。,,面頂,上面。
,下底,下面、底下。與「頂面」(tíng-bīn)相對。,,頂面,上面。
,下底,下面、底下。與「頂面」(tíng-bīn)相對。,,頂頭,上面、上頭。
,下底,下面、底下。與「頂面」(tíng-bīn)相對。,,頂懸,上面、上頭。
,乞的,養子女。,,親生,親自生育的。
,土直,形容一個人個性率真、剛直，不會深思熟慮，不會拐彎抹角。,,滑溜,圓滑。做事或言談面面周到，不得罪人。
,大厝,大房子、廣廈。,,低厝仔,簡陋又低矮的房子。
,大厝,大房子、廣廈。,,平階,平房。
,低厝仔,簡陋又低矮的房子。,,大厝,大房子、廣廈。
,低厝仔,簡陋又低矮的房子。,,樓仔厝,樓房。兩層或兩層以上的房子。
,低級,比較低下的級別，相對於「高級」而言。,,上等,最高等級或最優異的品等。
,低級,比較低下的級別，相對於「高級」而言。,,高級,較高尚、尊貴，層次等級較高的。
,上崎,上坡。,,落崎,下坡。
,下晝,下午。,,頂晡,早上、上午。
,下晡,下午。,,上午,清晨到中午之間。
,下晡,下午。,,早起,早上、早晨。
,下晡,下午。,,頂晡,早上、上午。
,小票,零鈔。小面額的紙幣。,,大張的,特指大鈔。指千元以上，大面額大的鈔票。
,大細心,偏心。指人故意偏袒一方，對某一方存私心。,,平棒,公正持平。
,大細心,偏心。指人故意偏袒一方，對某一方存私心。,,平正,公平、公正、無私心。
,大細目,本義為兩眼一大一小，大小眼。引申為用不公平的角度看待他人。,,平正,公平、公正、無私心。
,山頂,山的最高點。,,山跤,山腳。山下靠近平地的部分。
,大寒,極冷，嚴寒。,,大熱,酷暑。極炎熱的天氣。
,下港,指臺灣南部地方。,,北部,指某一地的北方區域。
,下港,指臺灣南部地方。,,頂港,北部。用來稱呼臺灣的北部地區。
,干焦,只有、僅僅。,,毋但,不只、不但。
,上等,最高等級或最優異的品等。,,低級,比較低下的級別，相對於「高級」而言。
,凡勢,也許、可能。,,定規,必定、必然、肯定。
,大腸,腸的下部。上接小腸，下連肛門，較小腸粗大而短，可依次分為盲腸、結腸與直腸三部分。大腸可吸收水分和一部分養分，並主宰排泄作用。,,小腸,在腸的上部，較大腸細長，上接胃部，下連大腸，有消化和吸收的功用，是人體最重要的消化器官。
,小腸,在腸的上部，較大腸細長，上接胃部，下連大腸，有消化和吸收的功用，是人體最重要的消化器官。,,大腸,腸的下部。上接小腸，下連肛門，較小腸粗大而短，可依次分為盲腸、結腸與直腸三部分。大腸可吸收水分和一部分養分，並主宰排泄作用。
,下跤,下面、底下。,,面頂,上面。
,下跤,下面、底下。,,頂面,上面。
,下跤,下面、底下。,,頂頭,上面、上頭。
,下跤,下面、底下。,,頂懸,上面、上頭。
,下跤,下面、底下。,,懸頂,上面、上頭。
,山跤,山腳。山下靠近平地的部分。,,山尾溜,山頂。
,山跤,山腳。山下靠近平地的部分。,,山頂,山的最高點。
,山跤,山腳。山下靠近平地的部分。,,山頭,山頂。
,山跤,山腳。山下靠近平地的部分。,,山尖,山嶺的頂點。
,下跤手人,手下、下屬。從事打雜工作的部屬。,,頂司,上司、上級。
,下跤手人,手下、下屬。從事打雜工作的部屬。,,頭家,老闆、僱主。
,低路,低能。指不中用。,,高明,形容人的能力高超精湛。
,低路,低能。指不中用。,,勥跤,形容一個人精明能幹，一般用在形容女人，有貶義。
,大路,寬敞開闊的道路。,,小路,小徑、小道。較狹窄的路。
,大路,寬敞開闊的道路。,,巷,大街旁的小通道。
,大路,寬敞開闊的道路。,,巷仔,小巷。大街旁的小通道。
,小路,小徑、小道。較狹窄的路。,,大路,寬敞開闊的道路。
,大漢,身材高大。,,細漢,身材矮小。
,大漢,年長的。排行在先的或較年長的。,,細漢,輩份排行在後的。
,上緊,最快。,,上久,最久。
,大熱,酷暑。極炎熱的天氣。,,大寒,極冷，嚴寒。
,大熱,酷暑。極炎熱的天氣。,,烏寒,陰天又寒冷的。
,大範,一個人的舉止十分大方、自然，不受拘束。,,閉思,個性內向、害羞，靦腆的樣子。
,大範,一個人的舉止十分大方、自然，不受拘束。,,㾀屎,器量狹小，用度過分節儉。吝嗇，不大方。
,大範,一個人的舉止十分大方、自然，不受拘束。,,畏羞人,害羞、靦腆。
,山線,穿越山區的交通路線。,,海線,沿著海岸的交通路線。
,大賣,批發的生意，指成批買賣商品。,,小賣,零售商。將貨品零星出售給消費者的商人。相反的，「大賣」(tuā-bē)指的就是批發商。
,大賣,批發的生意，指成批買賣商品。,,小盤,零售商。將貨品零星出售給消費者的商人。
,小賣,零售商。將貨品零星出售給消費者的商人。相反的，「大賣」(tuā-bē)指的就是批發商。,,大賣,批發的生意，指成批買賣商品。
,小賣,零售商。將貨品零星出售給消費者的商人。相反的，「大賣」(tuā-bē)指的就是批發商。,,中盤,大量購買商品再轉賣給零售商，賺取差額利潤的商人。
,下輩,晚輩、後輩。子姪輩或是輩分較低的人。,,先輩,前輩、先進。尊稱年齡或輩份較長的人。
,下輩,晚輩、後輩。子姪輩或是輩分較低的人。,,序大,長輩。指輩份高，年紀大的人。
,下輩,晚輩、後輩。子姪輩或是輩分較低的人。,,長輩,輩分高、年紀長的人。
,下輩,晚輩、後輩。子姪輩或是輩分較低的人。,,前輩,長輩。年長或資歷深的人。
,下輩,晚輩、後輩。子姪輩或是輩分較低的人。,,頂輩,長輩。
,下輩,晚輩、後輩。子姪輩或是輩分較低的人。,,尊長,長輩。
,山頭,山頂。,,山跤,山腳。山下靠近平地的部分。
,上濟,至多、頂多。指在最壞的情況下。,,至少,最少、最低限度。
,上濟,至多、頂多。指在最壞的情況下。,,上無,至少、起碼。
,大聲,聲音宏大、響亮。,,細聲,小聲。
,下擺,下次、下回。,,頂擺,上次、前回。
,下擺,下次、下回。,,頂改,上次、上回。
,下擺,下次、下回。,,頂回,上次、以前、之前的事情。
,土雞仔,土雞。不是人工圈養吃飼料的雞。,,肉雞仔,肉雞。專門供作食用的雞。
,今,此時、現在。,,古,過去久遠的時代。
,今,此時、現在。,,當初時,當初、那時候。
,內,裡。裡面。,,外,方位名。不在特定範圍之內均稱為「外」。相對於「內」而言。
,內,裡。裡面。,,外,方位名。不在特定範圍之內均稱為「外」。相對於「內」而言。
,內,指國內的政務。,,外,非本國的。
,公,雄性的。,,母,釋義參見【母】bó 條。
,冇,鬆軟。結構不紮實。,,𠕇,硬的、堅實的。
,冗,鬆、寬。形容東西、事物不緊或寬鬆的樣子。,,絚,緊。嚴密，不放鬆。
,冗,形容金錢方面的寬裕。,,絚,形容生活困窘，不寬裕。
,凶,不吉利的。,,吉,美好的、善的。
,勼,縮小、收縮。,,探,伸出去。
,內䘥仔,無袖內衣。,,外衫,外衣。穿在外面的衣服。
,內才,內涵。一個人的內在修為、學識、才華。,,外才,交際能力。口頭表達或待人接物等交際的能力。
,五仁,插科打諢。形容人行為滑稽、詼諧，逗人發笑。,,古板,死板。作風保守、固執不知變通。
,勻勻仔,慢慢地、謹慎小心地。,,趕緊,加快動作的速度。
,不中用,東西不合用、不好使用。,,中用,物品很好使用，容易使用。
,不中用,東西不合用、不好使用。,,有路用,有用處、有益處。
,不中用,形容沒有才能，像廢物一樣的人。,,中用,形容人很有能力、很好差遣。
,冇手,大方、慷慨。,,㾀屎,器量狹小，用度過分節儉。吝嗇，不大方。
,六月冬,夏稻、夏穫。夏季收穫的農作物、第一期稻作所收成的農作物。,,晚冬,二期稻作。
,公平,公正。心存正道，沒有偏私。,,偏心,偏袒。袒護一方，對某一方存私心。
,中用,物品很好使用，容易使用。,,不中用,東西不合用、不好使用。
,中用,物品很好使用，容易使用。,,無路用,沒有用、不中用。
,中用,形容人很有能力、很好差遣。,,不中用,形容沒有才能，像廢物一樣的人。
,中用,形容人很有能力、很好差遣。,,無路用,沒有用、不中用。
,中用,形容人很有能力、很好差遣。,,半病仔,喻指不中用、無能的人。
,中立,不偏袒。,,偏心,偏袒。袒護一方，對某一方存私心。
,內行,對某種事或工作有豐富的知識和經驗。,,外行,形容人對某事沒經驗或不了解。
,不孝,對長輩不孝順。,,有孝,孝順。侍奉父母尊長，克盡人子孝道。
,公事,公眾的事務。,,私事,個人的事。
,內底,裡面、內部。,,外口,外面。外頭、外邊。
,內底,裡面、內部。,,外面,外面、外頭、外邊。
,公的,雄性的動物、陽性的器物。,,母的,雌的。雌性動植物。
,分的,收養的小孩。,,親生,親自生育的。
,內政,國家內部的政事。,,外交,以和平的方法，處理對外的關係。通常或指一國的外交政策，或指處理外交的程序。
,內科,依照病人對症狀的敘述，以用藥、打針來治療身體內部的各種疾病，而不動外科手術。,,外科,臨床醫學的一大分支。主要處理身體的急性損傷，以及一些非手術治療不可的慢性疾病。
,內衫,內衣。貼身穿在上身的衣服，通常較薄。,,外衫,外衣。穿在外面的衣服。
,內面,裡面、內部。,,外口,外面。外頭、外邊。
,內面,裡面、內部。,,外面,外面、外頭、外邊。
,允准,允許、准許。,,毋准,不允許、不答應。
,內套,女用上身內襯。,,外衫,外衣。穿在外面的衣服。
,內套,女用上身內襯。,,外套,在平常服裝外面所加的禦寒外衣，稱為「外套」。
,公家,屬於政府的、公眾的。,,民營化,為提升國家競爭力和事業經營效率，將國營事業轉變由民間出資經營。
,不時,隨時、經常。無論什麼時候。,,一半擺仔,偶爾、一兩次。
,不動產,泛指土地及附著於土地上的定著物和改良物。,,動產,可移動的財產，如金錢、證券等。
,冗剩,寬裕。,,缺欠,不足、不夠、匱乏、窮乏。
,內場,賭博中，稱莊家為「內場」。,,外場,賭博中，稱莊腳為「外場」。
,內場,店家不直接面對客人的場所及人員。如餐廳的廚房。,,外場,劇場、店家直接面對觀眾、客人的場所及人員。
,分散,分離散開。,,聯合,連合、結合。
,分開,分離、分散。,,集中,集合、匯聚在一起。
,分開,分離、分散。,,集合,會合、聚在一起。
,分開,分離、分散。,,會合,照約定好的時間及地點彼此聚會、集合。
,仁慈,和善、善良。慈悲，寬大慈善。,,殘忍,兇惡狠毒。
,仁慈,和善、善良。慈悲，寬大慈善。,,殘酷,殘忍、冷酷無情。
,仁慈,和善、善良。慈悲，寬大慈善。,,酷刑,殘忍、心狠手辣。
,中醫,中國傳統的醫學。,,西醫,採用西洋醫術的醫生或醫療方法。
,天,地球周圍，日月星辰羅列的空間，宗教上是指神靈居住的世界。,,地,人類萬物棲息生長的場所。
,天,地球周圍，日月星辰羅列的空間，宗教上是指神靈居住的世界。,,地,人類萬物棲息生長的場所。
,夫,婚後女子對男子的稱謂。,,妻,稱謂。男子稱自己的正式配偶。
,夫,婚後女子對男子的稱謂。,,家後,妻子、太太。
,少,多的相反。大多用於可計數之實體性物質。,,少缺,不缺、多得很。多用在反詰口氣。
,少,多的相反。大多用於可計數之實體性物質。,,厚,指數量多的。
,少,多的相反。大多用於可計數之實體性物質。,,濟,多。
,歹,壞。惡的、不好的。,,好,美、善、佳等與「壞」相對的正面形容。
,少女,年輕未婚的女孩子。,,阿婆,老婦。對年長婦人的通稱。
,戶口名,正名、本名。登記在戶口名簿上的名字，有別一般偏名。,,偏名,綽號、小名。非正式的名字。
,太太,丈夫稱呼自己的妻子。 ,,查埔人,丈夫、老公。
,歹天,惡劣的天氣。,,好天,好天氣。晴朗、氣溫宜人，令人覺得舒爽。
,歹天,惡劣的天氣。,,大晡日,出大太陽的好天氣。
,歹心,壞心。形容人居心不良或心腸惡毒。,,好心,善心、善意。
,歹代,壞事、惡事。,,好代,好事、善行事。
,歹代,壞事、壞消息。,,好代,好消息。
,文市,零售商行。,,武市,從事外送、大宗買賣，主動開發客源的商行。
,毋甘願,不甘心、不甘願。,,甘心,寧願、情願。自己願意，沒有半點勉強。
,毋甘願,不甘心、不甘願。,,甘願,寧願、情願。自己願意，沒有半點勉強。
,毋甘願,不甘心、不甘願。,,情願,甘心、願意。
,月光暝,月夜。有月光的夜晚。,,月暗暝,暗夜、月黑天。沒有月光的夜晚。
,歹囝,不良少年、浪蕩子。,,好囝,潔身自愛，積極進取的孩子。
,少年,年紀輕。,,臭老,老相、老態。形容一個人的外表看起來比實際年齡老。
,少年,年紀輕。,,老相,老態。像老人的相貌。
,歹年冬,荒年、歉歲。農作物收成不好的年頭。,,好年冬,豐年。指農作物豐收的年頭。
,毋好勢,不方便、不湊巧。,,拄仔,恰恰、恰巧。
,歹死,臨終時遭受痛苦。,,好死,壽終正寢。形容人享盡天年，在家中自然死亡。
,毋成,不成、算不上。,,成,成為。
,毋成人,不肖之徒。罵人不像樣。,,成樣,形容人經訓練或材料經處理之後成某規格之才能或樣貌。
,毋成囝,不良少年、小混混。,,好囝,潔身自愛，積極進取的孩子。
,毋成樣,不像話、不像樣。,,成樣,形容人經訓練或材料經處理之後成某規格之才能或樣貌。
,毋成樣,不像話、不像樣。,,成款,像樣。達到令人滿意的樣子。
,毋但,不只、不但。,,干焦,只有、僅僅。
,毋免,不必、不用、不需要。,,必要,絕對需要，不可缺少的。
,月尾,月底。指一個月的最後幾天。,,月初,月頭、上旬。一個月剛開始的頭幾天。
,月尾,月底。指一個月的最後幾天。,,月頭,月初。每月起初的幾天。
,反抗,心中不服而予以抗拒。,,順從,遵從、依從。
,反抗,心中不服而予以抗拒。,,壓落底,壓制使順從、壓制使屈服。
,歹育飼,不容易扶養，指小孩子身體不好、多病。,,好育飼,指孩子健康，很好養育。
,月初,月頭、上旬。一個月剛開始的頭幾天。,,月尾,月底。指一個月的最後幾天。
,月初,月頭、上旬。一個月剛開始的頭幾天。,,月底,月底。每個月的最後幾天。
,歹命,苦命、不幸。命運不好、沒有福份。,,好命,命好。即指人的出身好或際遇好。
,歹命人,命運坎坷的人。,,好額人,有錢人。錢財充裕、生活富足的人。
,歹命人,命運坎坷的人。,,有錢人,富有的人。
,手底,手掌。,,手盤,手背。
,歹性地,性情不好，容易發脾氣。,,好性地,脾氣好、不隨便動怒。
,毋拄好,搞不好、不湊巧。,,拄好,恰巧、剛好。
,毋拄好,搞不好、不湊巧。,,都合,時間、地點等條件的配合狀況。源自日語「都合（つごう）」。
,毋拄好,搞不好、不湊巧。,,千拄千,無巧不成書，準確的有點異常。
,毋拄好,搞不好、不湊巧。,,拄仔,恰恰、恰巧。
,毋拄好,搞不好、不湊巧。,,對千,剛好、恰好。
,歹空,無利可圖、不好的事。,,好空,好機會、好事情。
,歹空,無利可圖、不好的事。,,利益,好處。
,歹空,無利可圖、不好的事。,,利頭,利益、好處。
,毋知,不知、不知道。,,知,明白、了解。
,毋知,不知、不知道。,,知影,知道、懂得。
,毋知影,不知、不知道。,,知,明白、了解。
,毋知影,不知、不知道。,,知影,知道、懂得。
,支持,協助、贊同。,,反對,不贊成。
,支持,協助、贊同。,,抗議,用抗爭的方式對別人的行為或一個被決定的措施提出反對的意見。
,毋挃,不要。,,挃,要、欲。
,毋是,不是。,,是,表示肯定判斷語，用來說明主詞，一般後面跟著名詞。
,歹看,難看的、醜陋的。,,好看,看起來舒適、美觀。
,歹看,難看的、醜陋的。,,美麗,形容女子容貌漂亮、俏麗。
,手面,手掌。,,手盤,手背。
,毋值,不值得。,,值得,所付出的代價和所得到的回報相當。
,毋值,不如、比不上。,,值,比得過、比得上。
,毋准,不允許、不答應。,,允准,允許、准許。
,毋准,不允許、不答應。,,准,允許、許可。
,毋准,不允許、不答應。,,許可,准許、答應。
,毋准,不允許、不答應。,,答應,允許、承諾。
,日時,白天。,,暝,夜、晚。
,少缺,不缺、多得很。多用在反詰口氣。,,少,多的相反。大多用於可計數之實體性物質。
,少缺,不缺、多得很。多用在反詰口氣。,,缺欠,缺乏。
,天堂,信仰宗教者以為人死後居住的快樂世界。,,地獄,宗教上所指人死後亡靈受審判和處罰的地方。引申為充滿黑暗、痛苦的環境。
,毋情願,不情不願。,,甘心,寧願、情願。自己願意，沒有半點勉強。
,毋情願,不情不願。,,甘願,寧願、情願。自己願意，沒有半點勉強。
,毋情願,不情不願。,,情願,甘心、願意。
,毋通,不可以、不要。是一種語氣較委婉的勸說或請求。,,通,可以。
,歹喙,常說不得體、負面的話。,,好喙,嘴巴甜。
,歹喙斗,挑嘴。形容人對食物很挑剔。,,好喙斗,形容不挑食，什麼都吃。
,毋敢,不敢。心中怯懦，以致於不能付諸行動。,,敢,有膽識，毫不畏懼的。
,歹款,壞習慣。不懂禮教，多指吃東西的習慣或行為不好。,,好款,本義為脾氣好、教養好，現今常用在反諷，意思和「歹款」(pháinn-khuán)相同。
,天然,自然形成、天生的，不是人為的。,,人造,由人工製造而成的。
,毋著,不對。,,無毋著,沒錯。
,毋著,不對。,,著,對。
,文雅,優美、高雅。,,粗魯,粗暴魯莽。
,歹勢,不好意思、對不起、抱歉。,,好勢,好意思，常用在反詰的語氣。
,歹意,惡意。,,好意,美意、善意。
,月暗暝,暗夜、月黑天。沒有月光的夜晚。,,月光暝,月夜。有月光的夜晚。
,歹話,壞話。毀謗或攻訐他人的言論。,,好話,讚美、好聽的話。
,歹話,詛咒。不祥的言語、詛咒人家的言語。,,好話,吉祥話。
,歹路,指不好的途徑、方向。,,正途,正業、正路。正確的路途、行業。
,歹路,指不好的途徑、方向。,,正路,正當的途徑。引申為做好人，行好事。
,歹運,背運、倒楣。運氣不好。,,好運,運氣好。
,歹運,背運、倒楣。運氣不好。,,幸運,好運氣。
,夭壽,夭折。短命早死。,,長命,長壽、高壽。
,夭壽,夭折。短命早死。,,長歲壽,長壽、長命、高壽。
,夭壽,夭折。短命早死。,,長壽,長命、高壽。壽命很長。
,反對,不贊成。,,支持,協助、贊同。
,反對,不贊成。,,同意,贊成、認可。
,反對,不贊成。,,答應,允許、承諾。
,反對,不贊成。,,贊成,同意。
,欠數,欠帳。,,還數,還債。償還所積欠的債款。
,欠數,欠帳。,,還錢,償還所欠下的金錢。
,手盤,手背。,,手底,手掌。
,手盤,手背。,,手面,手掌。
,手盤,手背。,,手捗,手掌、手模。
,月頭,月初。每月起初的幾天。,,月尾,月底。指一個月的最後幾天。
,月頭,月初。每月起初的幾天。,,月底,月底。每個月的最後幾天。
,毋願,不甘心。心裡不服氣，不情願。,,甘心,寧願、情願。自己願意，沒有半點勉強。
,毋願,不甘心。心裡不服氣，不情願。,,甘願,寧願、情願。自己願意，沒有半點勉強。
,毋驚,不怕。不畏縮、不膽怯。,,驚,吃驚、害怕。
,牛母,母牛。,,牛犅,公牛。
,牛犅,公牛。,,牛母,母牛。
,主人,擺設宴席款待賓客的人。,,人客,客人、賓客、顧客。
,代先,事先、預先。,,事後,事務已成定局之後，或事情發生之後。
,代先,事先、預先。,,後來,指一段時間之後。
,代先,事先、預先。,,落尾,後來、最後。
,代先,最前頭。,,押後,殿後，在最後面。
,代先,最前頭。,,押尾後,殿後。走在最後面。
,以前,指早於某一段時間之前的時間。,,以後,日後、以後、爾後 。指晚於某一段時間之後的時間。
,以前,指早於某一段時間之前的時間。,,將來,未來。尚未到的時候。
,以後,日後、以後、爾後 。指晚於某一段時間之後的時間。,,以前,指早於某一段時間之前的時間。
,以後,日後、以後、爾後 。指晚於某一段時間之後的時間。,,向時,從前、昔日。為「彼當時」(hit-tang-sî)的合音。
,以後,日後、以後、爾後 。指晚於某一段時間之後的時間。,,往日,過去、以往。過去的日子。
,以後,日後、以後、爾後 。指晚於某一段時間之後的時間。,,往年,過去、從前。過去的年歲。
,以後,日後、以後、爾後 。指晚於某一段時間之後的時間。,,往過,以往、以前。
,以後,日後、以後、爾後 。指晚於某一段時間之後的時間。,,以早,以前、從前。
,以後,日後、以後、爾後 。指晚於某一段時間之後的時間。,,起去,以前，時間回溯到過去、過往。
,仝款,同樣、相像。一樣，沒有差別。,,別款,別的樣式。
,冬,一年中的第四季。,,夏,一年中的第二季。
,北,方位名。與「南」相對。,,南,方位名。早晨面朝太陽時，右手的一邊。與「北」相對。
,古,過去久遠的時代。,,今,此時、現在。
,外,方位名。不在特定範圍之內均稱為「外」。相對於「內」而言。,,內,裡。裡面。
,外,方位名。不在特定範圍之內均稱為「外」。相對於「內」而言。,,內,裡。裡面。
,外,非本國的。,,內,指國內的政務。
,外人,沒有親屬關係的人。,,親人,親人、至親。關係親近的親屬。
,外人,沒有親屬關係的人。,,厝內人,家眷。指眷屬。
,出口,將本國貨物販售運送至國外。,,進口,入口、輸入。外國或外地的東西輸入、賣到本地。
,外口,外面。外頭、外邊。,,內底,裡面、內部。
,外口,外面。外頭、外邊。,,內面,裡面、內部。
,司公,道士。民間一般分烏頭道士及紅頭道士。烏頭道士頭包烏網巾，戴道冠，穿道袍，腳穿普通鞋及朝鞋；而紅頭道士則頭包紅巾戴額帽，身穿普通衣，腰圍白裙，腳則赤足。一般紅頭道士是度生的，即為活人驅邪押煞、禳星補運；而烏頭道士除了度生外，也兼度死，為死人做功德超度亡魂。,,先生媽,巫婆。稱呼道教中從事各種儀式、代人祈禱、求鬼神賜福、解決問題的女性。
,冬天,一年四季中最後一個季節，氣候寒冷。,,熱人,夏天。一年四季中的第二季。
,冬天,一年四季中最後一個季節，氣候寒冷。,,熱天,夏天。一年四季中的第二個季節，一般而言氣候較熱。
,北爿,北邊。北方。,,南爿,南邊。南方。
,出外,離家遠行到外地去。,,轉來,回來。
,出外,離家遠行到外地去。,,倒轉去,回去、返家。
,出外,離家遠行到外地去。,,轉來去,回家。
,外外,漠不關心、置身事外。,,致心,盡心盡力、專心致志。
,四正,四方端正、不偏不倚。,,東倒西歪,形容亂七八糟的樣子。
,四正,四方端正、不偏不倚。,,歪膏揤斜,歪七扭八。歪斜不正的樣子。
,四正,四方端正、不偏不倚。,,坦斜,斜著。
,四正,四方端正、不偏不倚。,,走斜,歪斜不正。
,外交,以和平的方法，處理對外的關係。通常或指一國的外交政策，或指處理外交的程序。,,內政,國家內部的政事。
,外行,形容人對某事沒經驗或不了解。,,內行,對某種事或工作有豐富的知識和經驗。
,冬尾,殘冬。見【年尾】nî-bué 條。,,年頭,一年的開始。
,四秀仔,零食、零嘴。,,正頓,正餐、三餐。定時所吃的早、中、晚三餐。
,出來,自內而出。發話者不在裡面。語氣完結時唸作tshut--lâi。,,入去,進去。從外面進到裡面。
,古板,死板。作風保守、固執不知變通。,,五仁,插科打諢。形容人行為滑稽、詼諧，逗人發笑。
,出門,離家外出。,,入門,進門。
,出門,離家外出。,,轉來去,回家。
,外科,臨床醫學的一大分支。主要處理身體的急性損傷，以及一些非手術治療不可的慢性疾病。,,內科,依照病人對症狀的敘述，以用藥、打針來治療身體內部的各種疾病，而不動外科手術。
,外衫,外衣。穿在外面的衣服。,,內䘥仔,無袖內衣。
,外衫,外衣。穿在外面的衣服。,,內衫,內衣。貼身穿在上身的衣服，通常較薄。
,外衫,外衣。穿在外面的衣服。,,內套,女用上身內襯。
,外面,外面、外頭、外邊。,,內底,裡面、內部。
,外面,外面、外頭、外邊。,,內面,裡面、內部。
,外套,在平常服裝外面所加的禦寒外衣，稱為「外套」。,,內套,女用上身內襯。
,出家,離開家庭生活，專心修持正道。多為佛、道用語。,,還俗,僧尼或出家的道士恢復為普通人的身分。
,外家,娘家。女子出嫁後，稱自己父母的家。,,內家,婆家。指女人出嫁後，丈夫的父母家。
,可能,或許，也許。,,定規,必定、必然、肯定。
,四常,時常、經常。,,一半擺仔,偶爾、一兩次。
,北部,指某一地的北方區域。,,下港,指臺灣南部地方。
,外場,賭博中，稱莊腳為「外場」。,,內場,賭博中，稱莊家為「內場」。
,外場,劇場、店家直接面對觀眾、客人的場所及人員。,,內場,店家不直接面對客人的場所及人員。如餐廳的廚房。
,可惡,令人厭惡反感。,,可愛,討人喜愛。
,四散,向四周分散。,,集中,集合、匯聚在一起。
,四散,向四周分散。,,集合,會合、聚在一起。
,四散,向四周分散。,,會合,照約定好的時間及地點彼此聚會、集合。
,可愛,討人喜愛。,,可惡,令人厭惡反感。
,北極,地球沿南北向的地軸旋轉，而此地軸的北端，稱為「北極」。,,南極,地球的最南端，南緯九十度上。
,出運,運氣由壞轉好。,,衰運,倒楣、霉運。運氣不好。
,出運,運氣由壞轉好。,,落衰,走背運、走霉運。
,北管,流行在中國閩南及臺灣的傳統音樂。因為由北曲演變而來，所以稱為「北管」。依照所使用的樂器，可分為西皮和福祿二派。西皮以弔鬼子胡琴為主奏樂器；福祿則用殼子弦。唱腔上，福祿部分保存梆子腔系統，西皮部分保存皮黃腔系統。,,南管,流行於福建、臺灣及東南亞地區的古樂。以古代樂曲逐步融合當地的民間音樂，歌者手拿拍板，以琵琶為主要伴奏，再配合洞簫、三弦、二弦、四塊板等樂器演奏。南管樂曲通常分為指、譜、曲三種，樂風平和端莊。
,出聲,用嘴發出聲音，常用來表示「說話」的意思。,,恬恬,安靜無聲。
,出聲,用嘴發出聲音，常用來表示「說話」的意思。,,噷噷,悶不作聲、不吭聲。
,巧,聰明的樣子。,,病,形容人又笨又傻，不聰明。
,幼,皮膚細嫩的樣子。,,粗,不平滑的。
,幼,嫩。用於形容蔬菜、肉類的口感。,,柯,形容在品嚐蔬菜或瓜果時，有纖維粗糙的感覺。
,幼,嫩。用於形容蔬菜、肉類的口感。,,粗絲,形容食用蔬果時，其纖維有粗糙的感覺。
,幼,細膩、精緻。常指東西的做工精緻或手藝精細。,,粗,不精緻的。
,正,中、不偏的、不歪斜的。,,歪,歪斜。
,正,真實的。,,假,不真實的、虛偽的。
,正,右邊。,,倒,左邊。
,母,釋義參見【母】bó 條。,,公,雄性的。
,尻川後,背後、後面。,,面頭前,眼前、面前。
,正手,右手。,,倒手,左手。
,正手,右手。,,䆀手,左手。
,正手爿,右邊。,,倒手爿,左邊、左側。
,正手爿,右邊。,,倒爿,左邊、左側。
,正爿,右邊。方位名。與「左邊」相對。,,倒手爿,左邊、左側。
,正爿,右邊。方位名。與「左邊」相對。,,倒爿,左邊、左側。
,正爿,右邊。方位名。與「左邊」相對。,,倒面,左面、左邊。
,本地,居住在某地區的人自稱該地為「本地」。,,外埠頭,外地、外鄉鎮。
,幼秀,指動作、行為、工作細膩。,,粗魯,粗暴魯莽。
,正身,正房。舊式合院房屋的中心建築部分，兩邊則為「護龍」。,,護龍,廂房。傳統三合院或四合院左右兩旁的廂房。
,未來,將來。相對於現在、過去來說。,,向時,從前、昔日。為「彼當時」(hit-tang-sî)的合音。
,未來,將來。相對於現在、過去來說。,,往日,過去、以往。過去的日子。
,未來,將來。相對於現在、過去來說。,,往年,過去、從前。過去的年歲。
,未來,將來。相對於現在、過去來說。,,往過,以往、以前。
,母的,雌的。雌性動植物。,,公的,雄性的動物、陽性的器物。
,必要,絕對需要，不可缺少的。,,毋免,不必、不用、不需要。
,正面,身體五官的那一面、物體的外表或上層。,,後面,人體或物體背面、靠後的部分。
,正面,身體五官的那一面、物體的外表或上層。,,倒面,背面、反面。
,平埔,平地、平野、平坦而空曠的原野。,,山坪,山坡地。山凹間或山麓上較平坦的地或可耕地。
,平埔番,平埔族原住民，共有十餘族。居住在平地的原住民，現在幾乎已經都被漢人同化了，只留少數的族群和漢人混居。「番」為早期之講法，因有歧視之義，應避免使用。,,生番,清代對未歸化臺灣原住民的稱呼，與熟番、平埔族相對應。
,失眠,夜晚不能自然入睡。,,落眠,熟睡、沉睡。
,失神,形容一個人精神恍惚，魂不守舍。,,精英,有元氣、有活力。
,平常,形容一點也沒有值得奇怪或驚訝的地方。,,特殊,特別。不同於一般，不平常的事物。
,平常,形容一點也沒有值得奇怪或驚訝的地方。,,怪奇,奇怪、奇特、蹊蹺。
,失敗,指事情沒有成功。,,成功,指事情有所成就，或達到目標。
,失望,希望落空，心裡難過。,,向望,盼望、希望。
,失望,希望落空，心裡難過。,,希望,期望、寄望。
,失望,希望落空，心裡難過。,,期待,希望、盼望。
,正途,正業、正路。正確的路途、行業。,,歹路,指不好的途徑、方向。
,正港,指正宗道地的，非冒名的。,,仿仔,贗品、仿冒品。仿製的東西。
,必然,確定不移。,,無一定,不一定、不確定。
,必然,確定不移。,,無定著,也許、說不定。
,必然,確定不移。,,無的確,說不定、不一定。
,正經,正派，謹守規矩。,,三八,傻氣、不正經。形容女性有點傻氣、粗野或言行舉止違悖常理、不正經。
,正經,正派，謹守規矩。,,三八氣,傻氣、不正經。形容女性有點傻氣、粗野或言行舉止違悖常理、不正經。
,正路,正當的途徑。引申為做好人，行好事。,,歹路,指不好的途徑、方向。
,正頓,正餐、三餐。定時所吃的早、中、晚三餐。,,四秀仔,零食、零嘴。
,正頓,正餐、三餐。定時所吃的早、中、晚三餐。,,點心,有別於正餐所吃的食物，如糕餅類、小吃等。
,民營化,為提升國家競爭力和事業經營效率，將國營事業轉變由民間出資經營。,,公家,屬於政府的、公眾的。
,幼麵麵,細嫩。,,粗耙耙,粗糙、不平滑的。
,生,東西還沒成熟。,,熟,指農作物或蔬果已經長成到可以收成的程度。
,生,沒有煮熟的。,,熟,食物加熱到可以吃的程度。
,田,可供耕作或作資源開發的土地。「田」裡有水，「田」是指「水田」，「園」是指「旱田」。,,園,指園地、旱地。
,白,顏色名。像雪或乳汁般素淨的顏色。,,烏,顏色名。指黑色。
,甘心,寧願、情願。自己願意，沒有半點勉強。,,毋甘願,不甘心、不甘願。
,甘心,寧願、情願。自己願意，沒有半點勉強。,,毋情願,不情不願。
,甘心,寧願、情願。自己願意，沒有半點勉強。,,毋願,不甘心。心裡不服氣，不情願。
,生份,陌生。沒見過的、不認識的或不熟悉的。,,熟似,熟識。素來認識。
,生份,陌生。沒見過的、不認識的或不熟悉的。,,有親,極重視親屬關係，常用於熱切邀請親友來做客的語境。
,生份人,陌生人。完全不認識的人。,,熟似人,熟人。認識、熟識的人。
,生存,活著、讓生命持續。,,死,生命結束，沒有生命跡象。
,生存,活著、讓生命持續。,,死亡,喪失生命。
,白肉,肥肉。,,赤肉,瘦肉、精肉。
,白肉,肥肉。,,精肉,瘦肉。
,白肉,肥肉。,,瘦肉,瘦肉、精肉。
,田佃,佃農、佃戶。租用別人的田地從事農業生產的農民。,,田僑仔,擁有許多田地，靠地價暴漲而致富的土財主。
,田佃,佃農、佃戶。租用別人的田地從事農業生產的農民。,,地主,土地所有權人。
,白汫無味,指食物味道淡，沒什麼滋味。,,厚味,形容東西的味道又濃又重。
,生狂,做事慌慌張張的樣子。,,小心,注意、留意。
,生狂,做事慌慌張張的樣子。,,細膩,做事小心謹慎。
,生狂,做事慌慌張張的樣子。,,謹慎,對自己的言行或外界事務格外小心仔細，以避免有不利或不幸的事情發生。
,白帖仔,訃聞。報告喪事的帖子。,,紅帖仔,喜帖。請人參加婚禮的請帖。
,生疏,陌生、不熟悉。,,熟似,熟識。素來認識。
,生疏,陌生、不熟悉。,,有親,極重視親屬關係，常用於熱切邀請親友來做客的語境。
,生番,清代對未歸化臺灣原住民的稱呼，與熟番、平埔族相對應。,,平埔番,平埔族原住民，共有十餘族。居住在平地的原住民，現在幾乎已經都被漢人同化了，只留少數的族群和漢人混居。「番」為早期之講法，因有歧視之義，應避免使用。
,生路,可逃生、活命的路徑或方法。,,死路,比喻死亡之路。
,生路,可逃生、活命的路徑或方法。,,絕路,死路，走不通的路。
,田僑仔,擁有許多田地，靠地價暴漲而致富的土財主。,,田佃,佃農、佃戶。租用別人的田地從事農業生產的農民。
,白蔥蔥,形容非常潔白。,,烏汁汁,又黑又髒。
,甘願,寧願、情願。自己願意，沒有半點勉強。,,毋甘願,不甘心、不甘願。
,甘願,寧願、情願。自己願意，沒有半點勉強。,,毋情願,不情不願。
,甘願,寧願、情願。自己願意，沒有半點勉強。,,毋願,不甘心。心裡不服氣，不情願。
,生鐵,生鐵、鑄鐵。含鐵的礦石，經鼓風爐冶鍊，所得到的粗鐵。含碳量較高，性質既硬且脆。可繼續鍛鍊，除去碳和雜質，來製造熟鐵或鋼等。,,熟鐵,鍛鐵。經過冶鍊以減少含碳量的鐵。
,白鑠鑠,白晃晃。形容很白的樣子。,,烏汁汁,又黑又髒。
,光,明亮、發亮的樣子。,,暗殕,灰暗無光的。
,先生,醫生。,,患者,病人。患有某種疾病的人。
,先生媽,巫婆。稱呼道教中從事各種儀式、代人祈禱、求鬼神賜福、解決問題的女性。,,司公,道士。民間一般分烏頭道士及紅頭道士。烏頭道士頭包烏網巾，戴道冠，穿道袍，腳穿普通鞋及朝鞋；而紅頭道士則頭包紅巾戴額帽，身穿普通衣，腰圍白裙，腳則赤足。一般紅頭道士是度生的，即為活人驅邪押煞、禳星補運；而烏頭道士除了度生外，也兼度死，為死人做功德超度亡魂。
,先生媽,巫婆。稱呼道教中從事各種儀式、代人祈禱、求鬼神賜福、解決問題的女性。,,道士,民間一般分烏頭道士及紅頭道士。烏頭道士頭包烏網巾，戴道冠，穿道袍，腳穿普通鞋及朝鞋；而紅頭道士則頭包紅巾戴額帽，身穿普通衣，腰圍白裙，腳則赤足。一般紅頭道士是度生的，即為活人驅邪押煞、禳星補運；而烏頭道士除了度生外，也兼度死，為死人做功德超度亡魂。
,交易,指生意興隆的樣子。,,軟市,市場交易不熱絡。
,光明,比喻希望。,,烏暗,黑暗、不明亮。
,光明,比喻希望。,,暗淡,不鮮豔、不明亮。
,先輩,前輩、先進。尊稱年齡或輩份較長的人。,,下輩,晚輩、後輩。子姪輩或是輩分較低的人。
,先輩,前輩、先進。尊稱年齡或輩份較長的人。,,後輩,晚輩。
,冰,涼冷的感覺。,,燒,溫度高。
,吉,美好的、善的。,,凶,不吉利的。
,回,謝絕、辭去。,,接受,接納，收受。
,回,謝絕、辭去。,,接納,接受。
,回,謝絕、辭去。,,答應,允許、承諾。
,吉日,好日子。,,歹日,凶日。在黃曆上有諸多禁忌的日子。
,吐目,突眼、鼓眼泡。眼球突出。這種外觀特徵除了天生遺傳以外，大多是甲狀腺亢進或腦部、眼部病變引起。,,深目,形容眼窩很深。
,同姒仔,妯娌。稱謂。兄弟的妻子彼此互稱。,,大細腎,連襟。稱謂。姊妹的丈夫彼此互稱。
,合法,合於法令規範。,,非法,與現行法令相違背的。
,合股,合夥。幾個人集合資本共同經營事業。,,拆股,拆夥。結束合作關係，取回應有的資產、股份。
,合股,合夥。幾個人集合資本共同經營事業。,,退股,公司的股東退出股分。
,向前,往前、向著前方。,,倒退,倒退。往後退。
,向前,往前、向著前方。,,退後,後退。向後移動。
,在室女,處女、閨女。未出嫁的女子。,,在室男,處男。尚未結婚的男性。
,向時,從前、昔日。為「彼當時」(hit-tang-sî)的合音。,,以後,日後、以後、爾後 。指晚於某一段時間之後的時間。
,向時,從前、昔日。為「彼當時」(hit-tang-sî)的合音。,,未來,將來。相對於現在、過去來說。
,向時,從前、昔日。為「彼當時」(hit-tang-sî)的合音。,,將來,未來。尚未到的時候。
,向時,從前、昔日。為「彼當時」(hit-tang-sî)的合音。,,後日仔,日後、以後、將來。未來的日子。
,向望,盼望、希望。,,失望,希望落空，心裡難過。
,同意,贊成、認可。,,反對,不贊成。
,印鑑,為防假冒，登存於有關機關，以備核對鑑證的圖章印樣，多用於房屋及土地等不動產之登錄及變更。,,𨑨迌印仔,一般的印章。不是做為證明、有法律效用的印鑑。
,地,人類萬物棲息生長的場所。,,天,地球周圍，日月星辰羅列的空間，宗教上是指神靈居住的世界。
,地,人類萬物棲息生長的場所。,,天,地球周圍，日月星辰羅列的空間，宗教上是指神靈居住的世界。
,好,美、善、佳等與「壞」相對的正面形容。,,歹,壞。惡的、不好的。
,好,美、善、佳等與「壞」相對的正面形容。,,歹星,惡、壞。
,好天,好天氣。晴朗、氣溫宜人，令人覺得舒爽。,,歹天,惡劣的天氣。
,好天,好天氣。晴朗、氣溫宜人，令人覺得舒爽。,,雨來天,雨天、下雨天。
,好天,好天氣。晴朗、氣溫宜人，令人覺得舒爽。,,捙桶倒,大雨傾盆而下。
,好心,善心、善意。,,歹心,壞心。形容人居心不良或心腸惡毒。
,地主,土地所有權人。,,田佃,佃農、佃戶。租用別人的田地從事農業生產的農民。
,好囝,潔身自愛，積極進取的孩子。,,歹囝,不良少年、浪蕩子。
,好囝,潔身自愛，積極進取的孩子。,,毋成囝,不良少年、小混混。
,好囝,潔身自愛，積極進取的孩子。,,𨑨迌囡仔,小混混、不良少年。
,好囝,潔身自愛，積極進取的孩子。,,毋成囡仔,不良少年、小混混。
,存在,持續占據時間或空間，沒有滅亡的現象。,,死亡,喪失生命。
,存在,持續占據時間或空間，沒有滅亡的現象。,,消失,指事物逐漸減少以至完全沒有。
,好年冬,豐年。指農作物豐收的年頭。,,歹年冬,荒年、歉歲。農作物收成不好的年頭。
,好死,壽終正寢。形容人享盡天年，在家中自然死亡。,,歹死,臨終時遭受痛苦。
,年尾,年終、歲未。,,年頭,一年的開始。
,年尾,年終、歲未。,,春節,過年、新年。
,好育飼,指孩子健康，很好養育。,,歹育飼,不容易扶養，指小孩子身體不好、多病。
,年底,年尾、年終。一年的最後期間。,,年頭,一年的開始。
,好性地,脾氣好、不隨便動怒。,,歹性地,性情不好，容易發脾氣。
,好空,好機會、好事情。,,歹空,無利可圖、不好的事。
,好空,好機會、好事情。,,䆀空,見【歹空】pháinn-khang 條。
,好看,看起來舒適、美觀。,,歹看,難看的、醜陋的。
,好笑神,形容人神態愉悅，經常面帶笑容。,,烏昏,面色陰沉。通常用來形容人不苟言笑，嚴肅而不易親近。
,年兜,年尾、年跟腳。指年終歲暮將近過年的那幾天。,,年頭,一年的開始。
,好彩頭,好預兆。,,歹吉兆,凶兆。壞的預兆。
,多情,富於情感。,,無情,薄情。形容不講人情、不留情面的樣子。
,好喙,嘴巴甜。,,歹喙,常說不得體、負面的話。
,好喙斗,形容不挑食，什麼都吃。,,歹喙斗,挑嘴。形容人對食物很挑剔。
,好款,本義為脾氣好、教養好，現今常用在反諷，意思和「歹款」(pháinn-khuán)相同。,,歹款,壞習慣。不懂禮教，多指吃東西的習慣或行為不好。
,好款,本義為脾氣好、教養好，現今常用在反諷，意思和「歹款」(pháinn-khuán)相同。,,毋是款,不像話。不懂禮教，多指吃東西的習慣或行為不好。
,好量,指人有雅量，氣度寬大。,,無量,小氣。沒有度量，吝嗇，不大方。
,好勢,舒服、舒適。,,袂拄好,不正常、不舒服。指偏離正常出問題。
,好勢,好意思，常用在反詰的語氣。,,歹勢,不好意思、對不起、抱歉。
,好意,美意、善意。,,歹意,惡意。
,好話,讚美、好聽的話。,,歹話,壞話。毀謗或攻訐他人的言論。
,好話,吉祥話。,,歹話,詛咒。不祥的言語、詛咒人家的言語。
,庄跤,鄉下。,,城市,都市。人口集中，工商業發達，居民多為外來人口，通常是周圍地區的經濟、政治、文化及流行中心。
,庄跤,鄉下。,,都市,人口密度較高、工商交通發達的地區。
,好運,運氣好。,,歹運,背運、倒楣。運氣不好。
,好運,運氣好。,,落衰,走背運、走霉運。
,地獄,宗教上所指人死後亡靈受審判和處罰的地方。引申為充滿黑暗、痛苦的環境。,,天堂,信仰宗教者以為人死後居住的快樂世界。
,好價,好價格。,,歹價,賤價。價錢不好。就賣方的立場來說。
,好價,好價格。,,無價,價錢不符預期、沒有利潤，多用在動詞之後做為補語。
,安靜,平靜無聲。,,鬧熱滾滾,場面非常熱鬧、人聲鼎沸的樣子。
,年頭,一年的開始。,,冬尾,殘冬。見【年尾】nî-bué 條。
,年頭,一年的開始。,,年尾,年終、歲未。
,年頭,一年的開始。,,年底,年尾、年終。一年的最後期間。
,年頭,一年的開始。,,年兜,年尾、年跟腳。指年終歲暮將近過年的那幾天。
,好額,富裕、富有。,,散凶,貧窮、窮困。缺乏錢財，生活拮据困乏。
,好額,富裕、富有。,,散赤,貧窮、窮困。缺乏錢財，生活拮据困乏。
,好額,富裕、富有。,,散食,貧窮。缺乏錢財，生活拮据困乏。
,好額人,有錢人。錢財充裕、生活富足的人。,,歹命人,命運坎坷的人。
,好額人,有錢人。錢財充裕、生活富足的人。,,散凶人,窮人。貧苦的人。
,好額人,有錢人。錢財充裕、生活富足的人。,,散食人,窮人。指收入所得比一般水準來得低的人。又作「散赤人」(sàn-tshiah-lâng)。
,好額人,有錢人。錢財充裕、生活富足的人。,,艱苦人,窮人。
,成,成為。,,毋成,不成、算不上。
,早,不晚、不遲。,,晏,晚、遲。
,有,表事實或狀況的正面存在，與「無」(bû)相對。,,無,沒有。
,死,生命結束，沒有生命跡象。,,生存,活著、讓生命持續。
,有人緣,人緣好。和大家相處融洽、關係良好。,,無人緣,沒有人緣，不討人喜歡。
,死亡,喪失生命。,,生存,活著、讓生命持續。
,死亡,喪失生命。,,存在,持續占據時間或空間，沒有滅亡的現象。
,死亡,喪失生命。,,活,生存。
,成功,指事情有所成就，或達到目標。,,失敗,指事情沒有成功。
,早冬,臺灣的稻作一年兩收，「早冬」即第一期的稻作。,,晚冬,二期稻作。
,有孝,孝順。侍奉父母尊長，克盡人子孝道。,,不孝,對長輩不孝順。
,有孝,孝順。侍奉父母尊長，克盡人子孝道。,,忤逆,不孝。不順從父母或長輩。
,有底,心裡對某件事情非常熟悉而且有把握。,,無底,心裡對某件事情沒有把握。
,有底,指有基礎或者有祖產等。,,無底,指家世背景、財富地位或學識技能缺乏根柢。亦即本質實力基礎薄弱。
,有底,牢靠。,,無底,沒有實際作用、不牢靠。
,死忠,形容人很忠心，至死不變。,,背骨,生性容易反叛的。
,死板,古板、刻板。僵化不知變通。,,活潑,生動而不呆板。
,死板,古板、刻板。僵化不知變通。,,健丟,伶俐、靈活。形容小孩子天真活潑、動作俐落。
,死板,古板、刻板。僵化不知變通。,,變撚,懂得變通，找到新方法解決問題。
,早前,早先、以前。,,後日仔,日後、以後、將來。未來的日子。
,有要緊,對事情嚴重程度的一種慣用說法。,,無所謂,不要緊、沒關係。
,有要緊,對事情嚴重程度的一種慣用說法。,,無要緊,不要緊、沒關係。
,有時仔,有時候、偶爾。,,不三時,時常、常常。
,有時有陣,定時、有時間性。,,無時無陣,不定時。無固定的時間。
,有時陣,有時候、偶爾。,,不三時,時常、常常。
,有神,形容有神采、精神飽滿。,,無神,無精打采、沒精神。
,有神,形容有神采、精神飽滿。,,踅神,神情恍惚的樣子。
,早起,早上、早晨。,,下午,中午過後的時間，指中午十二點到黃昏前的一段時間。
,早起,早上、早晨。,,下晡,下午。
,有夠,足夠。,,無夠,不夠、不到，表示程度上的不足。
,有通,行得通、可行的。,,無通,不可行、不妥切。
,有款,仗著受人寵溺而故意撒嬌、耍派頭。,,毋是款,不像話。不懂禮教，多指吃東西的習慣或行為不好。
,死結,無法一拉就解開的繩結。,,活結,一拉就開的繩結。
,有量,寬宏大量。指一個人的度量十分寬大。,,無量,小氣。沒有度量，吝嗇，不大方。
,有閒,有空。有空閒、餘暇。,,無閒,沒空、忙碌。
,有閒,有空。有空閒、餘暇。,,無閒𩑾𩑾,忙得不可開交、忙碌不堪、非常忙碌。
,有閒,有空。有空閒、餘暇。,,無時閒,忙碌。一刻都閒不下來，指人很忙碌，無一刻停歇。
,死會,由會員共同組成的儲蓄會，定期集會，繳納會款，每次輪願意付出最高利息的人標得該期會款。可分為內標與外標兩種形式。其中已經得標的會員稱為「死會」。,,活會,由會員共同組成的儲蓄會，定期集會，繳納會款，每次輪由付出最高利息的人取得該期儲金。可分為內標與外標兩種形式。其中稱尚未標下的為「活會」。
,死會,指已結婚、訂婚或有固定男女朋友的人。,,活會,指男女未婚。
,有歲,上了年紀。,,少歲,年輕。
,有當時仔,偶爾、有時候。,,不三時,時常、常常。
,死窟仔水,死水。停聚而不能流通的水。,,活水,有源頭、會流動的水。
,死路,比喻死亡之路。,,生路,可逃生、活命的路徑或方法。
,死路,比喻死亡之路。,,活路,生路。
,有路用,有用處、有益處。,,不中用,東西不合用、不好使用。
,有路用,有用處、有益處。,,無事使,喻沒有用、不中用。
,有路用,有用處、有益處。,,半病仔,喻指不中用、無能的人。
,死趖,動作遲鈍不活潑，做事情慢吞吞。,,跳踢,活躍、活潑、起興。
,有影,真實不虛的。,,無影,不真實的，沒有的事。
,收盤,證券交易所或各行業公會結束交易。,,開盤,股票或金融市場開始買賣運作。
,死諍,強辯。沒理硬要說成有理。,,雞喙變鴨喙,尖利的雞嘴變成扁平的鴨嘴。喻一個人起初能言善辯，後因證據出現自知理虧，變得啞口無言。
,死錢,藏在身旁不加以運用的錢財。,,活錢,能被拿來使用的款項。相對於「死錢」(sí-tsînn)而言。
,有錢人,富有的人。,,歹命人,命運坎坷的人。
,有錢人,富有的人。,,散凶人,窮人。貧苦的人。
,有錢人,富有的人。,,散食人,窮人。指收入所得比一般水準來得低的人。又作「散赤人」(sàn-tshiah-lâng)。
,有錢人,富有的人。,,艱苦人,窮人。
,老,熟練、經驗豐富。,,幼茈,資淺。經驗不足、資歷淺的。
,老,年紀大。,,幼茈,年幼、稚嫩。年紀幼小。
,老大,江湖幫會或團體中的首領。,,小使,小弟、跑腿的。供人差遣的人。
,老大,江湖幫會或團體中的首領。,,卒仔,指小人物、無足輕重的人。
,老大人,老人家。高齡的長者。,,少年人,年輕人。
,老公仔,老人、老翁。,,少年人,年輕人。
,至少,最少、最低限度。,,上加,最多、頂多。
,至少,最少、最低限度。,,上濟,至多、頂多。指在最壞的情況下。
,至少,最少、最低限度。,,極加,最多、頂多。用來說明數量上、程度上等頂多如何。
,老板,舊稱商店主人，現在泛指工商企業、公司行號的產權所有人。,,辛勞,雇員、伙計。
,自然,天然，沒有經過人為加工的。,,人造,由人工製造而成的。
,老歲仔,指稱年長者的說法，通常帶有輕蔑的意味。,,少年人,年輕人。
,老練,形容做事手法好，經驗豐富。,,幼茈,資淺。經驗不足、資歷淺的。
,自頭,從頭。自起初開始。,,尾後,末了、後面、後頭。指時間、空間上的順序較現在這個地方還要來得晚、來得後面的。
,自頭,從頭。自起初開始。,,煞尾,末尾、最後。
,自頭,從頭。自起初開始。,,落尾,後來、最後。
,肉雞仔,肉雞。專門供作食用的雞。,,土雞仔,土雞。不是人工圈養吃飼料的雞。
,西,方位名。與「東」(tang)相對。西為太陽落下的方向。,,東,方位名，與「西」相對。
,西,方位名。與「東」(tong)相對。西為太陽落下的方向。,,東,方位名，與「西」相對。
,西爿,方位名。西邊、西方。,,東爿,東邊。
,西醫,採用西洋醫術的醫生或醫療方法。,,中醫,中國傳統的醫學。
,西醫,採用西洋醫術的醫生或醫療方法。,,漢醫,中醫。
,西藥,西醫所用的藥品，通常多為合成方法製成。,,漢藥,中藥。中醫所用的藥物。
,西藥房,販賣西洋藥物的商店。,,漢藥店,中藥鋪。中醫診治疾病和販賣中藥材的地方。
,冷,寒、涼、溫度低。,,熱,因為大氣溫度高於人體體溫而產生的感覺。
,冷吱吱,冷冰冰。形容非常冷。,,燒滾滾,熱騰騰。
,冷吱吱,冷冰冰。形容非常冷。,,燒烘烘,溫度很高、很悶熱，或由於炎症、發燒造成的身體熱度很高。
,冷吱吱,冷冰冰。形容非常冷。,,燒唿唿,熱呼呼、熱騰騰。
,冷吱吱,冷冰冰。形容非常冷。,,燒燙燙,溫度很高會燙人。
,伴娶,伴郎。指婚禮中陪伴新郎迎娶的男子。,,伴嫁,伴娘、陪嫁。陪伴新娘行婚禮的女子。
,伴嫁,伴娘、陪嫁。陪伴新娘行婚禮的女子。,,伴娶,伴郎。指婚禮中陪伴新郎迎娶的男子。
,免數想,休想、甭想。,,數想,妄想。荒誕或非份的想法。
,冷靜,沉著、理智，不感情用事。,,衝動,不加思索、感情用事。
,利,形容器物或五官的能力很尖銳。,,鈍,刀不利。
,吵,形容聲音雜亂的樣子。,,靜,不動、無聲。
,君子,才德出眾、品格高尚的人。,,小人,品德操守低下，人格卑劣的人。
,利益,好處。,,歹空,無利可圖、不好的事。
,利益,好處。,,䆀空,見【歹空】pháinn-khang 條。
,別款,別的樣式。,,仝款,同樣、相像。一樣，沒有差別。
,尾手,最後，手中剩下的。,,頭仔,最初。最早的時期、剛開始的時候。
,尾手,最後，手中剩下的。,,頭前,前面、前方。指空間、次序上比較先的。
,尾手,最後，手中剩下的。,,頭起先,起初、剛開始。
,尾手,最後，手中剩下的。,,起基,當初。
,尾牙,每逢初二、十六祭拜土地公稱做「做牙」﹔農曆十二月十六日為一年當中最後一次做牙，稱為「尾牙」。商家與公司行號通常會在這一天聚餐以犒賞員工。,,頭牙,土地公生日。漢族傳統民俗節日之一。農曆二月初二。這天是土地公生日，也是農曆年後第一次祭祀土地公，所以該次的祭祀土地公稱做「頭牙」。
,尾仔,最後、後來。也讀為輕聲bué--á/bé--á。,,原本,本來、原先。
,尾仔,最後、後來。也讀為輕聲bué--á/bé--á。,,頭仔,最初。最早的時期、剛開始的時候。
,尾仔囝,么兒。排行最小的兒子。,,大囝,長子、大兒子。稱謂。對長子的稱呼。
,尾仔囝,么兒。排行最小的兒子。,,大漢囝,長子、長男。
,孝呆,愚蠢、痴呆。,,聰明,聰敏、聰穎。形容人智力發達，記憶與理解力強。
,尾後,末了、後面、後頭。指時間、空間上的順序較現在這個地方還要來得晚、來得後面的。,,自頭,從頭。自起初開始。
,尾後,末了、後面、後頭。指時間、空間上的順序較現在這個地方還要來得晚、來得後面的。,,起頭,起初、開頭。
,尾後,末了、後面、後頭。指時間、空間上的順序較現在這個地方還要來得晚、來得後面的。,,頭先,起初、起先。在時間或事情流程上比較早的。
,尾後,末了、後面、後頭。指時間、空間上的順序較現在這個地方還要來得晚、來得後面的。,,頭前,前面、前方。指空間、次序上比較先的。
,尾後,末了、後面、後頭。指時間、空間上的順序較現在這個地方還要來得晚、來得後面的。,,頭起先,起初、剛開始。
,尾後,末了、後面、後頭。指時間、空間上的順序較現在這個地方還要來得晚、來得後面的。,,起基,當初。
,希望,期望、寄望。,,失望,希望落空，心裡難過。
,尾幫車,末班車。當天開出的最後一班車。,,頭幫車,首班車。當天開出的第一班車。
,序大,長輩。指輩份高，年紀大的人。,,下輩,晚輩、後輩。子姪輩或是輩分較低的人。
,序大,長輩。指輩份高，年紀大的人。,,序細,晚輩、後輩。
,序大,長輩。指輩份高，年紀大的人。,,後輩,晚輩。
,快車,加快行駛速度或是減少停靠站以節省行車時程的火車或公共汽車。,,慢車,速度比較慢或停站次數較多的火車。
,扴味,因為摻合不同食材，造成味道彼此不相合。,,合味,對味。形容食物的味道搭配得恰到好處，合於飲食者喜好。
,扴味,因為摻合不同食材，造成味道彼此不相合。,,合味,合於飲食者所習慣或喜歡的味道。
,扴味,因為摻合不同食材，造成味道彼此不相合。,,著味,形容口味對味，有好滋味。
,快活,愉快、舒服。,,辛苦,辛勞。形容身心勞累。
,快活,愉快、舒服。,,艱苦,難過、生病不舒服。
,快活,愉快、舒服。,,欲死,表示對某事嫌惡不滿。
,快活,形容生活寬裕的。,,歹過,生活困苦、不易度過。
,忤逆,不孝。不順從父母或長輩。,,有孝,孝順。侍奉父母尊長，克盡人子孝道。
,扭掠,形容手腳快、動作敏捷。,,鈍,笨拙緩慢。
,扭掠,形容手腳快、動作敏捷。,,懶性,懶散。拖拖拉拉的性情，做事不積極。
,扭掠,形容手腳快、動作敏捷。,,笨跤笨手,笨手笨腳。
,扭掠,形容手腳快、動作敏捷。,,趖跤趖手,形容動作慢吞吞，拖拖拉拉，反應遲鈍。
,扭掠,形容手腳快、動作敏捷。,,慢手,慢吞吞、動作遲緩。
,扭掠,形容手腳快、動作敏捷。,,慢鈍,遲鈍、慢吞吞。
,扭掠,形容手腳快、動作敏捷。,,粗跤重蹄,笨手笨腳。
,扭掠,形容手腳快、動作敏捷。,,鈍跤鈍手,笨手笨腳。形容動作或手腳不靈活。
,序細,晚輩、後輩。,,序大,長輩。指輩份高，年紀大的人。
,序細,晚輩、後輩。,,長輩,輩分高、年紀長的人。
,序細,晚輩、後輩。,,尊長,長輩。
,抗議,用抗爭的方式對別人的行為或一個被決定的措施提出反對的意見。,,支持,協助、贊同。
,抗議,用抗爭的方式對別人的行為或一個被決定的措施提出反對的意見。,,贊成,同意。
,汫,味道淡、不鹹。,,鹹,含鹽分或鹽味的。
,汫,味道淡、不鹹。,,厚味,形容東西的味道又濃又重。
,沉,往下落入水中。,,浮,漂在水面上或半空中。
,沉重,形容病勢嚴重或壓力、負擔很大。,,輕鬆,形容精神或生理上的感受既舒緩又沒有壓力。
,沙屑,形容人囉嗦，不乾脆。,,規氣,乾脆。做事直接乾脆，不拖泥帶水。
,束縛,拘束、被限制。,,敨放,解放。解除束縛，使自由發展。
,男,指男性。與女相對。,,女,女性、女子。
,男子,男人。,,女,女性、女子。
,私立,不是政府設立，由財團法人或私人創辦的。,,國立,隸屬中央層級，由國家公費所設立的各式機構的銜稱。
,私事,個人的事。,,公事,公眾的事務。
,罕得,稀罕、難得、稀少。語氣完結時唸作hán--tit。,,定定,常常、經常。
,罕得,稀罕、難得、稀少。語氣完結時唸作hán--tit。,,不三時,時常、常常。
,赤肉,瘦肉、精肉。,,白肉,肥肉。
,赤肉,瘦肉、精肉。,,肥肉,多脂肪質的肉類。
,辛苦,辛勞。形容身心勞累。,,快活,愉快、舒服。
,辛苦,辛勞。形容身心勞累。,,輕鬆,形容精神或生理上的感受既舒緩又沒有壓力。
,辛勞,雇員、伙計。,,老板,舊稱商店主人，現在泛指工商企業、公司行號的產權所有人。
,走精,失去準度、走樣。,,對千,瞄準。
,乖,形容懂事、順從。,,挐頭,小孩子無理取鬧的樣子。
,乖巧,形容人聰明伶俐，討人喜歡。,,挐頭,小孩子無理取鬧的樣子。
,享受,享有受用。,,受苦,吃苦、受難。遭受痛苦、困難或遭受磨難。
,享受,享有受用。,,食苦,吃苦。
,事後,事務已成定局之後，或事情發生之後。,,代先,事先、預先。
,侗戇,笨蛋。愚蠢、呆笨的人。,,聰明,聰敏、聰穎。形容人智力發達，記憶與理解力強。
,到今,及今、如今、至今。到如今。,,當初時,當初、那時候。
,卒仔,指小人物、無足輕重的人。,,老大,江湖幫會或團體中的首領。
,制服,統一規定式樣的服裝。,,便服,便衣。平常穿的衣服。
,制服,統一規定式樣的服裝。,,便衫,便服。平常居家在穿的衣服。
,受苦,吃苦、受難。遭受痛苦、困難或遭受磨難。,,享受,享有受用。
,卸貨底,出清存貨。,,貿貨底,把貨商賣剩的存貨用低價全部買下來。
,坦直,使成直向。,,坦橫,指物體打橫的狀態。
,坦直,使成直向。,,坦斜,斜著。
,呵咾,讚美、表揚。,,責備,批評指責。
,呵咾,讚美、表揚。,,罵,向別人說粗話、重話以示侮辱或責備。
,呵咾,讚美、表揚。,,罵,向別人說粗話、重話以示侮辱或責備。
,呵咾,讚美、表揚。,,譴責,責備。
,呵咾,讚美、表揚。,,體剔,責備、責罵。
,坦倒,放倒、躺倒。,,坦徛,直立。
,固執,形容堅持自己的意見，不肯變通。,,變撚,懂得變通，找到新方法解決問題。
,周密,周全。周全細密，考慮完備。,,疏忽,做事粗心大意，不周密。
,坦徛,直立。,,坦倒,放倒、躺倒。
,坦橫,指物體打橫的狀態。,,坦直,使成直向。
,坦覆,趴著、俯臥。,,坦笑,面朝上。
,奇,單數。,,雙,偶數的。
,妻,稱謂。男子稱自己的正式配偶。,,夫,婚後女子對男子的稱謂。
,垃圾,骯髒。汙穢，不乾淨。,,清氣,乾淨、清潔。
,定定,常常、經常。,,罕得,稀罕、難得、稀少。語氣完結時唸作hán--tit。
,定定,常常、經常。,,一半擺仔,偶爾、一兩次。
,定金,訂金。訂購物品時所預付的部分金額。,,後謝,尾款。受託人完成任務後，委託人支付的酬勞、尾款。
,店面,可直接與來往行人進行交易的商鋪。,,徛家厝,民宅、住家。
,定著,一定。,,無定,說不定。
,定著,穩重。,,趕狂,急忙、倉皇、慌慌張張。
,幸運,好運氣。,,歹運,背運、倒楣。運氣不好。
,定銀,訂金。訂購物品時所預付的部分金額。,,後謝,尾款。受託人完成任務後，委託人支付的酬勞、尾款。
,孤獨,孤僻、寡合。指人的性情乖異，不喜歡與人交際、親近。,,慷交,慷慨好客，交遊廣闊。
,彼,那個。指稱較遠距離的東西。,,這,指代稱較近距離的單數物品。
,彼,那。指稱較遠的人、事、物、時間或地方，後接量詞或名詞。,,這,指代稱較近的單數人、事、物、時間或地方，後接量詞或名詞。
,彼个,那個。,,這號,這一個、這種。
,往日,過去、以往。過去的日子。,,以後,日後、以後、爾後 。指晚於某一段時間之後的時間。
,往日,過去、以往。過去的日子。,,未來,將來。相對於現在、過去來說。
,往日,過去、以往。過去的日子。,,將來,未來。尚未到的時候。
,往年,過去、從前。過去的年歲。,,以後,日後、以後、爾後 。指晚於某一段時間之後的時間。
,往年,過去、從前。過去的年歲。,,未來,將來。相對於現在、過去來說。
,往年,過去、從前。過去的年歲。,,將來,未來。尚未到的時候。
,忠厚,老實。形容人的品性忠實寬厚。,,滑溜,圓滑。做事或言談面面周到，不得罪人。
,往時,從前、過去。,,後日仔,日後、以後、將來。未來的日子。
,彼站,那陣子、那個時候。離現在比較遠的一段時間。,,這站,這陣子、現在。說話當時的前後一段時間或一個節點。
,彼站,那陣子、那個時候。離現在比較遠的一段時間。,,這陣,現在。當下這個時刻。
,彼陣,那時、那陣子。,,這陣,現在。當下這個時刻。
,彼款,那樣。,,這號,這一個、這種。
,彼搭,彼處、那裡。離說話者比較遠的地方。,,這搭,這裡。
,彼號,那種。,,這號,這一個、這種。
,往過,以往、以前。,,以後,日後、以後、爾後 。指晚於某一段時間之後的時間。
,往過,以往、以前。,,未來,將來。相對於現在、過去來說。
,往過,以往、以前。,,後擺,下次、下回。
,往過,以往、以前。,,將來,未來。尚未到的時候。
,往過,以往、以前。,,後日仔,日後、以後、將來。未來的日子。
,彼擺,那次。,,這陣,現在。當下這個時刻。
,彼擺,那次。,,這過,這次。
,往擺,以前、早先。,,後日仔,日後、以後、將來。未來的日子。
,旺,植物生長茂盛。,,焦蔫,植物因缺少水分或營養而枯萎。
,旺,植物生長茂盛。,,枯焦,枯乾。
,拄好,恰巧、剛好。,,毋拄好,搞不好、不湊巧。
,拚血,血崩。生產或流產時引發大出血。,,堅血,血液凝固。傷口不再流血。
,抵抗,抗拒、反抗。,,壓落底,壓制使順從、壓制使屈服。
,拖沙,形容人做事拖泥帶水、不乾脆。,,緊跤,腳勤。
,拘束,拘謹、不活潑。,,靠俗,不拘禮節、不拘小節。比喻人的交情熟稔而不拘守無關大體的細節。
,承受,接受、承擔。,,拒絕,拒退斷絕，不接受。
,承受,接受、承擔。,,謝絕,委婉地推辭拒絕。
,放放,散漫、馬虎。草率不認真。,,致心,盡心盡力、專心致志。
,抱的,養子女。抱養的子女，不是親生的子女。,,親生,親自生育的。
,拆股,拆夥。結束合作關係，取回應有的資產、股份。,,合股,合夥。幾個人集合資本共同經營事業。
,拆股,拆夥。結束合作關係，取回應有的資產、股份。,,鬥股,合股。若干人集合資本共同經營事業。
,拆股,拆夥。結束合作關係，取回應有的資產、股份。,,佮股,合夥。幾個人集合資本共同經營事業。
,押後,殿後，在最後面。,,代先,最前頭。
,押後,殿後，在最後面。,,做前,領頭、帶領。
,抾拾,節省、節儉。,,拍損,浪費、蹧蹋。
,拍某菜,茼蒿。植物名。菊科茼蒿屬，一年生草本。高至70公分，葉互生，邊緣有不規則羽狀分裂。頭狀花序，花黃色或白色。嫩莖及葉可食，為臺灣地區冬季盛產蔬菜之一。一般常用來搭配火鍋或鹹湯圓，由於莖葉的水分多，煮過後會大量失水，只剩一點點，會讓丈夫誤以為被妻子吃掉，所以舊時又稱之為「拍某菜」。,,疼某菜,牛蒡。草本植物。根及嫩葉可食，種子、根還可用做藥物，能降火解毒。因有滋陰補陽的功效，丈夫可多買給妻子吃，為妻子補身，且自己食用，也有助於房事，所以稱為「疼某菜」。
,拖累,連累、牽累。,,牽抾,受他人協助，導致某種好的結果。
,抽稅,徵稅、課稅。徵收稅金。,,納稅,繳納稅賦。
,拒絕,拒退斷絕，不接受。,,承受,接受、承擔。
,拒絕,拒退斷絕，不接受。,,承擔,承受、擔負。
,拒絕,拒退斷絕，不接受。,,接受,接納，收受。
,拒絕,拒退斷絕，不接受。,,接納,接受。
,拒絕,拒退斷絕，不接受。,,答應,允許、承諾。
,拒絕,拒退斷絕，不接受。,,領受,接受。收受、接納。
,放債,遺留債務。,,還數,還債。償還所積欠的債款。
,拍損,浪費、蹧蹋。,,抾拾,節省、節儉。
,拍損,浪費、蹧蹋。,,惜略,惜物，珍惜東西。
,承擔,承受、擔負。,,拒絕,拒退斷絕，不接受。
,承擔,承受、擔負。,,謝絕,委婉地推辭拒絕。
,拍翸,揮霍。,,惜略,惜物，珍惜東西。
,東,方位名，與「西」相對。,,西,方位名。與「東」(tang)相對。西為太陽落下的方向。
,東,方位名，與「西」相對。,,西,方位名。與「東」(tong)相對。西為太陽落下的方向。
,東爿,東邊。,,西爿,方位名。西邊、西方。
,東倒西歪,形容亂七八糟的樣子。,,四正,四方端正、不偏不倚。
,東倒西歪,形容亂七八糟的樣子。,,整齊,有次序、有條理。
,武市,從事外送、大宗買賣，主動開發客源的商行。,,文市,零售商行。
,沓沓仔,慢慢地。,,趕緊,加快動作的速度。
,沓沓仔,慢慢地。,,趕緊,急迫、匆忙。
,注意,小心、留意。,,無細膩,不小心。
,知,明白、了解。,,毋知,不知、不知道。
,知,明白、了解。,,毋知影,不知、不知道。
,直直,很直，沒有轉彎。,,虯虯,蜷曲。通常用來形容毛髮。
,空殼,空心不實的。,,實腹,內部紮實不空心的。
,知影,知道、懂得。,,毋知,不知、不知道。
,知影,知道、懂得。,,毋知影,不知、不知道。
,的確,一定。,,無的確,說不定、不一定。
,芳,香氣令人愉悅的。,,臭,形容味道難聞。
,肥肉,多脂肪質的肉類。,,赤肉,瘦肉、精肉。
,肥肉,多脂肪質的肉類。,,精肉,瘦肉。
,肥肉,多脂肪質的肉類。,,瘦肉,瘦肉、精肉。
,花巴哩貓,形容圖案樣式或顏色雜亂無章的樣子。,,素色,白色、素色、淡雅的顏色。
,近,指時間、地點、血統、關係等方面距離不遠的。,,遠,時間、空間的距離大，或是血統、交情等關係不近。
,近,指時間、地點、血統、關係等方面距離不遠的。,,遠,時間、空間的距離大，或是血統、交情等關係不近。
,長,形容時間的久遠。,,短,事物之間的距離小，與長相對。
,長,形容物體或空間兩端的距離較大、較遠。,,短,事物之間的距離小，與長相對。
,長,形容物體或空間兩端的距離較大、較遠。,,短,引申為不夠、少、小、缺失等。
,長䘼,長袖。,,短䘼,短袖。長度不超過上臂的袖子。
,雨來天,雨天、下雨天。,,好天,好天氣。晴朗、氣溫宜人，令人覺得舒爽。
,雨來天,雨天、下雨天。,,大晡日,出大太陽的好天氣。
,長命,長壽、高壽。,,夭壽,夭折。短命早死。
,長命,長壽、高壽。,,短命,以詛咒人壽命不長、早死來罵人。
,長命,長壽、高壽。,,短歲壽,短命。壽命不長、早夭。
,虯虯,蜷曲。通常用來形容毛髮。,,直直,很直，沒有轉彎。
,金金,睜大眼睛。,,微微,瞇眼。眼睛微微閉合。
,阿婆,老婦。對年長婦人的通稱。,,少女,年輕未婚的女孩子。
,長途,遙遠的路程。,,短站,短程。
,長歲壽,長壽、長命、高壽。,,夭壽,夭折。短命早死。
,長歲壽,長壽、長命、高壽。,,短命,以詛咒人壽命不長、早死來罵人。
,長歲壽,長壽、長命、高壽。,,短歲壽,短命。壽命不長、早夭。
,長壽,長命、高壽。壽命很長。,,夭壽,夭折。短命早死。
,長壽,長命、高壽。壽命很長。,,短命,以詛咒人壽命不長、早死來罵人。
,長壽,長命、高壽。壽命很長。,,短歲壽,短命。壽命不長、早夭。
,虯儉,節儉、節約、儉省。,,匪類,指人任意蹧蹋物資，不加節制。
,虯儉,節儉、節約、儉省。,,浪費,沒有節制、無益的耗費。
,虯儉,節儉、節約、儉省。,,討債,浪費、蹧蹋。沒有節制、無益的耗費。
,長輩,輩分高、年紀長的人。,,下輩,晚輩、後輩。子姪輩或是輩分較低的人。
,長輩,輩分高、年紀長的人。,,序細,晚輩、後輩。
,近親,血緣較近的親屬。,,遠親,血統關係較為疏遠的親戚。
,非法,與現行法令相違背的。,,合法,合於法令規範。
,便宜,價格低廉。,,貴,東西價錢很高。
,便服,便衣。平常穿的衣服。,,制服,統一規定式樣的服裝。
,便衫,便服。平常居家在穿的衣服。,,制服,統一規定式樣的服裝。
,俗,便宜。,,貴,東西價錢很高。
,俗,便宜。,,貴參參,非常昂貴的。
,俗,便宜。,,無價,無價、珍貴、價值連城。
,前,位置在正面或靠近開頭的。,,後,在背面的。
,前,時間或次序較早的。,,後,指時間次序上比較晚的。
,前,位置在正面或靠近開頭的。,,後,在背面的。
,前,時間或次序較早的。,,後,指時間次序上比較晚的。
,勇,健康、強壯。,,荏,形容人的身體虛弱，沒有元氣。
,勇,健康、強壯。,,虛荏,身體虛弱。
,勇,物品堅固耐用。,,荏,形容某事物的質地不夠紮實、堅固。
,南,方位名。早晨面朝太陽時，右手的一邊。與「北」相對。,,北,方位名。與「南」相對。
,前日,前幾天。,,後日仔,日後、以後、將來。未來的日子。
,南爿,南邊。南方。,,北爿,北邊。北方。
,前世,上輩子。,,後世人,下輩子、來世、來生。
,前世,上輩子。,,後出世,下輩子、來世、來生。
,前金,訂金。預付商品或勞務報酬的部分金額。,,後謝,尾款。受託人完成任務後，委託人支付的酬勞、尾款。
,前某,前妻。已去世或離異的妻子。,,前翁,前夫。前任的丈夫。
,前某,前妻。已去世或離異的妻子。,,後岫,後妻、繼室、繼配。稱謂。原配死後續娶的妻子。
,前某,前妻。已去世或離異的妻子。,,後某,後妻、繼室、繼配。稱謂。原配死後續娶的妻子。
,前翁,前夫。前任的丈夫。,,前某,前妻。已去世或離異的妻子。
,勇健,健朗。形容身體健康硬朗。,,虛荏,身體虛弱。
,勉強,勉強。強迫別人去做他所不願意做的事。,,情願,甘心、願意。
,南極,地球的最南端，南緯九十度上。,,北極,地球沿南北向的地軸旋轉，而此地軸的北端，稱為「北極」。
,南管,流行於福建、臺灣及東南亞地區的古樂。以古代樂曲逐步融合當地的民間音樂，歌者手拿拍板，以琵琶為主要伴奏，再配合洞簫、三弦、二弦、四塊板等樂器演奏。南管樂曲通常分為指、譜、曲三種，樂風平和端莊。,,北管,流行在中國閩南及臺灣的傳統音樂。因為由北曲演變而來，所以稱為「北管」。依照所使用的樂器，可分為西皮和福祿二派。西皮以弔鬼子胡琴為主奏樂器；福祿則用殼子弦。唱腔上，福祿部分保存梆子腔系統，西皮部分保存皮黃腔系統。
,前輩,長輩。年長或資歷深的人。,,下輩,晚輩、後輩。子姪輩或是輩分較低的人。
,前輩,長輩。年長或資歷深的人。,,後輩,晚輩。
,前謝,預付的報酬金。,,後謝,尾款。受託人完成任務後，委託人支付的酬勞、尾款。
,前擴,前額凸出的部分。,,後擴,後腦杓。頭後面比較突出的部分。
,前驛,車站的前站。「驛」源自日語「駅（えき）」。,,後驛,車站的後站。「驛」源自日語「駅（えき）」。
,厚,指物體表面與底部之間的距離比較大的。與「薄」(po̍h)相對。,,薄,非常扁平的樣子，與「厚」相反。可引申為淡的、少的。
,厚,形容質量或程度多而且大。,,薄,非常扁平的樣子，與「厚」相反。可引申為淡的、少的。
,厚,指數量多的。,,少,多的相反。大多用於可計數之實體性物質。
,厚禮數,多禮。禮數周到。,,無禮,形容人不懂禮數。
,城市,都市。人口集中，工商業發達，居民多為外來人口，通常是周圍地區的經濟、政治、文化及流行中心。,,庄跤,鄉下。
,城市,都市。人口集中，工商業發達，居民多為外來人口，通常是周圍地區的經濟、政治、文化及流行中心。,,鄉村,農村、鄉下。鄉下的村落。
,城市,都市。人口集中，工商業發達，居民多為外來人口，通常是周圍地區的經濟、政治、文化及流行中心。,,農村,農民聚居的村落。
,巷,大街旁的小通道。,,大路,寬敞開闊的道路。
,巷仔,小巷。大街旁的小通道。,,大路,寬敞開闊的道路。
,後,指時間次序上比較晚的。,,前,時間或次序較早的。
,後,指時間次序上比較晚的。,,前,時間或次序較早的。
,後,在背面的。,,前,位置在正面或靠近開頭的。
,後,在背面的。,,前,位置在正面或靠近開頭的。
,後月日,下個月。,,頂月,上個月。
,後月日,下個月。,,頂月日,上個月。
,後世人,下輩子、來世、來生。,,前世,上輩子。
,後世人,下輩子、來世、來生。,,頂世人,前世、上輩子。
,後世人,下輩子、來世、來生。,,前世人,前世、上輩子。
,後出世,下輩子、來世、來生。,,前世,上輩子。
,後出世,下輩子、來世、來生。,,頂世人,前世、上輩子。
,後出世,下輩子、來世、來生。,,前世人,前世、上輩子。
,後來,指一段時間之後。,,代先,事先、預先。
,後來,指一段時間之後。,,進前,以前、從前。
,後來,指一段時間之後。,,寢頭,起初、起先。剛開始的時候。
,後岫,後妻、繼室、繼配。稱謂。原配死後續娶的妻子。,,前某,前妻。已去世或離異的妻子。
,急性,性情急躁。,,耐性,能忍耐、不急躁的個性 。
,急性,性情急躁。,,慢性,性情不急躁。
,急性,變化急劇的。,,慢性,時間長的、耐久的。
,恬恬,安靜無聲。,,出聲,用嘴發出聲音，常用來表示「說話」的意思。
,恬恬,安靜無聲。,,嗤噌,指鼻子強力吸氣、呼氣，發出聲音。後引申為吭聲。
,恬恬,安靜無聲。,,喝聲,出聲回應、表態。對於別人的發問，出聲表示贊同與否。
,後某,後妻、繼室、繼配。稱謂。原配死後續娶的妻子。,,前某,前妻。已去世或離異的妻子。
,後面,人體或物體背面、靠後的部分。,,正面,身體五官的那一面、物體的外表或上層。
,後面,人體或物體背面、靠後的部分。,,面頭前,眼前、面前。
,後面,人體或物體背面、靠後的部分。,,頭前,前面、前方。指空間、次序上比較先的。
,後個月,下個月。,,頂月,上個月。
,後個月,下個月。,,頂月日,上個月。
,後輩,晚輩。,,先輩,前輩、先進。尊稱年齡或輩份較長的人。
,後輩,晚輩。,,序大,長輩。指輩份高，年紀大的人。
,後輩,晚輩。,,前輩,長輩。年長或資歷深的人。
,後壁,背面、後面。,,頭前,前面、前方。指空間、次序上比較先的。
,恬靜,安靜無聲。,,鬧熱滾滾,場面非常熱鬧、人聲鼎沸的樣子。
,恬靜,文靜。,,賤,指人生性好動，喜歡擺弄任何能夠接觸到的東西。
,恬靜,文靜。,,捙蛆,形容小孩過動、躁動的樣子。
,恬靜,文靜。,,無時定,形容人活潑好動，一刻都閒不下來。
,後頭,娘家。,,內家,婆家。指女人出嫁後，丈夫的父母家。
,後頭厝,娘家。女性出嫁後對親生父母家的稱呼，以用來和婆家作區別。,,內家,婆家。指女人出嫁後，丈夫的父母家。
,後擴,後腦杓。頭後面比較突出的部分。,,前擴,前額凸出的部分。
,後擺,下次、下回。,,往過,以往、以前。
,後擺,下次、下回。,,頂過,上次。
,後擺,下次、下回。,,頂幫,上次，前一次。
,後擺,下次、下回。,,頂擺,上次、前回。
,後擺,下次、下回。,,頂改,上次、上回。
,後驛,車站的後站。「驛」源自日語「駅（えき）」。,,前驛,車站的前站。「驛」源自日語「駅（えき）」。
,挃,要、欲。,,毋挃,不要。
,是,表示肯定判斷語，用來說明主詞，一般後面跟著名詞。,,毋是,不是。
,春節,過年、新年。,,年尾,年終、歲未。
,某,妻子、太太、老婆。,,查埔人,丈夫、老公。
,某,妻子、太太、老婆。,,翁,丈夫。女人稱與自己有婚姻關係的男子。
,柯,形容在品嚐蔬菜或瓜果時，有纖維粗糙的感覺。,,幼,嫩。用於形容蔬菜、肉類的口感。
,查某,女人、女性、女生。,,查埔,男人、男性、男生。
,查某,女人、女性、女生。,,查埔人,男人。
,查某人,女人。,,查埔,男人、男性、男生。
,查某人,女人。,,查埔人,男人。
,查某人,太太、妻子。,,查埔人,丈夫、老公。
,查某人,太太、妻子。,,翁婿,丈夫。稱謂。妻子對他人稱自己的丈夫。
,查某囡仔,對年輕女子的泛稱。,,查埔囡仔,對年輕男孩的泛稱。
,查埔,男人、男性、男生。,,查某,女人、女性、女生。
,查埔,男人、男性、男生。,,查某人,女人。
,查埔人,男人。,,查某,女人、女性、女生。
,查埔人,男人。,,查某人,女人。
,查埔人,丈夫、老公。,,太太,丈夫稱呼自己的妻子。 
,查埔人,丈夫、老公。,,某,妻子、太太、老婆。
,查埔人,丈夫、老公。,,查某人,太太、妻子。
,查埔人,丈夫、老公。,,家後,妻子、太太。
,查埔人,丈夫、老公。,,牽手,太太、老婆。
,查埔囡仔,對年輕男孩的泛稱。,,查某囡仔,對年輕女子的泛稱。
,歪,歪斜。,,正,中、不偏的、不歪斜的。
,洘,液體濃、稠。,,漖,含水分多的、被水分稀釋的。
,洘旱,大旱、旱災。長期不雨所造成的嚴重乾旱。,,做大水,水災、淹水。
,洘旱,大旱、旱災。長期不雨所造成的嚴重乾旱。,,淹水,被水覆蓋。
,洘旱,大旱、旱災。長期不雨所造成的嚴重乾旱。,,做水,淹水、鬧水災。
,洘流,退潮。,,滇流,漲潮。地球上的海洋表面受到太陽和月球的引力（潮汐力）作用引起的海水面上升的現象。
,洘流,退潮。,,飽流,漲潮。
,歪膏揤斜,歪七扭八。歪斜不正的樣子。,,四正,四方端正、不偏不倚。
,活,生存。,,死亡,喪失生命。
,活,生存。,,過氣,斷氣。死亡。
,活水,有源頭、會流動的水。,,死窟仔水,死水。停聚而不能流通的水。
,流行,時興。盛行於當時。,,過時,退流行，不合時宜。
,流行,時興。盛行於當時。,,古早味,指令人懷念具傳統風味的事物。
,活結,一拉就開的繩結。,,死結,無法一拉就解開的繩結。
,活會,由會員共同組成的儲蓄會，定期集會，繳納會款，每次輪由付出最高利息的人取得該期儲金。可分為內標與外標兩種形式。其中稱尚未標下的為「活會」。,,死會,由會員共同組成的儲蓄會，定期集會，繳納會款，每次輪願意付出最高利息的人標得該期會款。可分為內標與外標兩種形式。其中已經得標的會員稱為「死會」。
,活會,指男女未婚。,,死會,指已結婚、訂婚或有固定男女朋友的人。
,活路,生路。,,死路,比喻死亡之路。
,活路,生路。,,絕路,死路，走不通的路。
,活跳跳,活蹦亂跳、活力充沛的樣子。,,死殗殗,死氣沉沉、要死不活。
,活跳跳,活蹦亂跳、活力充沛的樣子。,,欲死盪幌,死氣沉沉、精神萎靡不振。
,活跳跳,活蹦亂跳、活力充沛的樣子。,,欲死盪幌,沒有生機。
,活潑,生動而不呆板。,,死板,古板、刻板。僵化不知變通。
,活潑,生動而不呆板。,,柴頭,呆板。形容一個人木訥、不解風情。
,活錢,能被拿來使用的款項。相對於「死錢」(sí-tsînn)而言。,,死錢,藏在身旁不加以運用的錢財。
,相連紲,連續、連串。一個接著一個，接連不斷。,,斷站,指做某件事或工程，因故於進行中停止或擱置。
,看人無,瞧不起人。,,看重,重視、著重。
,看人無,瞧不起人。,,看會起,看重、看得起；一般視為離合詞。
,看人無,瞧不起人。,,重視,注重。特別注意。
,看有起,看重、看得起；一般視為離合詞。,,看衰,瞧不起、看扁。
,看有起,看重、看得起；一般視為離合詞。,,看袂起,瞧不起。
,看有起,看重、看得起；一般視為離合詞。,,看無起,瞧不起、看扁。
,看有起,看重、看得起；一般視為離合詞。,,看輕,輕視。
,看有起,看重、看得起；一般視為離合詞。,,無夠重,不夠重、重量不足，也引申為看不起人。
,看重,重視、著重。,,看人無,瞧不起人。
,看重,重視、著重。,,看衰,瞧不起、看扁。
,看重,重視、著重。,,看袂起,瞧不起。
,看重,重視、著重。,,看輕,輕視。
,看重,重視、著重。,,輕視,歧視、看不起。用不公平的眼光、角度看待別人。
,看重,重視、著重。,,看袂上目,看不上眼、輕視。
,秋凊,涼爽。清涼舒爽。,,漚翕,天氣悶熱，空氣又不流通。
,看衰,瞧不起、看扁。,,看有起,看重、看得起；一般視為離合詞。
,看衰,瞧不起、看扁。,,看重,重視、著重。
,看衰,瞧不起、看扁。,,看會起,看重、看得起；一般視為離合詞。
,看袂起,瞧不起。,,看有起,看重、看得起；一般視為離合詞。
,看袂起,瞧不起。,,看重,重視、著重。
,看袂起,瞧不起。,,看會起,看重、看得起；一般視為離合詞。
,看袂起,瞧不起。,,重視,注重。特別注意。
,看袂起,瞧不起。,,尊敬,敬重、尊崇。
,看無起,瞧不起、看扁。,,看有起,看重、看得起；一般視為離合詞。
,看無起,瞧不起、看扁。,,看會起,看重、看得起；一般視為離合詞。
,看無起,瞧不起、看扁。,,重視,注重。特別注意。
,看會起,看重、看得起；一般視為離合詞。,,看人無,瞧不起人。
,看會起,看重、看得起；一般視為離合詞。,,看衰,瞧不起、看扁。
,看會起,看重、看得起；一般視為離合詞。,,看袂起,瞧不起。
,看會起,看重、看得起；一般視為離合詞。,,看無起,瞧不起、看扁。
,看會起,看重、看得起；一般視為離合詞。,,看輕,輕視。
,看會起,看重、看得起；一般視為離合詞。,,看袂上目,看不上眼、輕視。
,看輕,輕視。,,看有起,看重、看得起；一般視為離合詞。
,看輕,輕視。,,看重,重視、著重。
,看輕,輕視。,,看會起,看重、看得起；一般視為離合詞。
,看輕,輕視。,,重視,注重。特別注意。
,紅牙,紅潤。豐滿而帶有紅色的光澤。本詞目常重疊使用。,,白死殺,形容人的臉色蒼白，沒有血色。
,紅帖仔,喜帖。請人參加婚禮的請帖。,,白帖仔,訃聞。報告喪事的帖子。
,耐性,能忍耐、不急躁的個性 。,,急性,性情急躁。
,紅膏赤蠘,臉色紅潤，形容身體健康。,,白死殺,形容人的臉色蒼白，沒有血色。
,美麗,形容女子容貌漂亮、俏麗。,,歹看,難看的、醜陋的。
,美麗,形容女子容貌漂亮、俏麗。,,䆀,醜陋。
,茂,草木繁盛的樣子。,,焦蔫,植物因缺少水分或營養而枯萎。
,茂,草木繁盛的樣子。,,枯焦,枯乾。
,苦毒,虐待。以苛刻殘暴的態度對待他人。,,疼惜,疼惜。疼愛、憐惜。
,苦毒,虐待。以苛刻殘暴的態度對待他人。,,疼痛,疼愛、關切憐惜。
,重敧爿,指不平衡、輕重不一或不公平。,,四伨,平衡、平均。
,重視,注重。特別注意。,,看人無,瞧不起人。
,重視,注重。特別注意。,,看袂起,瞧不起。
,重視,注重。特別注意。,,看無起,瞧不起、看扁。
,重視,注重。特別注意。,,看輕,輕視。
,重視,注重。特別注意。,,輕視,歧視、看不起。用不公平的眼光、角度看待別人。
,重視,注重。特別注意。,,看袂上目,看不上眼、輕視。
,重頭輕,一邊重，一邊輕，指兩頭的重量不平均。,,四伨,平衡、平均。
,食奶,吃奶。指初生嬰兒的飲食行為。,,斷奶,嬰孩或幼小的哺乳類停止吸食母乳，改吃別種食物。
,食命,靠命運好而坐享清福。,,業命,勞碌命。
,食苦,吃苦。,,享受,享有受用。
,面頂,上面。,,下底,下面、底下。與「頂面」(tíng-bīn)相對。
,面頂,上面。,,下跤,下面、底下。
,食菜,吃素、茹素。有人因宗教或健康等因素而不攝取肉類蛋白，稱作吃素。,,食臊,茹葷。進食肉類和蔥、蒜、韭等具有辛辣氣味的蔬菜食物。
,面憂面結,愁眉苦臉。形容憂傷、愁苦的神色。,,歡頭喜面,歡天喜地。臉上洋溢著非常高興的表情。
,面頭前,眼前、面前。,,尻川後,背後、後面。
,面頭前,眼前、面前。,,後面,人體或物體背面、靠後的部分。
,食臊,茹葷。進食肉類和蔥、蒜、韭等具有辛辣氣味的蔬菜食物。,,食菜,吃素、茹素。有人因宗教或健康等因素而不攝取肉類蛋白，稱作吃素。
,食臊,茹葷。進食肉類和蔥、蒜、韭等具有辛辣氣味的蔬菜食物。,,素食,吃素。不食用葷腥的食物。
,倒,左邊。,,正,右邊。
,值,比得過、比得上。,,毋值,不如、比不上。
,准,允許、許可。,,毋准,不允許、不答應。
,冤仇人,仇人、冤家。,,恩情人,恩人、對自己有恩的人。
,倒手,左手。,,正手,右手。
,倒手爿,左邊、左側。,,正手爿,右邊。
,倒手爿,左邊、左側。,,正爿,右邊。方位名。與「左邊」相對。
,倒爿,左邊、左側。,,正手爿,右邊。
,倒爿,左邊、左側。,,正爿,右邊。方位名。與「左邊」相對。
,倒面,左面、左邊。,,正爿,右邊。方位名。與「左邊」相對。
,倒面,背面、反面。,,正面,身體五官的那一面、物體的外表或上層。
,倒退,倒退。往後退。,,向前,往前、向著前方。
,倒退,倒退。往後退。,,進前,向前、前進。
,值得,所付出的代價和所得到的回報相當。,,毋值,不值得。
,倒貼,虧本、賠本。,,省本,節省成本。
,借錢,借用金錢款項。,,討數,討債。索還欠款。
,借錢,借用金錢款項。,,還數,還債。償還所積欠的債款。
,借錢,借用金錢款項。,,還錢,償還所欠下的金錢。
,凍霜,形容一個人吝嗇、小氣，過分節省。,,大方,慷慨不小氣。
,倒覆,俯臥、趴下。臉朝下的臥倒。,,坦笑,面朝上。
,厝主,房東。出租房屋的人。,,厝跤,房客。租房屋住的人。
,原本,本來、原先。,,尾仔,最後、後來。也讀為輕聲bué--á/bé--á。
,原本,本來、原先。,,路尾,後來、最後。
,厝跤,房客。租房屋住的人。,,厝主,房東。出租房屋的人。
,厝跤,房客。租房屋住的人。,,厝頭家,房東。出租房屋的人。
,厝頭家,房東。出租房屋的人。,,厝跤,房客。租房屋住的人。
,匪類,指人任意蹧蹋物資，不加節制。,,虯儉,節儉、節約、儉省。
,匪類,指人任意蹧蹋物資，不加節制。,,儉儉仔用,節用、節儉、節省。
,夏,一年中的第二季。,,冬,一年中的第四季。
,套,將遮蓋物覆蓋在實際物品的外面。,,敨,打開、解開。
,害,故意使別人遭受不幸。,,救,幫助人或動物等脫離困境、險境或是解除生命危機。
,師,指具有專門技術，而能傳承技藝、教導學生的人。,,師仔,指徒弟或小學徒。
,師父,對老師的尊稱。,,徒弟,門生、學徒。指跟從師傅學習的人。
,屘仔,老么。稱謂。家中排行最小的孩子。,,大囝,長子、大兒子。稱謂。對長子的稱呼。
,屘仔,老么。稱謂。家中排行最小的孩子。,,大漢囝,長子、長男。
,師仔,指徒弟或小學徒。,,師,指具有專門技術，而能傳承技藝、教導學生的人。
,師仔,指徒弟或小學徒。,,師傅,稱懷有專門技藝的人。
,師仔,指徒弟或小學徒。,,先的,對於在其專業領域為德高望重者的敬稱。
,屘囝,家中排行最小的孩子。,,大囝,長子、大兒子。稱謂。對長子的稱呼。
,屘囝,家中排行最小的孩子。,,大漢囝,長子、長男。
,家後,妻子、太太。,,夫,婚後女子對男子的稱謂。
,家後,妻子、太太。,,查埔人,丈夫、老公。
,家後,妻子、太太。,,翁婿,丈夫。稱謂。妻子對他人稱自己的丈夫。
,崁頂,山崖上。,,崁跤,懸崖下。
,師傅,稱懷有專門技藝的人。,,二手,副手、助手、助理。技術工作中的助手、協助處理事務的人。
,師傅,稱懷有專門技藝的人。,,師仔,指徒弟或小學徒。
,師傅,稱懷有專門技藝的人。,,徒弟,門生、學徒。指跟從師傅學習的人。
,崁跤,懸崖下。,,崁頂,山崖上。
,弱,體力或能力差。與強相對。,,強,健壯、厲害。
,徒弟,門生、學徒。指跟從師傅學習的人。,,師父,對老師的尊稱。
,徒弟,門生、學徒。指跟從師傅學習的人。,,師傅,稱懷有專門技藝的人。
,捒,推。,,搝,拉扯。
,時行,流行、時髦。,,落伍,原意是指行動緩慢，跟不上隊伍。後來常用來比喻事物、行為、思想等跟不上時代潮流。
,時行,流行、時髦。,,過時,退流行，不合時宜。
,時行,流行、時髦。,,退時,過氣、不再流行、不再受歡迎。
,時行,流行、時髦。,,古早味,指令人懷念具傳統風味的事物。
,晏,晚、遲。,,早,不晚、不遲。
,桌頂,桌上。,,桌跤,桌子底下。
,桌跤,桌子底下。,,桌頂,桌上。
,柴頭,呆板。形容一個人木訥、不解風情。,,活潑,生動而不呆板。
,柴頭,呆板。形容一個人木訥、不解風情。,,健丟,伶俐、靈活。形容小孩子天真活潑、動作俐落。
,浮,漂在水面上或半空中。,,沉,往下落入水中。
,浪費,沒有節制、無益的耗費。,,虯儉,節儉、節約、儉省。
,浪費,沒有節制、無益的耗費。,,減省,儉省、節省。
,浪費,沒有節制、無益的耗費。,,節省,節約。
,浪費,沒有節制、無益的耗費。,,節儉,節省儉用。
,浪費,沒有節制、無益的耗費。,,儉儉仔用,節用、節儉、節省。
,海漲,漲潮。在潮汐中，海面水位上升，或該時段的通稱。主要因太陽、月亮的引力作用而形成。,,水洘,退潮。
,海線,沿著海岸的交通路線。,,山線,穿越山區的交通路線。
,烏,顏色名。指黑色。,,白,顏色名。像雪或乳汁般素淨的顏色。
,狹,細小，不寬鬆。,,闊,寬大、寬鬆、寬廣。
,消失,指事物逐漸減少以至完全沒有。,,存在,持續占據時間或空間，沒有滅亡的現象。
,烏狗,形容時髦新潮的男子。通常稱為「烏狗兄」(oo-káu-hiann)。,,烏貓姊仔,稱打扮時髦的女人。另指時髦的男人為「烏狗兄」(oo-káu-hiann)。
,烏狗兄,穿著時髦的男人。另指稱時髦的女人為「烏貓」(oo-niau)、「烏貓姊仔」(oo-niau-tsí--á)。,,烏貓,形容時髦的女子。
,烏狗兄,穿著時髦的男人。另指稱時髦的女人為「烏貓」(oo-niau)、「烏貓姊仔」(oo-niau-tsí--á)。,,烏貓姊仔,稱打扮時髦的女人。另指時髦的男人為「烏狗兄」(oo-káu-hiann)。
,特殊,特別。不同於一般，不平常的事物。,,平常,形容一點也沒有值得奇怪或驚訝的地方。
,烏暗,黑暗、不明亮。,,光明,比喻希望。
,烏趖趖,烏黑。形容很黑。,,光映映,形容非常光亮的樣子。
,烏趖趖,烏黑。形容很黑。,,光炎炎,形容光亮耀眼、輝煌奪目的樣子。
,烏趖趖,烏黑。形容很黑。,,光焱焱,明晃晃、光亮。
,烏貓,形容時髦的女子。,,烏狗兄,穿著時髦的男人。另指稱時髦的女人為「烏貓」(oo-niau)、「烏貓姊仔」(oo-niau-tsí--á)。
,烏貓姊仔,稱打扮時髦的女人。另指時髦的男人為「烏狗兄」(oo-káu-hiann)。,,烏狗,形容時髦新潮的男子。通常稱為「烏狗兄」(oo-káu-hiann)。
,烏貓姊仔,稱打扮時髦的女人。另指時髦的男人為「烏狗兄」(oo-káu-hiann)。,,烏狗兄,穿著時髦的男人。另指稱時髦的女人為「烏貓」(oo-niau)、「烏貓姊仔」(oo-niau-tsí--á)。
,病,形容人又笨又傻，不聰明。,,巧,聰明的樣子。
,疼某菜,牛蒡。草本植物。根及嫩葉可食，種子、根還可用做藥物，能降火解毒。因有滋陰補陽的功效，丈夫可多買給妻子吃，為妻子補身，且自己食用，也有助於房事，所以稱為「疼某菜」。,,拍某菜,茼蒿。植物名。菊科茼蒿屬，一年生草本。高至70公分，葉互生，邊緣有不規則羽狀分裂。頭狀花序，花黃色或白色。嫩莖及葉可食，為臺灣地區冬季盛產蔬菜之一。一般常用來搭配火鍋或鹹湯圓，由於莖葉的水分多，煮過後會大量失水，只剩一點點，會讓丈夫誤以為被妻子吃掉，所以舊時又稱之為「拍某菜」。
,狼狽,落魄。形容人窮困潦倒不得志。,,囂俳,囂張。形容人的行為舉止放肆傲慢。
,疼惜,疼惜。疼愛、憐惜。,,苦毒,虐待。以苛刻殘暴的態度對待他人。
,疼痛,疼愛、關切憐惜。,,苦毒,虐待。以苛刻殘暴的態度對待他人。
,疼痛,疼愛、關切憐惜。,,欺負,欺悔、欺凌。
,真,純正、不虛假的。,,假,不真實的、虛偽的。
,真,純正、不虛假的。,,虛,不實的、假的。
,祕結,便秘。病名。一種消化性疾病的名稱，因糞便在大腸停留的時間過長，使得大量乾硬的糞便堆積在降結腸，造成大便不暢通。,,落屎,拉肚子、腹瀉。
,納稅,繳納稅賦。,,抽稅,徵稅、課稅。徵收稅金。
,站節,分寸。,,過頭,過度、過分。超越適當的限度。
,笑詼,笑話、笑料。令人發笑歡樂的事物。,,悲劇,以不幸遭遇為主題的戲劇；在情節布局中主角的命運往往產生逆轉，而引起觀眾的同情。也可用來比喻悲慘的事物。
,笑頭笑面,笑逐顏開、眉開眼笑。形容心中非常高興，連臉上都充滿著歡喜的神情。,,憂頭苦面,愁眉苦臉。眉頭緊皺，苦喪著臉。形容憂傷、愁苦的神色。
,笑頭笑面,笑逐顏開、眉開眼笑。形容心中非常高興，連臉上都充滿著歡喜的神情。,,憂頭結面,愁眉苦臉。形容憂傷、愁苦的神色。
,笑頭笑面,笑逐顏開、眉開眼笑。形容心中非常高興，連臉上都充滿著歡喜的神情。,,懊嘟面,表情嚴肅，略帶怒氣且沒有笑容的臭臉。
,笑頭笑面,笑逐顏開、眉開眼笑。形容心中非常高興，連臉上都充滿著歡喜的神情。,,凊面,冷漠不親切的表情。凶惡、憤怒或難看的臉色。
,笑頭笑面,笑逐顏開、眉開眼笑。形容心中非常高興，連臉上都充滿著歡喜的神情。,,欲哭欲𥍉,快哭出來的樣子。
,素,樸實無華，沒有複雜的裝飾。,,花血,花俏豔麗。
,素,不是屬於肉類、葷菜類的食物。,,臊,葷食。
,翁,丈夫。女人稱與自己有婚姻關係的男子。,,某,妻子、太太、老婆。
,翁,丈夫。女人稱與自己有婚姻關係的男子。,,牽手,太太、老婆。
,素食,素餐。指不含葷腥食物的餐點。,,臊菜,葷菜。泛指肉類或含有辛辣刺激味道的食品、青菜如蔥、蒜、韭菜等。
,素食,吃素。不食用葷腥的食物。,,食臊,茹葷。進食肉類和蔥、蒜、韭等具有辛辣氣味的蔬菜食物。
,翁婿,丈夫。稱謂。妻子對他人稱自己的丈夫。,,查某人,太太、妻子。
,翁婿,丈夫。稱謂。妻子對他人稱自己的丈夫。,,家後,妻子、太太。
,翁婿,丈夫。稱謂。妻子對他人稱自己的丈夫。,,牽手,太太、老婆。
,缺點,短處、缺陷。不完美的地方。,,優點,好處、長處。
,臭,形容味道難聞。,,芳,香氣令人愉悅的。
,臭老,老相、老態。形容一個人的外表看起來比實際年齡老。,,少年,年紀輕。
,臭屁,形容人喜歡誇大炫耀，自以為是的樣子。,,謙卑,形容謙虛、不傲慢不自大。
,臭屁,形容人喜歡誇大炫耀，自以為是的樣子。,,覕鬚,收斂、不敢招搖。
,荏,形容人的身體虛弱，沒有元氣。,,勇,健康、強壯。
,荏,形容某事物的質地不夠紮實、堅固。,,勇,物品堅固耐用。
,袂用得,不可以。語氣完結時唸作bē-īng--tit。,,會用得,可以、可行。人、東西可以使用或指事情行得通。語氣完結時唸作ē-īng--tit。
,袂用得,不可以。語氣完結時唸作bē-īng--tit。,,會使得,可以、可行。人、東西可以使用或是事情行得通。語氣完結時唸作ē-sái--tit。
,袂用得,不可以。語氣完結時唸作bē-īng--tit。,,會做得,可以、可行。可以做、行得通。語氣完結時唸作ē-tsò--tit。
,荏身,身體虛弱。,,儼硬,硬朗。
,荏身,身體虛弱。,,勇壯,身體強壯。
,荏身,身體虛弱。,,勇跤,強壯有力。
,袂使,不可以、使不得。,,會使,可以、能夠。
,袂使,不可以、使不得。,,會得,能夠、可以。
,袂使,不可以、使不得。,,會得通,可以、得以、能夠。
,袂使,不可以、使不得。,,會當,可以。能夠、做得到。
,袂使得,不可以、使不得。語氣完結時唸作bē-sái--tit。,,會用得,可以、可行。人、東西可以使用或指事情行得通。語氣完結時唸作ē-īng--tit。
,袂使得,不可以、使不得。語氣完結時唸作bē-sái--tit。,,會使,可以、能夠。
,袂使得,不可以、使不得。語氣完結時唸作bē-sái--tit。,,會使得,可以、可行。人、東西可以使用或是事情行得通。語氣完結時唸作ē-sái--tit。
,袂使得,不可以、使不得。語氣完結時唸作bē-sái--tit。,,會做得,可以、可行。可以做、行得通。語氣完結時唸作ē-tsò--tit。
,袂使得,不可以、使不得。語氣完結時唸作bē-sái--tit。,,會得,能夠、可以。
,袂使得,不可以、使不得。語氣完結時唸作bē-sái--tit。,,會得通,可以、得以、能夠。
,袂使得,不可以、使不得。語氣完結時唸作bē-sái--tit。,,會當,可以。能夠、做得到。
,袂和,划不來、不划算。,,算會和,划算、划得來。
,袂和,划不來、不划算。,,會和,划算。
,袂赴,來不及、趕不上。,,會赴市,趕得上巿場交易的時間或時機。
,袂記得,忘記、遺忘。語氣完結時唸作bē-kì--tit。,,會記得,記得。
,袂得通,因某種原因造成無法從事某種活動。,,會得通,可以、得以、能夠。
,袂當,不行、不能夠。,,會得,能夠、可以。
,袂當,不行、不能夠。,,會得通,可以、得以、能夠。
,袂當,不行、不能夠。,,會當,可以。能夠、做得到。
,衰運,倒楣、霉運。運氣不好。,,出運,運氣由壞轉好。
,袂曉,不會、不懂。,,會曉,知道、懂得。有能力去做某件事。
,袂曉,不會、不懂。,,精通,因深入研究而貫通。
,退,背向後方行走。,,進,向前移動。
,退,離開。,,入,進。從外面進到裡面。
,起毛䆀,不爽、不高興。「起毛」借自日語「気持ち（きもち）」。,,起毛婸,情緒好、心情好。「起毛」是借自日語「気持ち（きもち）」的外來語素，加上表示「爽快」的「婸」。
,起毛婸,情緒好、心情好。「起毛」是借自日語「気持ち（きもち）」的外來語素，加上表示「爽快」的「婸」。,,起毛䆀,不爽、不高興。「起毛」借自日語「気持ち（きもち）」。
,起毛婸,情緒好、心情好。「起毛」是借自日語「気持ち（きもち）」的外來語素，加上表示「爽快」的「婸」。,,袂爽,心中感到不舒暢。
,財主,富翁。指有錢人。,,散凶人,窮人。貧苦的人。
,財主,富翁。指有錢人。,,散食人,窮人。指收入所得比一般水準來得低的人。又作「散赤人」(sàn-tshiah-lâng)。
,財主,富翁。指有錢人。,,艱苦人,窮人。
,退伍,指軍人服役的年限屆滿，離開部隊。,,做兵,服兵役。依照兵役法令規定，年齡年滿19歲的男子依法都應接受徵兵處理。
,起因,原因。事情發生的根本原因。,,結果,事物的最後結局或歸宿。
,起行,啟程、出發。,,擋恬,停下來。
,退步,落後。從較優良的狀況變成較低劣的狀況。,,進步,逐漸好轉。
,起來,上來。由下往上、由低處往高處。,,落去,下去。從上面到下面，發話者不在下面，語氣完結時唸作lo̍h--khì。
,退定,退婚、悔婚。退掉已經定下來的親事。,,定親,訂婚、文定。男女雙方在結婚前締定婚約的儀式。
,退股,公司的股東退出股分。,,合股,合夥。幾個人集合資本共同經營事業。
,退股,公司的股東退出股分。,,鬥股,合股。若干人集合資本共同經營事業。
,退股,公司的股東退出股分。,,佮股,合夥。幾個人集合資本共同經營事業。
,退後,後退。向後移動。,,向前,往前、向著前方。
,退後,後退。向後移動。,,進前,向前、前進。
,送神,祭灶神。一種民間習俗。舊俗農曆十二月廿三或廿四日，灶神會到天庭陳報人間善惡，民間則於此時藉祭祀送灶神上天。,,接神,迎接神佛。
,退酒,解酒。消解酒醉的狀態。,,酒醉,喝酒過量因而神志不清。
,退婚,解除婚約。,,定親,訂婚、文定。男女雙方在結婚前締定婚約的儀式。
,起程,出發、啟程。,,擋恬,停下來。
,討債,浪費、蹧蹋。沒有節制、無益的耗費。,,虯儉,節儉、節約、儉省。
,討債,浪費、蹧蹋。沒有節制、無益的耗費。,,減省,儉省、節省。
,討債,浪費、蹧蹋。沒有節制、無益的耗費。,,節省,節約。
,討債,浪費、蹧蹋。沒有節制、無益的耗費。,,節儉,節省儉用。
,討債,浪費、蹧蹋。沒有節制、無益的耗費。,,儉儉仔用,節用、節儉、節省。
,起鼓,開鑼、上戲、揭開序幕，傳統戲劇要上演時會先由樂師打鼓準備上戲。,,煞鼓,劇終。戲劇終了。用以引申事情或活動結束。
,起鼓,開鑼、上戲、揭開序幕，傳統戲劇要上演時會先由樂師打鼓準備上戲。,,煞戲,劇終。戲劇終了。引申為一切事物的結束。
,起價,漲價。物價上揚。,,落價,降價、減價。
,起價,漲價。物價上揚。,,割引,按售價減除幾成賣出。
,討數,討債。索還欠款。,,借錢,借用金錢款項。
,起碼,至少。,,極加,最多、頂多。用來說明數量上、程度上等頂多如何。
,退學,學生因為嚴重違反校規或是不及格的科目達到一定比例，而被學校當局勒令不得繼續在校就讀。,,入學,開始進入學校學習、求學。
,起頭,起初、開頭。,,尾後,末了、後面、後頭。指時間、空間上的順序較現在這個地方還要來得晚、來得後面的。
,起頭,起初、開頭。,,落尾,後來、最後。
,起頭,起初、開頭。,,落尾手,後來、最後。
,起頭,起初、開頭。,,尾來,到最後、結果。
,起頭,起初、開頭。,,到尾,到最後。
,高明,形容人的能力高超精湛。,,低路,低能。指不中用。
,鬥股,合股。若干人集合資本共同經營事業。,,拆股,拆夥。結束合作關係，取回應有的資產、股份。
,鬥股,合股。若干人集合資本共同經營事業。,,退股,公司的股東退出股分。
,高級,較高尚、尊貴，層次等級較高的。,,低級,比較低下的級別，相對於「高級」而言。
,酒醉,喝酒過量因而神志不清。,,退酒,解酒。消解酒醉的狀態。
,酒醉,喝酒過量因而神志不清。,,解酒,醒酒。消解酒醉的狀態。
,假,不真實的、虛偽的。,,正,真實的。
,假,不真實的、虛偽的。,,真,純正、不虛假的。
,假,不真實的、虛偽的。,,實,真的。
,做大水,水災、淹水。,,洘旱,大旱、旱災。長期不雨所造成的嚴重乾旱。
,偏心,偏袒。袒護一方，對某一方存私心。,,公平,公正。心存正道，沒有偏私。
,偏心,偏袒。袒護一方，對某一方存私心。,,中立,不偏袒。
,偏心,偏袒。袒護一方，對某一方存私心。,,平棒,公正持平。
,偏心,偏袒。袒護一方，對某一方存私心。,,平正,公平、公正、無私心。
,假包,冒牌貨、贗品。,,正範,真品、真貨。也指正牌，正規，名副其實的身份。
,健丟,伶俐、靈活。形容小孩子天真活潑、動作俐落。,,死板,古板、刻板。僵化不知變通。
,健丟,伶俐、靈活。形容小孩子天真活潑、動作俐落。,,柴頭,呆板。形容一個人木訥、不解風情。
,偏名,綽號、小名。非正式的名字。,,戶口名,正名、本名。登記在戶口名簿上的名字，有別一般偏名。
,偷食步,作弊、投機取巧。利用時機、不守規定、不按部就班而獲取利益。,,照步來,按部就班。照一定的條理順序處理事情。
,偷食步,作弊、投機取巧。利用時機、不守規定、不按部就班而獲取利益。,,照起工,按部就班，照規矩制度來行事。
,做頭,當先。趕在最前面。,,押尾後,殿後。走在最後面。
,動,改變原狀，靜的相反。,,靜,不動、無聲。
,動,行為。,,靜,不動、無聲。
,啄,由本義引申為形容人鼻子尖挺。,,𢯾鼻,鼻梁不高。
,啄,由本義引申為形容人鼻子尖挺。,,𢯾鼻,鼻子下陷。
,動產,可移動的財產，如金錢、證券等。,,不動產,泛指土地及附著於土地上的定著物和改良物。
,動搖,不穩固、不堅定而搖擺晃動，多用以指抽象的事物。,,堅定,形容人的意志堅毅不動搖。
,娶,男子帶女子入門成親。,,嫁,女子結婚。
,國立,隸屬中央層級，由國家公費所設立的各式機構的銜稱。,,私立,不是政府設立，由財團法人或私人創辦的。
,堅固,形容物體非常牢固。,,爛朽朽,破破爛爛。
,堅定,形容人的意志堅毅不動搖。,,動搖,不穩固、不堅定而搖擺晃動，多用以指抽象的事物。
,密,事物內部空隙小、不稀疏。,,疏,不密集。
,密,事物內部空隙小、不稀疏。,,櫳,稀疏的。
,將來,未來。尚未到的時候。,,以前,指早於某一段時間之前的時間。
,將來,未來。尚未到的時候。,,向時,從前、昔日。為「彼當時」(hit-tang-sî)的合音。
,將來,未來。尚未到的時候。,,往日,過去、以往。過去的日子。
,將來,未來。尚未到的時候。,,往年,過去、從前。過去的年歲。
,將來,未來。尚未到的時候。,,往過,以往、以前。
,強,健壯、厲害。,,弱,體力或能力差。與強相對。
,張持,注意、小心。,,無張持,不小心。沒注意到。
,強硬,態度堅決，不肯退讓。,,軟汫,指人的個性軟弱。
,強硬,態度堅決，不肯退讓。,,軟弱,個性柔弱畏怯。
,強硬,態度堅決，不肯退讓。,,落軟,軟化、緩和。強硬或倔強的態度變緩和。
,患者,病人。患有某種疾病的人。,,先生,醫生。
,患者,病人。患有某種疾病的人。,,醫生,醫師、大夫。經政府相關單位核可，發給證照，可以替人治病的人。
,情願,甘心、願意。,,毋甘願,不甘心、不甘願。
,情願,甘心、願意。,,毋情願,不情不願。
,情願,甘心、願意。,,勉強,勉強。強迫別人去做他所不願意做的事。
,救,幫助人或動物等脫離困境、險境或是解除生命危機。,,害,故意使別人遭受不幸。
,敗市,滯銷。貨品不易銷售，導致價格慘跌。,,搶市,暢銷、搶手。
,接受,接納，收受。,,回,謝絕、辭去。
,接受,接納，收受。,,拒絕,拒退斷絕，不接受。
,接受,接納，收受。,,推辭,拒絕、推辭。
,接受,接納，收受。,,謝絕,委婉地推辭拒絕。
,掩崁,隱瞞、包庇。,,出破,不該讓人知道的事情被發現或揭發。
,接納,接受。,,回,謝絕、辭去。
,接納,接受。,,拒絕,拒退斷絕，不接受。
,接納,接受。,,推辭,拒絕、推辭。
,接納,接受。,,謝絕,委婉地推辭拒絕。
,捷捷,常常。,,一半擺仔,偶爾、一兩次。
,敏捷,反應迅速快捷。,,慢手,慢吞吞、動作遲緩。
,敏捷,反應迅速快捷。,,慢鈍,遲鈍、慢吞吞。
,敏捷,反應迅速快捷。,,鈍跤鈍手,笨手笨腳。形容動作或手腳不靈活。
,推辭,拒絕、推辭。,,接受,接納，收受。
,推辭,拒絕、推辭。,,接納,接受。
,推辭,拒絕、推辭。,,答應,允許、承諾。
,接續,連續。相連接、繼續不間斷。,,斷站,指做某件事或工程，因故於進行中停止或擱置。
,欲,要、想，表示意願。,,無愛,不要。
,涼,微寒、清涼。,,漚翕,天氣悶熱，空氣又不流通。
,深,水不淺。,,淺,水不深。
,深,上下前後距離空間大。,,淺,引申為上下前後距離空間小。
,深,厚、濃。,,淺,引申為薄、少。
,深,困難。,,淺,引申為顯明、無深度。
,深,困難。,,淺現,淺顯、淺而易見。
,深,近視、遠視度數多。,,淺,近視、遠視度數少。
,淺,水不深。,,深,水不淺。
,淺,引申為上下前後距離空間小。,,深,上下前後距離空間大。
,淺,引申為薄、少。,,深,厚、濃。
,淺,引申為顯明、無深度。,,深,困難。
,淺,近視、遠視度數少。,,深,近視、遠視度數多。
,添,加、增、補。,,損,減少。
,淑女,端莊嫻淑，既文雅又有德性的女子。,,紳士,泛指地方上有聲望的人，或是舉止斯文有禮的人。
,淹水,被水覆蓋。,,洘旱,大旱、旱災。長期不雨所造成的嚴重乾旱。
,清氣,乾淨、清潔。,,垃圾,骯髒。汙穢，不乾淨。
,清氣,乾淨、清潔。,,癩𰣻,骯髒。
,清寒,清貧、貧寒。,,饒裕,富裕、豐裕。錢財或物資充裕。
,爽,心中感到痛快舒暢。,,袂爽,心中感到不舒暢。
,猛,行動迅速。,,鈍,笨拙緩慢。
,牽手,太太、老婆。,,查埔人,丈夫、老公。
,牽手,太太、老婆。,,翁,丈夫。女人稱與自己有婚姻關係的男子。
,牽手,太太、老婆。,,翁婿,丈夫。稱謂。妻子對他人稱自己的丈夫。
,現此時,現在、目前。,,彼當陣,那時、那陣子。常合音為「向陣」hiàng-tsūn。
,現此時,現在、目前。,,斯當時,那時、當時，就在那個時間點。
,現此時,現在、目前。,,當初時,當初、那時候。
,爽快,開心、愉快、心情好。,,欲死,表示對某事嫌惡不滿。
,牽抾,受他人協助，導致某種好的結果。,,拖累,連累、牽累。
,牽抾,受他人協助，導致某種好的結果。,,連累,因事互相拖累。
,疏,不密集。,,密,事物內部空隙小、不稀疏。
,疏忽,做事粗心大意，不周密。,,周密,周全。周全細密，考慮完備。
,甜蜜,形容食物的味道甜得像蜂蜜一樣。大多比喻生活過得幸福愉快。,,艱苦,艱難、痛苦。
,疏遠,遠離而不親近。,,親近,親善接近。
,疏遠,遠離而不親近。,,親密,親近。關係親近密切。
,疏遠,遠離而不親近。,,親戽戽,熟似親密狀、熱絡狀。
,第一,最先、最前、最好、最重要地，表示極高的程度。,,上尾,最後。
,窒倒街,到處都有、充斥四處。貨物多到把整條街塞得滿滿的，用來比喻東西非常多。,,無半絲,全無。一點兒也沒有，是加重語氣的用法。
,窒倒街,到處都有、充斥四處。貨物多到把整條街塞得滿滿的，用來比喻東西非常多。,,無半項,一樣東西都沒有。引申指人一無所知、一無是處、無能的樣子。
,粗,不精緻的。,,幼,細膩、精緻。常指東西的做工精緻或手藝精細。
,粗,不平滑的。,,幼,皮膚細嫩的樣子。
,粗,不平滑的。,,滑溜,光滑。
,粗工,粗活。笨重費力的工作。,,幼工,細活、細工。精密細緻的工作。
,紳士,泛指地方上有聲望的人，或是舉止斯文有禮的人。,,淑女,端莊嫻淑，既文雅又有德性的女子。
,粗俗,粗糙通俗、便宜的。,,貴參參,非常昂貴的。
,細粒子,形容身材嬌小。,,人懸漢大,大塊頭。形容人的身材高大。
,細粒子,形容身材嬌小。,,大箍把,指身材高大。有時可以用來貶抑人空有高大的外貌卻不中用。
,細粒子,形容身材嬌小。,,四壯,指身體強壯或身材魁梧。
,粗菜便飯,家常便飯、粗茶淡飯。多為請客時自謙的說法。,,魚魚肉肉,大魚大肉。指主要以魚、肉為主的菜餚。
,細漢,身材矮小。,,大漢,身材高大。
,細漢,身材矮小。,,四壯,指身體強壯或身材魁梧。
,細漢,輩份排行在後的。,,大漢,年長的。排行在先的或較年長的。
,粗魯,粗暴魯莽。,,文雅,優美、高雅。
,粗魯,粗暴魯莽。,,幼秀,指動作、行為、工作細膩。
,粗魯,粗暴魯莽。,,斯文,文雅。人的舉止文雅有禮貌。
,粗魯,粗暴魯莽。,,雅氣,氣質文雅、高尚。
,細膩,做事小心謹慎。,,生狂,做事慌慌張張的樣子。
,細膩,做事小心謹慎。,,無細膩,不小心。
,細膩,做事小心謹慎。,,趕狂,急忙、倉皇、慌慌張張。
,細膩,客氣。,,無細膩,不客氣。
,細聲,小聲。,,大聲,聲音宏大、響亮。
,細聲,小聲。,,大細聲,高聲喧鬧、吵鬧。
,聊聊仔,慢慢地、謹慎小心地。,,趕緊,加快動作的速度。
,脫線,罵人個性散漫，做事不積極，如同衣服的縫線脫落一樣。,,小心,注意、留意。
,許可,准許、答應。,,毋准,不允許、不答應。
,規氣,乾脆。做事直接乾脆，不拖泥帶水。,,沙屑,形容人囉嗦，不乾脆。
,規氣,乾脆。做事直接乾脆，不拖泥帶水。,,韌鼻,不乾脆。
,軟,不堅硬。,,𠕇,硬的、堅實的。
,這,指代稱較近距離的單數物品。,,彼,那個。指稱較遠距離的東西。
,這,指代稱較近的單數人、事、物、時間或地方，後接量詞或名詞。,,彼,那。指稱較遠的人、事、物、時間或地方，後接量詞或名詞。
,通,可以。,,毋通,不可以、不要。是一種語氣較委婉的勸說或請求。
,軟㽎㽎,軟綿綿。柔軟而且富有彈性。,,硬迸迸,硬邦邦。形容物品堅硬，或辦事態度強硬、死板。
,透心涼,由嘴、咽喉一直涼到心脾，形容涼極了。,,熱翕翕,非常悶熱。
,貨尾,存貨。殘存貨品，顧客挑剩的或是有瑕疵的貨品，因為不容易賣出，常會整批拋售。,,貨頭,指新上市的貨物。
,軟汫,指人的個性軟弱。,,強硬,態度堅決，不肯退讓。
,貨底,存貨。賣剩下的貨品。,,貨頭,指新上市的貨物。
,透流,從一而終、有始有終。,,斷站,指做某件事或工程，因故於進行中停止或擱置。
,軟弱,體質虛弱沒力氣。,,勇壯,身體強壯。
,軟弱,體質虛弱沒力氣。,,勇跤,強壯有力。
,軟弱,個性柔弱畏怯。,,強硬,態度堅決，不肯退讓。
,這站,這陣子、現在。說話當時的前後一段時間或一個節點。,,彼站,那陣子、那個時候。離現在比較遠的一段時間。
,這站,這陣子、現在。說話當時的前後一段時間或一個節點。,,斯當時,那時、當時，就在那個時間點。
,這站,這陣子、現在。說話當時的前後一段時間或一個節點。,,當初時,當初、那時候。
,軟荍荍,有氣無力的樣子。,,𠕇硞硞,形容堅硬、強硬。
,這陣,現在。當下這個時刻。,,彼站,那陣子、那個時候。離現在比較遠的一段時間。
,這陣,現在。當下這個時刻。,,彼陣,那時、那陣子。
,這陣,現在。當下這個時刻。,,彼擺,那次。
,這陣,現在。當下這個時刻。,,斯當時,那時、當時，就在那個時間點。
,這陣,現在。當下這個時刻。,,當初時,當初、那時候。
,這馬,現在。,,斯當時,那時、當時，就在那個時間點。
,這馬,現在。,,當初時,當初、那時候。
,連累,因事互相拖累。,,牽抾,受他人協助，導致某種好的結果。
,連紲,連續、接連不斷。,,斷站,指做某件事或工程，因故於進行中停止或擱置。
,責備,批評指責。,,呵咾,讚美、表揚。
,責備,批評指責。,,褒,稱讚、恭維。
,這搭,這裡。,,彼搭,彼處、那裡。離說話者比較遠的地方。
,這過,這次。,,彼擺,那次。
,軟膏膏,形容柔軟。,,𠕇硞硞,形容堅硬、強硬。
,軟膏膏,形容身體柔弱無力。,,𠕇硞硞,形容堅硬、強硬。
,貨頭,指新上市的貨物。,,貨尾,存貨。殘存貨品，顧客挑剩的或是有瑕疵的貨品，因為不容易賣出，常會整批拋售。
,貨頭,指新上市的貨物。,,貨底,存貨。賣剩下的貨品。
,連續,持續不斷。,,斷站,指做某件事或工程，因故於進行中停止或擱置。
,陰,表示夜晚、月亮、幽冥界等等與「陽」相對的事物。,,陽,日、太陽。引申為表示正、人間、雄性等與「陰」相對的概念。
,頂,物品的上方。,,下,指空間位置「上」的相反。
,頂勻,上輩。上一輩、上一代。,,下勻,後輩、晚輩。
,頂月,上個月。,,後月日,下個月。
,頂月,上個月。,,後個月,下個月。
,頂月日,上個月。,,後月日,下個月。
,頂月日,上個月。,,後個月,下個月。
,頂世人,前世、上輩子。,,後世人,下輩子、來世、來生。
,頂世人,前世、上輩子。,,後出世,下輩子、來世、來生。
,頂司,上司、上級。,,下司,下屬、手下。
,頂司,上司、上級。,,下跤手人,手下、下屬。從事打雜工作的部屬。
,頂半身,上半身。,,下半身,下半身。
,頂半暝,上半夜、前半夜。夜晚以後到午夜十二點之間的時間。,,下半暝,下半夜、後半夜。夜晚十二點以後到天亮的時間。
,都市,人口密度較高、工商交通發達的地區。,,庄跤,鄉下。
,都市,人口密度較高、工商交通發達的地區。,,鄉村,農村、鄉下。鄉下的村落。
,都合,時間、地點等條件的配合狀況。源自日語「都合（つごう）」。,,毋拄好,搞不好、不湊巧。
,野性,性情不溫馴，不受束縛。,,溫柔,溫和柔順。
,野性,性情不溫馴，不受束縛。,,溫馴,溫順、溫和。溫和馴良、平和不粗野。
,閉思,個性內向、害羞，靦腆的樣子。,,大方,舉止得體合宜、不矯飾，有大家風範。
,閉思,個性內向、害羞，靦腆的樣子。,,大範,一個人的舉止十分大方、自然，不受拘束。
,頂面,上面。,,下底,下面、底下。與「頂面」(tíng-bīn)相對。
,頂面,上面。,,下跤,下面、底下。
,頂面,上司、上級。,,下司,下屬、手下。
,頂晡,早上、上午。,,下午,中午過後的時間，指中午十二點到黃昏前的一段時間。
,頂晡,早上、上午。,,下晝,下午。
,頂晡,早上、上午。,,下晡,下午。
,頂港,北部。用來稱呼臺灣的北部地區。,,下港,指臺灣南部地方。
,頂過,上次。,,後擺,下次、下回。
,頂過,上次。,,後過,下次。將來。
,頂過,上次。,,後回,下次、下回。
,頂過,上次。,,後改,下次、下回。
,頂輩,長輩。,,下輩,晚輩、後輩。子姪輩或是輩分較低的人。
,陰曆,陰曆。根據月球繞地球公轉的周期所制定的曆法，又稱為「太陰曆」。如回教世界通行的回曆，一年有三百五十四或三百五十五天。漢族傳統的農曆則屬於「陰陽合曆」。,,陽曆,陽曆。根據地球繞太陽公轉的周期所制定的曆法，又稱為「太陽曆」。
,頂頭,上面、上頭。,,下底,下面、底下。與「頂面」(tíng-bīn)相對。
,頂頭,上面、上頭。,,下跤,下面、底下。
,頂幫,上次，前一次。,,後擺,下次、下回。
,頂幫,上次，前一次。,,後過,下次。將來。
,頂幫,上次，前一次。,,後回,下次、下回。
,頂幫,上次，前一次。,,後改,下次、下回。
,頂擺,上次、前回。,,下擺,下次、下回。
,頂擺,上次、前回。,,後擺,下次、下回。
,頂擺,上次、前回。,,後過,下次。將來。
,頂擺,上次、前回。,,後回,下次、下回。
,頂擺,上次、前回。,,後改,下次、下回。
,頂懸,上面、上頭。,,下底,下面、底下。與「頂面」(tíng-bīn)相對。
,頂懸,上面、上頭。,,下跤,下面、底下。
,喜劇,有圓滿結局的戲劇或是用誇張手法引人發笑的戲劇。,,悲劇,以不幸遭遇為主題的戲劇；在情節布局中主角的命運往往產生逆轉，而引起觀眾的同情。也可用來比喻悲慘的事物。
,喜劇,有圓滿結局的戲劇或是用誇張手法引人發笑的戲劇。,,苦齣,悲劇、苦情戲。
,單,獨一、不成雙的。,,雙,兩個的、兩邊的、成對的、加倍的。與單相對。
,報仇,報復。用行動來打擊仇敵以發洩心中的怨恨。,,報恩,報答他人的恩惠。
,報仇,報復。用行動來打擊仇敵以發洩心中的怨恨。,,報答,酬謝恩惠。
,喪事,人死後的殮葬、哀祭等事宜。,,喜事,婚嫁或一切值得慶賀的事。
,報恩,報答他人的恩惠。,,報仇,報復。用行動來打擊仇敵以發洩心中的怨恨。
,報恩,報答他人的恩惠。,,報復,報仇。對傷害自己的人以類似的手段進行反擊。
,單純,形容人或事物簡單而不複雜。,,複雜,事物繁複不單純。
,報復,報仇。對傷害自己的人以類似的手段進行反擊。,,報恩,報答他人的恩惠。
,報復,報仇。對傷害自己的人以類似的手段進行反擊。,,報答,酬謝恩惠。
,報答,酬謝恩惠。,,報仇,報復。用行動來打擊仇敵以發洩心中的怨恨。
,報答,酬謝恩惠。,,報復,報仇。對傷害自己的人以類似的手段進行反擊。
,媠,漂亮的、美麗的。,,䆀,醜陋。
,富,充裕的財產、財物。,,窮,貧乏、貧困。
,富,充裕的財產、財物。,,窮,貧乏、貧困。
,寒,一般指氣候上的冷。,,熱,因為大氣溫度高於人體體溫而產生的感覺。
,寒人,冬天。,,熱人,夏天。一年四季中的第二季。
,寒人,冬天。,,熱天,夏天。一年四季中的第二個季節，一般而言氣候較熱。
,媒人公,專指男性的媒人。,,媒人婆,媒婆。替人作媒的婦女。
,媒人婆,媒婆。替人作媒的婦女。,,媒人公,專指男性的媒人。
,富戶,有錢人家。,,散食人,窮人。指收入所得比一般水準來得低的人。又作「散赤人」(sàn-tshiah-lâng)。
,寒天,冬天。一年四季中最後一個季節，氣候寒冷。,,熱人,夏天。一年四季中的第二季。
,寒天,冬天。一年四季中最後一個季節，氣候寒冷。,,熱天,夏天。一年四季中的第二個季節，一般而言氣候較熱。
,尊長,長輩。,,下勻,後輩、晚輩。
,尊長,長輩。,,下輩,晚輩、後輩。子姪輩或是輩分較低的人。
,尊長,長輩。,,序細,晚輩、後輩。
,尊敬,敬重、尊崇。,,看袂起,瞧不起。
,尊敬,敬重、尊崇。,,看袂上目,看不上眼、輕視。
,富裕,形容富足、充裕。,,散赤,貧窮、窮困。缺乏錢財，生活拮据困乏。
,悲劇,以不幸遭遇為主題的戲劇；在情節布局中主角的命運往往產生逆轉，而引起觀眾的同情。也可用來比喻悲慘的事物。,,笑詼,笑話、笑料。令人發笑歡樂的事物。
,悲劇,以不幸遭遇為主題的戲劇；在情節布局中主角的命運往往產生逆轉，而引起觀眾的同情。也可用來比喻悲慘的事物。,,喜劇,有圓滿結局的戲劇或是用誇張手法引人發笑的戲劇。
,悲觀,沮喪或負面的人生態度。,,樂觀,對人生或一切事物的發展充滿信心和希望的生活態度。
,敢,有膽識，毫不畏懼的。,,毋敢,不敢。心中怯懦，以致於不能付諸行動。
,敨,打開、解開。,,套,將遮蓋物覆蓋在實際物品的外面。
,散凶,貧窮、窮困。缺乏錢財，生活拮据困乏。,,好額,富裕、富有。
,散凶人,窮人。貧苦的人。,,好額人,有錢人。錢財充裕、生活富足的人。
,散凶人,窮人。貧苦的人。,,有錢人,富有的人。
,散凶人,窮人。貧苦的人。,,財主,富翁。指有錢人。
,斯文,文雅。人的舉止文雅有禮貌。,,粗魯,粗暴魯莽。
,散赤,貧窮、窮困。缺乏錢財，生活拮据困乏。,,好額,富裕、富有。
,散赤,貧窮、窮困。缺乏錢財，生活拮据困乏。,,富裕,形容富足、充裕。
,散赤,貧窮、窮困。缺乏錢財，生活拮据困乏。,,饒裕,富裕、豐裕。錢財或物資充裕。
,散食人,窮人。指收入所得比一般水準來得低的人。又作「散赤人」(sàn-tshiah-lâng)。,,好額人,有錢人。錢財充裕、生活富足的人。
,散食人,窮人。指收入所得比一般水準來得低的人。又作「散赤人」(sàn-tshiah-lâng)。,,有錢人,富有的人。
,散食人,窮人。指收入所得比一般水準來得低的人。又作「散赤人」(sàn-tshiah-lâng)。,,財主,富翁。指有錢人。
,散食人,窮人。指收入所得比一般水準來得低的人。又作「散赤人」(sàn-tshiah-lâng)。,,富戶,有錢人家。
,散票,零鈔、小鈔。小額的紙幣，不包含硬幣。,,大百,大鈔。大面額的鈔票。
,散票,零鈔、小鈔。小額的紙幣，不包含硬幣。,,大張的,特指大鈔。指千元以上，大面額大的鈔票。
,普通,通常、一般。,,怪奇,奇怪、奇特、蹊蹺。
,期待,希望、盼望。,,失望,希望落空，心裡難過。
,暑假,各級學校因為夏天暑熱而放假，時間通常是在七月、八月。,,歇寒,放寒假。
,殘忍,兇惡狠毒。,,仁慈,和善、善良。慈悲，寬大慈善。
,減省,儉省、節省。,,浪費,沒有節制、無益的耗費。
,減省,儉省、節省。,,討債,浪費、蹧蹋。沒有節制、無益的耗費。
,欺負,欺悔、欺凌。,,疼痛,疼愛、關切憐惜。
,欺負,欺悔、欺凌。,,照顧,照料、看顧、幫助。
,殘酷,殘忍、冷酷無情。,,仁慈,和善、善良。慈悲，寬大慈善。
,無,沒有。,,有,表事實或狀況的正面存在，與「無」(bû)相對。
,焦,形容物體乾燥，沒有水分。,,澹,溼。
,焦,形容物體乾燥，沒有水分。,,溼,含有微量水分而覺得潮溼不乾爽。
,無一定,不一定、不確定。,,必然,確定不移。
,無人緣,沒有人緣，不討人喜歡。,,有人緣,人緣好。和大家相處融洽、關係良好。
,無天理,沒有天理。通常用在感嘆人事不公。,,天公地道,天地間原本如此而不容改變的道理。非常公平公道。
,無天理,沒有天理。通常用在感嘆人事不公。,,合該然,理當如此。同意且支持對方提出的處理方式。
,無毋著,沒錯。,,毋著,不對。
,無半絲,全無。一點兒也沒有，是加重語氣的用法。,,窒倒街,到處都有、充斥四處。貨物多到把整條街塞得滿滿的，用來比喻東西非常多。
,無半絲,全無。一點兒也沒有，是加重語氣的用法。,,滿四界,處處、遍地。到處都是。
,無半絲,全無。一點兒也沒有，是加重語氣的用法。,,規山坪,滿山遍野。
,無半絲,全無。一點兒也沒有，是加重語氣的用法。,,規山坪,比喻到處都是。
,無半項,一樣東西都沒有。引申指人一無所知、一無是處、無能的樣子。,,窒倒街,到處都有、充斥四處。貨物多到把整條街塞得滿滿的，用來比喻東西非常多。
,無半項,一樣東西都沒有。引申指人一無所知、一無是處、無能的樣子。,,滿四界,處處、遍地。到處都是。
,無半項,一樣東西都沒有。引申指人一無所知、一無是處、無能的樣子。,,規山坪,滿山遍野。
,無半項,一樣東西都沒有。引申指人一無所知、一無是處、無能的樣子。,,規山坪,比喻到處都是。
,無步,沒轍。沒辦法。,,有法度,有辦法、有能力。
,無事使,喻沒有用、不中用。,,有路用,有用處、有益處。
,無定著,也許、說不定。,,必然,確定不移。
,無定著,也許、說不定。,,定規,必定、必然、肯定。
,無定著,指小孩子不安定，無法安靜下來。,,得定,鎮定、穩重。
,無拄好,不巧。,,千拄千,無巧不成書，準確的有點異常。
,無拄好,不巧。,,拄仔,恰恰、恰巧。
,無拄好,不巧。,,對千,剛好、恰好。
,無所謂,不要緊、沒關係。,,有要緊,對事情嚴重程度的一種慣用說法。
,無法度,沒辦法、沒能力。,,有法度,有辦法、有能力。
,無法度,沒辦法、沒能力。,,有路來,有辦法、做得來。
,無的確,說不定、不一定。,,必然,確定不移。
,無的確,說不定、不一定。,,的確,一定。
,無要緊,不要緊、沒關係。,,有要緊,對事情嚴重程度的一種慣用說法。
,無眠,睡眠不足。,,落眠,熟睡、沉睡。
,無神,無精打采、沒精神。,,有神,形容有神采、精神飽滿。
,無神,無精打采、沒精神。,,精英,有元氣、有活力。
,無夠月,早產。胎兒在子宮內發育月數不足，便因故出生。,,夠月,胎兒在母體中成長的月分已足。一般為37週。
,無夠重,不夠重、重量不足，也引申為看不起人。,,看有起,看重、看得起；一般視為離合詞。
,無張持,不小心。沒注意到。,,刁工,故意。
,無張持,不小心。沒注意到。,,刁持,故意、存心。
,無張持,不小心。沒注意到。,,刁意故,故意、存心。
,無張持,不小心。沒注意到。,,張持,注意、小心。
,無情,薄情。形容不講人情、不留情面的樣子。,,多情,富於情感。
,焦涸涸,乾涸。形容非常的乾。,,澹漉漉,溼淋淋、溼答答。形容含水量很高的樣子。
,焦涸涸,乾涸。形容非常的乾。,,澹糊糊,溼淋淋、溼答答。形容含水量很高的樣子。
,無細膩,不小心。,,刁工,故意。
,無細膩,不小心。,,刁持,故意、存心。
,無細膩,不小心。,,刁故意,存心、故意。
,無細膩,不小心。,,刁意故,故意、存心。
,無細膩,不小心。,,小心,注意、留意。
,無細膩,不小心。,,注意,小心、留意。
,無細膩,不小心。,,細膩,做事小心謹慎。
,無細膩,不小心。,,謹慎,對自己的言行或外界事務格外小心仔細，以避免有不利或不幸的事情發生。
,無細膩,不客氣。,,細膩,客氣。
,無通,不可行、不妥切。,,有通,行得通、可行的。
,無量,小氣。沒有度量，吝嗇，不大方。,,好量,指人有雅量，氣度寬大。
,無量,小氣。沒有度量，吝嗇，不大方。,,有量,寬宏大量。指一個人的度量十分寬大。
,無閒,沒空、忙碌。,,有閒,有空。有空閒、餘暇。
,無愛,不要。,,欲,要、想，表示意願。
,無意中,意外、無意間。,,刁故意,存心、故意。
,無路用,沒有用、不中用。,,中用,物品很好使用，容易使用。
,無路用,沒有用、不中用。,,中用,形容人很有能力、很好差遣。
,無路來,沒有辦法，不知道該如何去做、去說。,,有路來,有辦法、做得來。
,無影,不真實的，沒有的事。,,有影,真實不虛的。
,焦燥,乾燥。缺乏水分的。,,澹,溼。
,焦燥,乾燥。缺乏水分的。,,溼,含有微量水分而覺得潮溼不乾爽。
,無膽,膽小。形容人膽子小、膽量不大。,,在膽,膽子大、不畏怯。
,無禮,形容人不懂禮數。,,厚禮數,多禮。禮數周到。
,無攬無拈,無精打采、沒精神，提不起勁的樣子。,,綿精,鍥而不捨、汲汲營營。為達目的，想盡辦法，堅持到底，有時甚至到糾纏不休惹人厭的程度。
,短,事物之間的距離小，與長相對。,,長,形容時間的久遠。
,短,事物之間的距離小，與長相對。,,長,形容物體或空間兩端的距離較大、較遠。
,短,引申為不夠、少、小、缺失等。,,長,形容物體或空間兩端的距離較大、較遠。
,短,引申為不夠、少、小、缺失等。,,濟,多。
,短䘼,短袖。長度不超過上臂的袖子。,,長䘼,長袖。
,短命,以詛咒人壽命不長、早死來罵人。,,長命,長壽、高壽。
,短命,以詛咒人壽命不長、早死來罵人。,,長歲壽,長壽、長命、高壽。
,短命,以詛咒人壽命不長、早死來罵人。,,長壽,長命、高壽。壽命很長。
,硬迸迸,硬邦邦。形容物品堅硬，或辦事態度強硬、死板。,,軟㽎㽎,軟綿綿。柔軟而且富有彈性。
,短歲壽,短命。壽命不長、早夭。,,長命,長壽、高壽。
,短歲壽,短命。壽命不長、早夭。,,長歲壽,長壽、長命、高壽。
,短歲壽,短命。壽命不長、早夭。,,長壽,長命、高壽。壽命很長。
,絚,緊。嚴密，不放鬆。,,冗,鬆、寬。形容東西、事物不緊或寬鬆的樣子。
,絚,形容生活困窘，不寬裕。,,冗,形容金錢方面的寬裕。
,結合,彼此相聯合。通常用來指男女雙方聯姻。,,離婚,離異。夫妻依照法定手續解除婚姻關係。
,結合,彼此相聯合。通常用來指男女雙方聯姻。,,離緣,離婚。夫婦依照法定手續解除婚姻關係。
,結果,事物的最後結局或歸宿。,,起因,原因。事情發生的根本原因。
,絕路,死路，走不通的路。,,生路,可逃生、活命的路徑或方法。
,絕路,死路，走不通的路。,,活路,生路。
,結實,堅固、紮實。,,爛朽朽,破破爛爛。
,答應,允許、承諾。,,毋准,不允許、不答應。
,答應,允許、承諾。,,反對,不贊成。
,答應,允許、承諾。,,回,謝絕、辭去。
,答應,允許、承諾。,,拒絕,拒退斷絕，不接受。
,答應,允許、承諾。,,推辭,拒絕、推辭。
,著,對。,,毋著,不對。
,虛,不實的、假的。,,真,純正、不虛假的。
,虛,不實的、假的。,,實,真的。
,著時,當季、符合節令。,,退時,過時。過了盛產期或興盛期。
,貴,東西價錢很高。,,便宜,價格低廉。
,貴,東西價錢很高。,,俗,便宜。
,貴,令人尊崇的。,,賤,地位卑下的。
,貶,批評。,,褒,稱讚、恭維。
,買,使用金錢購物。,,賣,出售貨品、財物或勞力以換取金錢。
,買,使用金錢購物。,,賣,出售貨品、財物或勞力以換取金錢。
,貴參參,非常昂貴的。,,俗,便宜。
,貴參參,非常昂貴的。,,粗俗,粗糙通俗、便宜的。
,超過,過分。超越適當的分量。,,節制,限制不使過度。
,超過,過分。超越適當的分量。,,撙節,節制。
,趁錢,賺錢。,,了錢,賠錢、虧本。
,趁錢,賺錢。,,賠錢,賠償金錢。
,進,向前移動。,,退,背向後方行走。
,進口,入口、輸入。外國或外地的東西輸入、賣到本地。,,出口,將本國貨物販售運送至國外。
,鄉村,農村、鄉下。鄉下的村落。,,城市,都市。人口集中，工商業發達，居民多為外來人口，通常是周圍地區的經濟、政治、文化及流行中心。
,鄉村,農村、鄉下。鄉下的村落。,,都市,人口密度較高、工商交通發達的地區。
,進步,逐漸好轉。,,退步,落後。從較優良的狀況變成較低劣的狀況。
,進步,逐漸好轉。,,落伍,原意是指行動緩慢，跟不上隊伍。後來常用來比喻事物、行為、思想等跟不上時代潮流。
,進前,以前、從前。,,後來,指一段時間之後。
,進前,以前、從前。,,落尾,後來、最後。
,進前,以前、從前。,,後日仔,日後、以後、將來。未來的日子。
,進前,之前。,,押尾,最後。
,進前,向前、前進。,,倒退,倒退。往後退。
,進前,向前、前進。,,退後,後退。向後移動。
,鈍,刀不利。,,利,形容器物或五官的能力很尖銳。
,鈍,笨拙緩慢。,,扭掠,形容手腳快、動作敏捷。
,鈍,笨拙緩慢。,,猛,行動迅速。
,開,啟、打開。,,關,閉。
,陽,日、太陽。引申為表示正、人間、雄性等與「陰」相對的概念。,,陰,表示夜晚、月亮、幽冥界等等與「陽」相對的事物。
,閒仙仙,形容人閒著沒事幹。,,無閒𩑾𩑾,忙得不可開交、忙碌不堪、非常忙碌。
,閒仙仙,形容人閒著沒事幹。,,無時閒,忙碌。一刻都閒不下來，指人很忙碌，無一刻停歇。
,開盤,股票或金融市場開始買賣運作。,,收盤,證券交易所或各行業公會結束交易。
,開墾,開闢未經開發過的荒地。,,臭生荒,荒置、廢棄任其荒涼。
,陽曆,陽曆。根據地球繞太陽公轉的周期所制定的曆法，又稱為「太陽曆」。,,陰曆,陰曆。根據月球繞地球公轉的周期所制定的曆法，又稱為「太陰曆」。如回教世界通行的回曆，一年有三百五十四或三百五十五天。漢族傳統的農曆則屬於「陰陽合曆」。
,陽曆,陽曆。根據地球繞太陽公轉的周期所制定的曆法，又稱為「太陽曆」。,,咱人,指農曆。可以說是「咱人的曆日」(lán-lâng ê la̍h-ji̍t)的簡略說法，是臺灣人原本使用的傳統曆法，相對於日治時代日本人引進的新式曆法。
,集中,集合、匯聚在一起。,,分開,分離、分散。
,集中,集合、匯聚在一起。,,四散,向四周分散。
,集中,集合、匯聚在一起。,,解散,叫集合的人分散開。
,集合,會合、聚在一起。,,分開,分離、分散。
,集合,會合、聚在一起。,,四散,向四周分散。
,集合,會合、聚在一起。,,解散,叫集合的人分散開。
,順風,順著風勢。,,對頭風,迎面而來的逆風。
,順風,順著風勢。,,㧣風,逆風前進。
,雅氣,氣質文雅、高尚。,,粗魯,粗暴魯莽。
,順從,遵從、依從。,,反抗,心中不服而予以抗拒。
,順從,遵從、依從。,,違反,違背。
,順從,遵從、依從。,,觸,違逆、辜負。違逆別人的想法或辜負他人。
,頇顢,形容人愚笨、遲鈍、笨拙、沒有才能。,,巧神,伶俐、靈巧，機靈可愛的樣子。
,頇顢,形容人愚笨、遲鈍、笨拙、沒有才能。,,巧氣,聰穎、靈巧。
,勥,形容人精明能幹、能力很行、很強的樣子。多用於形容女性，現今表示有點過分的能幹。,,見天,迷糊、漫不經心。
,勥跤,形容一個人精明能幹，一般用在形容女人，有貶義。,,低路,低能。指不中用。
,園,指園地、旱地。,,田,可供耕作或作資源開發的土地。「田」裡有水，「田」是指「水田」，「園」是指「旱田」。
,嫁,女子結婚。,,娶,男子帶女子入門成親。
,嫁娶,男婚女嫁之事。結婚。,,離婚,離異。夫妻依照法定手續解除婚姻關係。
,嫁娶,男婚女嫁之事。結婚。,,離緣,離婚。夫婦依照法定手續解除婚姻關係。
,慎重,形容人在行為處事的時候小心謹慎、沉穩莊重。,,懂嚇,冒失、莽撞。
,損,減少。,,添,加、增、補。
,搝,拉扯。,,捒,推。
,新,沒有使用過的。與「舊」(kū)相對。,,舊,用很久的、老的、以前的。與「新」(sin)相對。
,新曆,本國採用之世界通行新曆法，屬「陽曆」的一種，以別於漢族傳統通行的「舊曆」。,,舊曆,農曆。漢族傳統通行的曆法，屬「陰陽合曆」的一種。大月三十天，小月二十九天；平年一年十二個月，閏年十三個月。
,新曆,本國採用之世界通行新曆法，屬「陽曆」的一種，以別於漢族傳統通行的「舊曆」。,,咱人,指農曆。可以說是「咱人的曆日」(lán-lâng ê la̍h-ji̍t)的簡略說法，是臺灣人原本使用的傳統曆法，相對於日治時代日本人引進的新式曆法。
,搖頭,頭向左右擺動，通常用來表示拒絕、否定、阻止或不以為然的意思。,,頕頭,點頭。頭上下微動，以表示允諾、贊許、領會等意思。
,摃龜,希望落空或是彩頭沒中。源自日語。,,著獎,中獎。因彩券、獎券或統一發票等對中號碼，而獲得獎品或獎金。
,摃龜,希望落空或是彩頭沒中。源自日語。,,著等,入選；得名、獲得名次。
,摃龜,希望落空或是彩頭沒中。源自日語。,,著等,得獎。獲得獎賞。
,會用得,可以、可行。人、東西可以使用或指事情行得通。語氣完結時唸作ē-īng--tit。,,袂用得,不可以。語氣完結時唸作bē-īng--tit。
,會用得,可以、可行。人、東西可以使用或指事情行得通。語氣完結時唸作ē-īng--tit。,,袂使得,不可以、使不得。語氣完結時唸作bē-sái--tit。
,會用得,可以、可行。人、東西可以使用或指事情行得通。語氣完結時唸作ē-īng--tit。,,袂做得,不可以做、行不通。
,會合,照約定好的時間及地點彼此聚會、集合。,,分開,分離、分散。
,會合,照約定好的時間及地點彼此聚會、集合。,,四散,向四周分散。
,會合,照約定好的時間及地點彼此聚會、集合。,,解散,叫集合的人分散開。
,暗色,較濃或深沉的顏色。,,笑色,淺色。
,會使,可以、能夠。,,袂使,不可以、使不得。
,會使,可以、能夠。,,袂使得,不可以、使不得。語氣完結時唸作bē-sái--tit。
,會使得,可以、可行。人、東西可以使用或是事情行得通。語氣完結時唸作ē-sái--tit。,,袂用得,不可以。語氣完結時唸作bē-īng--tit。
,會使得,可以、可行。人、東西可以使用或是事情行得通。語氣完結時唸作ē-sái--tit。,,袂使得,不可以、使不得。語氣完結時唸作bē-sái--tit。
,會使得,可以、可行。人、東西可以使用或是事情行得通。語氣完結時唸作ē-sái--tit。,,袂做得,不可以做、行不通。
,暗時,夜晚、晚上。,,當頭白日,大白天。特別強調說話的當時為白天。
,暗眠摸,黑漆漆、一片漆黑。形容很黑很暗，什麼都看不到。,,光映映,形容非常光亮的樣子。
,暗眠摸,黑漆漆、一片漆黑。形容很黑很暗，什麼都看不到。,,光炎炎,形容光亮耀眼、輝煌奪目的樣子。
,會做得,可以、可行。可以做、行得通。語氣完結時唸作ē-tsò--tit。,,袂用得,不可以。語氣完結時唸作bē-īng--tit。
,會做得,可以、可行。可以做、行得通。語氣完結時唸作ē-tsò--tit。,,袂使得,不可以、使不得。語氣完結時唸作bē-sái--tit。
,會做得,可以、可行。可以做、行得通。語氣完結時唸作ē-tsò--tit。,,袂做得,不可以做、行不通。
,會得,能夠、可以。,,袂使,不可以、使不得。
,會得,能夠、可以。,,袂使得,不可以、使不得。語氣完結時唸作bē-sái--tit。
,會得,能夠、可以。,,袂當,不行、不能夠。
,會得,能夠、可以。,,袂得,不得、不能、無法。因為外在因素所限，而不能做某事。
,會得通,可以、得以、能夠。,,袂使,不可以、使不得。
,會得通,可以、得以、能夠。,,袂使得,不可以、使不得。語氣完結時唸作bē-sái--tit。
,會得通,可以、得以、能夠。,,袂得通,因某種原因造成無法從事某種活動。
,會得通,可以、得以、能夠。,,袂當,不行、不能夠。
,暗淡,不鮮豔、不明亮。,,光明,比喻希望。
,會當,可以。能夠、做得到。,,袂使,不可以、使不得。
,會當,可以。能夠、做得到。,,袂使得,不可以、使不得。語氣完結時唸作bē-sái--tit。
,會當,可以。能夠、做得到。,,袂當,不行、不能夠。
,暗漠漠,黑漆漆。形容非常黑暗的樣子，完全看不見。,,光映映,形容非常光亮的樣子。
,暗漠漠,黑漆漆。形容非常黑暗的樣子，完全看不見。,,光炎炎,形容光亮耀眼、輝煌奪目的樣子。
,暗趖趖,黑漆漆。形容漆黑一片。,,光映映,形容非常光亮的樣子。
,暗趖趖,黑漆漆。形容漆黑一片。,,光炎炎,形容光亮耀眼、輝煌奪目的樣子。
,會曉,知道、懂得。有能力去做某件事。,,袂曉,不會、不懂。
,會頭,會首。現多指民間儲蓄互助會的發起人。,,會跤,參加民間儲蓄互助會的一般會員，相對於發起人「會頭」(huē-thâu)而言。
,歇冬,放寒假。,,歇熱,放暑假。
,溫柔,溫和柔順。,,野性,性情不溫馴，不受束縛。
,準時,按照規定的時間。,,慢分,誤點。通常指班機、班車遲到。
,歇寒,放寒假。,,暑假,各級學校因為夏天暑熱而放假，時間通常是在七月、八月。
,歇寒,放寒假。,,歇熱,放暑假。
,溫暖,暖和。,,烏寒,陰天又寒冷的。
,歁歁,呆呆笨笨的。,,巧神,伶俐、靈巧，機靈可愛的樣子。
,歁歁,呆呆笨笨的。,,巧氣,聰穎、靈巧。
,溫馴,溫順、溫和。溫和馴良、平和不粗野。,,野性,性情不溫馴，不受束縛。
,溫馴,溫順、溫和。溫和馴良、平和不粗野。,,挐頭,小孩子無理取鬧的樣子。
,歇熱,放暑假。,,歇冬,放寒假。
,歇熱,放暑假。,,歇寒,放寒假。
,煞尾,末尾、最後。,,自頭,從頭。自起初開始。
,煞尾,末尾、最後。,,起基,當初。
,煞鼓,劇終。戲劇終了。用以引申事情或活動結束。,,起鼓,開鑼、上戲、揭開序幕，傳統戲劇要上演時會先由樂師打鼓準備上戲。
,煞戲,劇終。戲劇終了。引申為一切事物的結束。,,起鼓,開鑼、上戲、揭開序幕，傳統戲劇要上演時會先由樂師打鼓準備上戲。
,照步來,按部就班。照一定的條理順序處理事情。,,偷食步,作弊、投機取巧。利用時機、不守規定、不按部就班而獲取利益。
,照起工,按部就班，照規矩制度來行事。,,偷食步,作弊、投機取巧。利用時機、不守規定、不按部就班而獲取利益。
,照顧,照料、看顧、幫助。,,欺負,欺悔、欺凌。
,矮,短小、不高。,,躼,形容人長得高。
,當頭白日,大白天。特別強調說話的當時為白天。,,暗時,夜晚、晚上。
,碗公,比一般飯碗還要大的碗。,,碗頭仔,小碗。
,碗頭仔,小碗。,,碗公,比一般飯碗還要大的碗。
,節制,限制不使過度。,,超過,過分。超越適當的分量。
,節制,限制不使過度。,,過頭,過度、過分。超越適當的限度。
,節省,節約。,,浪費,沒有節制、無益的耗費。
,節省,節約。,,討債,浪費、蹧蹋。沒有節制、無益的耗費。
,節儉,節省儉用。,,浪費,沒有節制、無益的耗費。
,節儉,節省儉用。,,討債,浪費、蹧蹋。沒有節制、無益的耗費。
,落䈄,竹子或甘蔗等的節距較長。,,實䈄,竹子或甘蔗的節與節之間的距離較短。
,落去,下去。從上面到下面，發話者不在下面，語氣完結時唸作lo̍h--khì。,,起來,上來。由下往上、由低處往高處。
,落伍,原意是指行動緩慢，跟不上隊伍。後來常用來比喻事物、行為、思想等跟不上時代潮流。,,時行,流行、時髦。
,落伍,原意是指行動緩慢，跟不上隊伍。後來常用來比喻事物、行為、思想等跟不上時代潮流。,,進步,逐漸好轉。
,落尾,後來、最後。,,代先,事先、預先。
,落尾,後來、最後。,,自頭,從頭。自起初開始。
,落尾,後來、最後。,,起頭,起初、開頭。
,落尾,後來、最後。,,進前,以前、從前。
,落尾,後來、最後。,,頭先,起初、起先。在時間或事情流程上比較早的。
,落尾,後來、最後。,,頭起先,起初、剛開始。
,落尾,後來、最後。,,寢頭,起初、起先。剛開始的時候。
,落尾,後來、最後。,,起基,當初。
,落尾手,後來、最後。,,起頭,起初、開頭。
,落尾手,後來、最後。,,頭先,起初、起先。在時間或事情流程上比較早的。
,落尾手,後來、最後。,,頭起先,起初、剛開始。
,落尾手,後來、最後。,,寢頭,起初、起先。剛開始的時候。
,落尾手,後來、最後。,,起基,當初。
,落來,在什麼以下，其次。,,起去,以前，時間回溯到過去、過往。
,落來,在什麼以下，其次。,,起去,以上。
,落雨天,雨天。,,大晡日,出大太陽的好天氣。
,落南,南下。到南方、向南方行進。,,上北,北上。臺灣地理的觀念上，以北為上，南為下，所以向北出發即是「上北」。
,落屎,拉肚子、腹瀉。,,祕結,便秘。病名。一種消化性疾病的名稱，因糞便在大腸停留的時間過長，使得大量乾硬的糞便堆積在降結腸，造成大便不暢通。
,落眠,熟睡、沉睡。,,失眠,夜晚不能自然入睡。
,落眠,熟睡、沉睡。,,無眠,睡眠不足。
,落衰,走背運、走霉運。,,出運,運氣由壞轉好。
,落衰,走背運、走霉運。,,好運,運氣好。
,落衰,走背運、走霉運。,,轉氣,手氣變好。
,落崎,下坡。,,上崎,上坡。
,落軟,軟化、緩和。強硬或倔強的態度變緩和。,,強硬,態度堅決，不肯退讓。
,落價,降價、減價。,,起價,漲價。物價上揚。
,落魄,失意潦倒的樣子。,,囂俳,囂張。形容人的行為舉止放肆傲慢。
,解酒,醒酒。消解酒醉的狀態。,,酒醉,喝酒過量因而神志不清。
,解散,叫集合的人分散開。,,集中,集合、匯聚在一起。
,解散,叫集合的人分散開。,,集合,會合、聚在一起。
,解散,叫集合的人分散開。,,會合,照約定好的時間及地點彼此聚會、集合。
,賊仔,小偷、竊賊。,,警察,依法維持公共秩序，保護社會安寧的治安人員。
,跤仔,嘍囉、部下。小角色、跑腿的。,,頭兄,首腦人物。
,遐,那、那裡。,,遮,這、這裡。
,道士,民間一般分烏頭道士及紅頭道士。烏頭道士頭包烏網巾，戴道冠，穿道袍，腳穿普通鞋及朝鞋；而紅頭道士則頭包紅巾戴額帽，身穿普通衣，腰圍白裙，腳則赤足。一般紅頭道士是度生的，即為活人驅邪押煞、禳星補運；而烏頭道士除了度生外，也兼度死，為死人做功德超度亡魂。,,先生媽,巫婆。稱呼道教中從事各種儀式、代人祈禱、求鬼神賜福、解決問題的女性。
,違反,違背。,,順從,遵從、依從。
,較早,以往、以前。,,後日仔,日後、以後、將來。未來的日子。
,農村,農民聚居的村落。,,城市,都市。人口集中，工商業發達，居民多為外來人口，通常是周圍地區的經濟、政治、文化及流行中心。
,過時,退流行，不合時宜。,,流行,時興。盛行於當時。
,過時,退流行，不合時宜。,,時行,流行、時髦。
,過氣,斷氣。死亡。,,活,生存。
,遐爾仔,那麼。,,遮爾仔,這麼、這般。
,過頭,過度、過分。超越適當的限度。,,站節,分寸。
,過頭,過度、過分。超越適當的限度。,,節制,限制不使過度。
,過頭,過度、過分。超越適當的限度。,,撙節,節制。
,過謙,過於謙虛。,,聳勢,威風，有時略帶貶義。
,零星,零數、零碎、零錢。,,大張的,特指大鈔。指千元以上，大面額大的鈔票。
,實,裝滿、塞滿的樣子。,,櫳,稀疏的。
,實,真的。,,假,不真實的、虛偽的。
,實,真的。,,虛,不實的、假的。
,實腹,內部紮實不空心的。,,空殼,空心不實的。
,實腹,內部紮實不空心的。,,冇心,質地鬆散不結實。
,慢,速度遲緩。,,緊,快、迅速。
,慢車,速度比較慢或停站次數較多的火車。,,快車,加快行駛速度或是減少停靠站以節省行車時程的火車或公共汽車。
,慢性,性情不急躁。,,急性,性情急躁。
,慢性,時間長的、耐久的。,,急性,變化急劇的。
,慷慨,大方而不吝嗇。,,㾀屎,器量狹小，用度過分節儉。吝嗇，不大方。
,慢慢仔,緩緩地、緩慢地。,,趕緊,加快動作的速度。
,暝,夜、晚。,,日時,白天。
,滿四界,處處、遍地。到處都是。,,無半絲,全無。一點兒也沒有，是加重語氣的用法。
,滿四界,處處、遍地。到處都是。,,無半項,一樣東西都沒有。引申指人一無所知、一無是處、無能的樣子。
,漖,含水分多的、被水分稀釋的。,,洘,液體濃、稠。
,漚色,顏色灰暗。,,豔色,顏色豔麗。
,漚色,顏色灰暗。,,花血,花俏豔麗。
,漢醫,中醫。,,西醫,採用西洋醫術的醫生或醫療方法。
,漢藥,中藥。中醫所用的藥物。,,西藥,西醫所用的藥品，通常多為合成方法製成。
,漢藥店,中藥鋪。中醫診治疾病和販賣中藥材的地方。,,西藥房,販賣西洋藥物的商店。
,精光,精明。頭腦聰明，做事仔細。,,糊塗,指腦筋不清楚，做事情忘東忘西，或是不明事理。
,精光,精明。頭腦聰明，做事仔細。,,見天,迷糊、漫不經心。
,精肉,瘦肉。,,白肉,肥肉。
,精肉,瘦肉。,,肥肉,多脂肪質的肉類。
,種作,栽種、種植。,,臭生荒,荒置、廢棄任其荒涼。
,算袂和,划不來。不合算、不值得。,,算會和,划算、划得來。
,算袂和,划不來。不合算、不值得。,,會和,划算。
,精通,因深入研究而貫通。,,袂曉,不會、不懂。
,緊,快、迅速。,,慢,速度遲緩。
,罰,懲處。,,賞,獎勵。
,緊手,快手。形容人手腳俐落，做事敏捷。,,慢手,慢吞吞、動作遲緩。
,緊手,快手。形容人手腳俐落，做事敏捷。,,慢鈍,遲鈍、慢吞吞。
,緊手,快手。形容人手腳俐落，做事敏捷。,,鈍跤鈍手,笨手笨腳。形容動作或手腳不靈活。
,蝕本,虧本。虧損賠錢。,,省本,節省成本。
,趕緊,加快動作的速度。,,勻勻仔,慢慢地、謹慎小心地。
,趕緊,加快動作的速度。,,沓沓仔,慢慢地。
,趕緊,加快動作的速度。,,聊聊仔,慢慢地、謹慎小心地。
,趕緊,加快動作的速度。,,慢慢仔,緩緩地、緩慢地。
,趕緊,加快動作的速度。,,寬寬仔,慢慢地。
,趕緊,急迫、匆忙。,,沓沓仔,慢慢地。
,趕緊,急迫、匆忙。,,勻聊仔,慢慢地、謹慎小心地。
,賒數,賒帳。商業交易時先取得商品，日後再付款。,,還數,還債。償還所積欠的債款。
,賒數,賒帳。商業交易時先取得商品，日後再付款。,,現交關,現金交易。
,認輸,承認失敗。,,跋臭,耍賴、賴皮。原意是賭博時，眼看自己就要輸了，就使手段讓賭局破局，引申為沒風度，拖優勢方下水，讓大家都成為輸家。
,認錯,承認自己的過失。,,死毋坐認,執意不肯承認錯誤。
,遠,時間、空間的距離大，或是血統、交情等關係不近。,,近,指時間、地點、血統、關係等方面距離不遠的。
,遠,時間、空間的距離大，或是血統、交情等關係不近。,,近,指時間、地點、血統、關係等方面距離不遠的。
,酷刑,殘忍、心狠手辣。,,仁慈,和善、善良。慈悲，寬大慈善。
,踅神,神情恍惚的樣子。,,有神,形容有神采、精神飽滿。
,踅神,神情恍惚的樣子。,,精英,有元氣、有活力。
,輕視,歧視、看不起。用不公平的眼光、角度看待別人。,,看重,重視、著重。
,輕視,歧視、看不起。用不公平的眼光、角度看待別人。,,重視,注重。特別注意。
,遠親,血統關係較為疏遠的親戚。,,近親,血緣較近的親屬。
,輕聲細說,輕聲細語。指說話聲音細小。,,牛聲馬喉,大聲吆喝。
,輕鬆,形容精神或生理上的感受既舒緩又沒有壓力。,,沉重,形容病勢嚴重或壓力、負擔很大。
,輕鬆,形容精神或生理上的感受既舒緩又沒有壓力。,,辛苦,辛勞。形容身心勞累。
,輕鬆,形容精神或生理上的感受既舒緩又沒有壓力。,,艱苦,艱難、痛苦。
,領受,接受。收受、接納。,,拒絕,拒退斷絕，不接受。
,領受,接受。收受、接納。,,謝絕,委婉地推辭拒絕。
,頕頭,點頭。頭上下微動，以表示允諾、贊許、領會等意思。,,搖頭,頭向左右擺動，通常用來表示拒絕、否定、阻止或不以為然的意思。
,頕頭,點頭。頭上下微動，以表示允諾、贊許、領會等意思。,,幌頭,搖頭。
,頕頭,點頭。頭上下微動，以表示允諾、贊許、領會等意思。,,幌頭,引申指不欣賞、不贊同、沒指望等。
,儉儉仔用,節用、節儉、節省。,,匪類,指人任意蹧蹋物資，不加節制。
,儉儉仔用,節用、節儉、節省。,,浪費,沒有節制、無益的耗費。
,儉儉仔用,節用、節儉、節省。,,討債,浪費、蹧蹋。沒有節制、無益的耗費。
,屧貼,指東西放得整齊且密實。,,散掖掖,散亂。
,寬寬仔,慢慢地。,,趕緊,加快動作的速度。
,撙節,節制。,,超過,過分。超越適當的分量。
,撙節,節制。,,過頭,過度、過分。超越適當的限度。
,憂頭苦面,愁眉苦臉。眉頭緊皺，苦喪著臉。形容憂傷、愁苦的神色。,,笑頭笑面,笑逐顏開、眉開眼笑。形容心中非常高興，連臉上都充滿著歡喜的神情。
,憂頭苦面,愁眉苦臉。眉頭緊皺，苦喪著臉。形容憂傷、愁苦的神色。,,歡頭喜面,歡天喜地。臉上洋溢著非常高興的表情。
,憂頭苦面,愁眉苦臉。眉頭緊皺，苦喪著臉。形容憂傷、愁苦的神色。,,喙笑目笑,笑容可掬、眉開眼笑。
,憂頭結面,愁眉苦臉。形容憂傷、愁苦的神色。,,笑頭笑面,笑逐顏開、眉開眼笑。形容心中非常高興，連臉上都充滿著歡喜的神情。
,憂頭結面,愁眉苦臉。形容憂傷、愁苦的神色。,,歡頭喜面,歡天喜地。臉上洋溢著非常高興的表情。
,憂頭結面,愁眉苦臉。形容憂傷、愁苦的神色。,,喙笑目笑,笑容可掬、眉開眼笑。
,數想,妄想。荒誕或非份的想法。,,免數想,休想、甭想。
,樂暢,歡喜、愉快。,,袂爽,心中感到不舒暢。
,樂觀,對人生或一切事物的發展充滿信心和希望的生活態度。,,悲觀,沮喪或負面的人生態度。
,樓仔厝,樓房。兩層或兩層以上的房子。,,低厝仔,簡陋又低矮的房子。
,樓仔厝,樓房。兩層或兩層以上的房子。,,平階,平房。
,樓頂,樓上。,,樓跤,樓下。
,樓跤,樓下。,,樓頂,樓上。
,熟,食物加熱到可以吃的程度。,,生,沒有煮熟的。
,熟,指農作物或蔬果已經長成到可以收成的程度。,,生,東西還沒成熟。
,熟手,對於某種事物專精熟練的人。,,生猴,生手、新手。指剛進職場，對某種事務的經驗或技術不純熟的人。
,熟似,熟識。素來認識。,,生份,陌生。沒見過的、不認識的或不熟悉的。
,熟似,熟識。素來認識。,,生疏,陌生、不熟悉。
,熟似人,熟人。認識、熟識的人。,,生份人,陌生人。完全不認識的人。
,熟鐵,鍛鐵。經過冶鍊以減少含碳量的鐵。,,生鐵,生鐵、鑄鐵。含鐵的礦石，經鼓風爐冶鍊，所得到的粗鐵。含碳量較高，性質既硬且脆。可繼續鍛鍊，除去碳和雜質，來製造熟鐵或鋼等。
,熱,因為大氣溫度高於人體體溫而產生的感覺。,,冷,寒、涼、溫度低。
,熱,因為大氣溫度高於人體體溫而產生的感覺。,,寒,一般指氣候上的冷。
,熱人,夏天。一年四季中的第二季。,,冬天,一年四季中最後一個季節，氣候寒冷。
,熱人,夏天。一年四季中的第二季。,,寒人,冬天。
,熱人,夏天。一年四季中的第二季。,,寒天,冬天。一年四季中最後一個季節，氣候寒冷。
,熱天,夏天。一年四季中的第二個季節，一般而言氣候較熱。,,冬天,一年四季中最後一個季節，氣候寒冷。
,熱天,夏天。一年四季中的第二個季節，一般而言氣候較熱。,,寒人,冬天。
,熱天,夏天。一年四季中的第二個季節，一般而言氣候較熱。,,寒天,冬天。一年四季中最後一個季節，氣候寒冷。
,瘦肉,瘦肉、精肉。,,白肉,肥肉。
,瘦肉,瘦肉、精肉。,,肥肉,多脂肪質的肉類。
,瘦卑巴,瘦巴巴、瘦骨如柴。,,圓棍棍,身材胖胖的樣子。
,熱嗽,熱咳。一般人認為咳嗽無痰即為熱咳。通常熱咳者會口乾、喉癢、痰少，但痰黃且濃稠，嚴重時還會呈現黃綠色。,,冷嗽,因風寒引起的咳嗽，患者的痰多是白色而且稀薄，流出鼻涕也如清水。
,窮,貧乏、貧困。,,富,充裕的財產、財物。
,窮,貧乏、貧困。,,富,充裕的財產、財物。
,罵,向別人說粗話、重話以示侮辱或責備。,,呵咾,讚美、表揚。
,罵,向別人說粗話、重話以示侮辱或責備。,,褒,稱讚、恭維。
,罵,向別人說粗話、重話以示侮辱或責備。,,呵咾,讚美、表揚。
,罵,向別人說粗話、重話以示侮辱或責備。,,褒,稱讚、恭維。
,糊塗,指腦筋不清楚，做事情忘東忘西，或是不明事理。,,精光,精明。頭腦聰明，做事仔細。
,褒,稱讚、恭維。,,責備,批評指責。
,褒,稱讚、恭維。,,貶,批評。
,褒,稱讚、恭維。,,罵,向別人說粗話、重話以示侮辱或責備。
,褒,稱讚、恭維。,,罵,向別人說粗話、重話以示侮辱或責備。
,褒,稱讚、恭維。,,譴責,責備。
,衝動,不加思索、感情用事。,,冷靜,沉著、理智，不感情用事。
,褒嗦,恭維。用正面、肯定的言語對別人稱讚、誇獎。,,體剔,責備、責罵。
,複雜,事物繁複不單純。,,單純,形容人或事物簡單而不複雜。
,賞,獎勵。,,罰,懲處。
,賣,出售貨品、財物或勞力以換取金錢。,,買,使用金錢購物。
,賣,出售貨品、財物或勞力以換取金錢。,,買,使用金錢購物。
,賤,指人生性好動，喜歡擺弄任何能夠接觸到的東西。,,恬靜,文靜。
,賤,地位卑下的。,,貴,令人尊崇的。
,賠錢,賠償金錢。,,趁錢,賺錢。
,遮,這、這裡。,,遐,那、那裡。
,遮閘,遮掩。遮蔽、掩蔽。,,出破,不該讓人知道的事情被發現或揭發。
,遮爾仔,這麼、這般。,,遐爾仔,那麼。
,遮瞞,隱瞞。把真相遮掩隱瞞起來不讓人知道。,,出破,不該讓人知道的事情被發現或揭發。
,靠俗,不拘禮節、不拘小節。比喻人的交情熟稔而不拘守無關大體的細節。,,拘束,拘謹、不活潑。
,靠俗,不拘禮節、不拘小節。比喻人的交情熟稔而不拘守無關大體的細節。,,嚴肅,態度嚴正莊重。
,噷噷,悶不作聲、不吭聲。,,出聲,用嘴發出聲音，常用來表示「說話」的意思。
,噷噷,悶不作聲、不吭聲。,,嗤噌,指鼻子強力吸氣、呼氣，發出聲音。後引申為吭聲。
,噷噷,悶不作聲、不吭聲。,,喝聲,出聲回應、表態。對於別人的發問，出聲表示贊同與否。
,整齊,有次序、有條理。,,東倒西歪,形容亂七八糟的樣子。
,整齊,有次序、有條理。,,挐絞絞,形容很亂。
,整齊,有次序、有條理。,,散掖掖,散亂。
,擔輸贏,能勇於承受許諾的條件或失敗的壓力。,,相挨推,事前彼此推拖，藉詞拒絕，不願承當。
,擔輸贏,能勇於承受許諾的條件或失敗的壓力。,,相挨推,事後相互推卸責任。
,樹尾,樹梢。,,樹頭,樹的根部。
,橋頂,橋上。,,橋跤,橋下。
,橋跤,橋下。,,橋頂,橋上。
,樹頭,樹的根部。,,樹尾,樹梢。
,澹,溼。,,焦,形容物體乾燥，沒有水分。
,澹,溼。,,焦燥,乾燥。缺乏水分的。
,激外外,置身事外。裝出一副事不關己的樣子。,,致心,盡心盡力、專心致志。
,澹漉漉,溼淋淋、溼答答。形容含水量很高的樣子。,,焦涸涸,乾涸。形容非常的乾。
,澹糊糊,溼淋淋、溼答答。形容含水量很高的樣子。,,焦涸涸,乾涸。形容非常的乾。
,燒,溫度高。,,冰,涼冷的感覺。
,燒烙,溫暖、暖和。,,烏寒,陰天又寒冷的。
,燒烙,溫暖、暖和。,,涼冷,微冷。一般指氣候上的冷。
,燒滾滾,熱騰騰。,,冷吱吱,冷冰冰。形容非常冷。
,燒熱,溫暖。,,涼冷,微冷。一般指氣候上的冷。
,燒熱,極為炎熱的。,,烏寒,陰天又寒冷的。
,親人,親人、至親。關係親近的親屬。,,外人,沒有親屬關係的人。
,親生,親自生育的。,,乞的,養子女。
,親生,親自生育的。,,分的,收養的小孩。
,親生,親自生育的。,,抱的,養子女。抱養的子女，不是親生的子女。
,親近,親善接近。,,疏遠,遠離而不親近。
,親密,親近。關係親近密切。,,疏遠,遠離而不親近。
,輸,贏的相反。,,贏,勝利。
,輸入,進口、入口。貨物、思想、科技等東西從外地或外國傳入本地或本國。,,輸出,出口。貨物、思想、科技等東西從本地或本國傳到外地或外國。
,輸入,將資料、信號等訊息鍵入及貯存在電腦裡面。,,輸出,將資料、信號等訊息從某內部傳送到外部。
,輸出,出口。貨物、思想、科技等東西從本地或本國傳到外地或外國。,,輸入,進口、入口。貨物、思想、科技等東西從外地或外國傳入本地或本國。
,輸出,將資料、信號等訊息從某內部傳送到外部。,,輸入,將資料、信號等訊息鍵入及貯存在電腦裡面。
,輸面,輸局。會輸的成分、局面。,,贏面,上風、勝算、優勢。指處於有利的形勢或環境。
,輸面,輸局。會輸的成分、局面。,,卜面,指望；勝算。
,靜,不動、無聲。,,吵,形容聲音雜亂的樣子。
,靜,不動、無聲。,,動,改變原狀，靜的相反。
,靜,不動、無聲。,,動,行為。
,頭手,一個單位的最高負責人，如領班等。,,二手,副手、助手、助理。技術工作中的助手、協助處理事務的人。
,頭牙,土地公生日。漢族傳統民俗節日之一。農曆二月初二。這天是土地公生日，也是農曆年後第一次祭祀土地公，所以該次的祭祀土地公稱做「頭牙」。,,尾牙,每逢初二、十六祭拜土地公稱做「做牙」﹔農曆十二月十六日為一年當中最後一次做牙，稱為「尾牙」。商家與公司行號通常會在這一天聚餐以犒賞員工。
,頭仔,最初。最早的時期、剛開始的時候。,,尾手,最後，手中剩下的。
,頭仔,最初。最早的時期、剛開始的時候。,,尾仔,最後、後來。也讀為輕聲bué--á/bé--á。
,頭仔,最初。最早的時期、剛開始的時候。,,到尾,到最後。
,頭先,起初、起先。在時間或事情流程上比較早的。,,尾後,末了、後面、後頭。指時間、空間上的順序較現在這個地方還要來得晚、來得後面的。
,頭先,起初、起先。在時間或事情流程上比較早的。,,落尾,後來、最後。
,頭先,起初、起先。在時間或事情流程上比較早的。,,落尾手,後來、最後。
,頭先,起初、起先。在時間或事情流程上比較早的。,,尾來,到最後、結果。
,頭先,起初、起先。在時間或事情流程上比較早的。,,到尾,到最後。
,頭前,前面、前方。指空間、次序上比較先的。,,尾手,最後，手中剩下的。
,頭前,前面、前方。指空間、次序上比較先的。,,尾後,末了、後面、後頭。指時間、空間上的順序較現在這個地方還要來得晚、來得後面的。
,頭前,前面、前方。指空間、次序上比較先的。,,後面,人體或物體背面、靠後的部分。
,頭前,前面、前方。指空間、次序上比較先的。,,後壁,背面、後面。
,頭家,老闆、僱主。,,下司,下屬、手下。
,頭家,老闆、僱主。,,下跤手人,手下、下屬。從事打雜工作的部屬。
,頭起先,起初、剛開始。,,尾手,最後，手中剩下的。
,頭起先,起初、剛開始。,,尾後,末了、後面、後頭。指時間、空間上的順序較現在這個地方還要來得晚、來得後面的。
,頭起先,起初、剛開始。,,落尾,後來、最後。
,頭起先,起初、剛開始。,,落尾手,後來、最後。
,頭起先,起初、剛開始。,,押尾,最後。
,優點,好處、長處。,,缺點,短處、缺陷。不完美的地方。
,懂嚇,冒失、莽撞。,,慎重,形容人在行為處事的時候小心謹慎、沉穩莊重。
,溼,含有微量水分而覺得潮溼不乾爽。,,焦,形容物體乾燥，沒有水分。
,溼,含有微量水分而覺得潮溼不乾爽。,,焦燥,乾燥。缺乏水分的。
,溼,變潮溼。,,堅風,風乾。蔬菜、肉類等物品被風吹乾，水份因減少而變得乾硬。
,濟,多。,,少,多的相反。大多用於可計數之實體性物質。
,濟,多。,,短,引申為不夠、少、小、缺失等。
,臊,葷食。,,素,不是屬於肉類、葷菜類的食物。
,薄,非常扁平的樣子，與「厚」相反。可引申為淡的、少的。,,厚,指物體表面與底部之間的距離比較大的。與「薄」(po̍h)相對。
,薄,非常扁平的樣子，與「厚」相反。可引申為淡的、少的。,,厚,形容質量或程度多而且大。
,聯合,連合、結合。,,分散,分離散開。
,聰明,聰敏、聰穎。形容人智力發達，記憶與理解力強。,,孝呆,愚蠢、痴呆。
,聰明,聰敏、聰穎。形容人智力發達，記憶與理解力強。,,侗戇,笨蛋。愚蠢、呆笨的人。
,艱苦,艱難、痛苦。,,甜蜜,形容食物的味道甜得像蜂蜜一樣。大多比喻生活過得幸福愉快。
,艱苦,艱難、痛苦。,,輕鬆,形容精神或生理上的感受既舒緩又沒有壓力。
,艱苦,難過、生病不舒服。,,快活,愉快、舒服。
,艱苦人,窮人。,,好額人,有錢人。錢財充裕、生活富足的人。
,艱苦人,窮人。,,有錢人,富有的人。
,艱苦人,窮人。,,財主,富翁。指有錢人。
,艱苦罪過,非常痛苦難過。,,爽歪歪,樂壞了。
,臊菜,葷菜。泛指肉類或含有辛辣刺激味道的食品、青菜如蔥、蒜、韭菜等。,,素食,素餐。指不含葷腥食物的餐點。
,臊菜,葷菜。泛指肉類或含有辛辣刺激味道的食品、青菜如蔥、蒜、韭菜等。,,素料,泛指素食食物。
,臊菜,葷菜。泛指肉類或含有辛辣刺激味道的食品、青菜如蔥、蒜、韭菜等。,,清菜,素菜。素食菜餚。
,聳勢,威風，有時略帶貶義。,,過謙,過於謙虛。
,聳勢,威風，有時略帶貶義。,,謙卑,形容謙虛、不傲慢不自大。
,聳勢,威風，有時略帶貶義。,,謙虛,虛心謙讓不自滿。
,聳鬚,引申為囂張、逞威風。,,覕鬚,收斂、不敢招搖。
,謙卑,形容謙虛、不傲慢不自大。,,臭屁,形容人喜歡誇大炫耀，自以為是的樣子。
,謙卑,形容謙虛、不傲慢不自大。,,聳勢,威風，有時略帶貶義。
,謝絕,委婉地推辭拒絕。,,承受,接受、承擔。
,謝絕,委婉地推辭拒絕。,,承擔,承受、擔負。
,謝絕,委婉地推辭拒絕。,,接受,接納，收受。
,謝絕,委婉地推辭拒絕。,,接納,接受。
,謝絕,委婉地推辭拒絕。,,領受,接受。收受、接納。
,謙虛,虛心謙讓不自滿。,,聳勢,威風，有時略帶貶義。
,還俗,僧尼或出家的道士恢復為普通人的身分。,,出家,離開家庭生活，專心修持正道。多為佛、道用語。
,還數,還債。償還所積欠的債款。,,欠數,欠帳。
,還數,還債。償還所積欠的債款。,,放債,遺留債務。
,還數,還債。償還所積欠的債款。,,借錢,借用金錢款項。
,還數,還債。償還所積欠的債款。,,賒數,賒帳。商業交易時先取得商品，日後再付款。
,還錢,償還所欠下的金錢。,,欠數,欠帳。
,還錢,償還所欠下的金錢。,,借錢,借用金錢款項。
,闊,寬大、寬鬆、寬廣。,,狹,細小，不寬鬆。
,點心,有別於正餐所吃的食物，如糕餅類、小吃等。,,正頓,正餐、三餐。定時所吃的早、中、晚三餐。
,斷奶,嬰孩或幼小的哺乳類停止吸食母乳，改吃別種食物。,,食奶,吃奶。指初生嬰兒的飲食行為。
,舊,用很久的、老的、以前的。與「新」(sin)相對。,,新,沒有使用過的。與「舊」(kū)相對。
,舊曆,農曆。漢族傳統通行的曆法，屬「陰陽合曆」的一種。大月三十天，小月二十九天；平年一年十二個月，閏年十三個月。,,新曆,本國採用之世界通行新曆法，屬「陽曆」的一種，以別於漢族傳統通行的「舊曆」。
,轉來,回來。,,出外,離家遠行到外地去。
,豐富,形容種類多或數量充裕。,,無沓無屑,形容食物份量少得可憐、無法滿足口慾的樣子。
,謹慎,對自己的言行或外界事務格外小心仔細，以避免有不利或不幸的事情發生。,,生狂,做事慌慌張張的樣子。
,謹慎,對自己的言行或外界事務格外小心仔細，以避免有不利或不幸的事情發生。,,無細膩,不小心。
,雙,偶數的。,,奇,單數。
,雙,兩個的、兩邊的、成對的、加倍的。與單相對。,,單,獨一、不成雙的。
,醫生,醫師、大夫。經政府相關單位核可，發給證照，可以替人治病的人。,,患者,病人。患有某種疾病的人。
,離婚,離異。夫妻依照法定手續解除婚姻關係。,,結合,彼此相聯合。通常用來指男女雙方聯姻。
,離婚,離異。夫妻依照法定手續解除婚姻關係。,,嫁娶,男婚女嫁之事。結婚。
,離緣,離婚。夫婦依照法定手續解除婚姻關係。,,結合,彼此相聯合。通常用來指男女雙方聯姻。
,離緣,離婚。夫婦依照法定手續解除婚姻關係。,,嫁娶,男婚女嫁之事。結婚。
,懶屍,懶惰。,,綿精,鍥而不捨、汲汲營營。為達目的，想盡辦法，堅持到底，有時甚至到糾纏不休惹人厭的程度。
,贊成,同意。,,反對,不贊成。
,贊成,同意。,,抗議,用抗爭的方式對別人的行為或一個被決定的措施提出反對的意見。
,關,閉。,,開,啟、打開。
,嚴肅,態度嚴正莊重。,,靠俗,不拘禮節、不拘小節。比喻人的交情熟稔而不拘守無關大體的細節。
,櫳,稀疏的。,,密,事物內部空隙小、不稀疏。
,櫳,稀疏的。,,實,裝滿、塞滿的樣子。
,贏,勝利。,,輸,贏的相反。
,贏面,上風、勝算、優勢。指處於有利的形勢或環境。,,輸面,輸局。會輸的成分、局面。
,警察,依法維持公共秩序，保護社會安寧的治安人員。,,賊仔,小偷、竊賊。
,鹹,含鹽分或鹽味的。,,汫,味道淡、不鹹。
,癩𰣻,骯髒。,,清氣,乾淨、清潔。
,囂俳,囂張。形容人的行為舉止放肆傲慢。,,狼狽,落魄。形容人窮困潦倒不得志。
,囂俳,囂張。形容人的行為舉止放肆傲慢。,,落魄,失意潦倒的樣子。
,譴責,責備。,,呵咾,讚美、表揚。
,譴責,責備。,,褒,稱讚、恭維。
,護龍,廂房。傳統三合院或四合院左右兩旁的廂房。,,正身,正房。舊式合院房屋的中心建築部分，兩邊則為「護龍」。
,歡喜,感到高興、愉快或喜歡。,,袂爽,不喜歡、厭惡。
,歡喜,形容高興、愉快的樣子。,,袂爽,心中感到不舒暢。
,歡頭喜面,歡天喜地。臉上洋溢著非常高興的表情。,,面憂面結,愁眉苦臉。形容憂傷、愁苦的神色。
,歡頭喜面,歡天喜地。臉上洋溢著非常高興的表情。,,憂頭苦面,愁眉苦臉。眉頭緊皺，苦喪著臉。形容憂傷、愁苦的神色。
,歡頭喜面,歡天喜地。臉上洋溢著非常高興的表情。,,憂頭結面,愁眉苦臉。形容憂傷、愁苦的神色。
,歡頭喜面,歡天喜地。臉上洋溢著非常高興的表情。,,欲哭欲𥍉,快哭出來的樣子。
,糴,買進穀物、米糧。,,糶,賣出穀物。
,糴米,買入米糧、五穀等。,,糶米,出售米糧。
,驚,吃驚、害怕。,,毋驚,不怕。不畏縮、不膽怯。
,驚生份,害怕陌生人。,,出人前,小孩子到公眾場合不怕陌生。
,變步,變通的方法。,,執硬,頑固、固執。堅持己見不知變通，抵死也不改變。
,變通,為了順應情勢的變遷，在不違反原則下所做的彈性處理。,,執硬,頑固、固執。堅持己見不知變通，抵死也不改變。
,變竅,通權達變、隨機應變。,,變無魍,搞不出花樣。
,變竅,通權達變、隨機應變。,,變無撚,沒轍、沒辦法。想不出解決之道，一籌莫展。
,糶,賣出穀物。,,糴,買進穀物、米糧。
,糶米,出售米糧。,,糴米,買入米糧、五穀等。
,戇呆,愚蠢、愚笨。,,巧氣,聰穎、靈巧。
,戇戇,呆傻、呆滯。發愣的樣子。,,巧氣,聰穎、靈巧。
,躼,形容人長得高。,,矮,短小、不高。
,躼,形容人長得高。,,矮鼓,指身材矮小的意思。
,𪁎趒,動植物活躍茂盛的樣子。,,欲死盪幌,沒有生機。
,䆀,醜陋。,,美麗,形容女子容貌漂亮、俏麗。
,䆀,醜陋。,,媠,漂亮的、美麗的。
,䆀手,左手。,,正手,右手。
,𨑨迌囡仔,小混混、不良少年。,,好囝,潔身自愛，積極進取的孩子。
,𠕇,硬的、堅實的。,,冇,鬆軟。結構不紮實。
,𠕇,硬的、堅實的。,,軟,不堅硬。
,𠕇硞硞,形容堅硬、強硬。,,軟荍荍,有氣無力的樣子。
,𠕇硞硞,形容堅硬、強硬。,,軟膏膏,形容柔軟。
,𠕇硞硞,形容堅硬、強硬。,,軟膏膏,形容身體柔弱無力。
,坦笑,面朝上。,,坦覆,趴著、俯臥。
,坦笑,面朝上。,,倒覆,俯臥、趴下。臉朝下的臥倒。
,坦笑,面朝上。,,倒匼,向下覆蓋著。
,大端,大方、賢淑、端莊。,,三八,傻氣、不正經。形容女性有點傻氣、粗野或言行舉止違悖常理、不正經。
,大端,大方、賢淑、端莊。,,三八氣,傻氣、不正經。形容女性有點傻氣、粗野或言行舉止違悖常理、不正經。
,大端,大方、賢淑、端莊。,,畏羞人,害羞、靦腆。
,小食,食量小的。,,大食,指食量很大。
,手捗,手掌、手模。,,手盤,手背。
,毋是款,不像話。不懂禮教，多指吃東西的習慣或行為不好。,,好款,本義為脾氣好、教養好，現今常用在反諷，意思和「歹款」(pháinn-khuán)相同。
,毋是款,不像話。不懂禮教，多指吃東西的習慣或行為不好。,,有款,仗著受人寵溺而故意撒嬌、耍派頭。
,毋是款,不像話。不懂禮教，多指吃東西的習慣或行為不好。,,成樣,形容人經訓練或材料經處理之後成某規格之才能或樣貌。
,外才,交際能力。口頭表達或待人接物等交際的能力。,,內才,內涵。一個人的內在修為、學識、才華。
,平階,平房。,,大厝,大房子、廣廈。
,平階,平房。,,樓仔厝,樓房。兩層或兩層以上的房子。
,先的,對於在其專業領域為德高望重者的敬稱。,,師仔,指徒弟或小學徒。
,佮股,合夥。幾個人集合資本共同經營事業。,,拆股,拆夥。結束合作關係，取回應有的資產、股份。
,佮股,合夥。幾個人集合資本共同經營事業。,,退股,公司的股東退出股分。
,定親,訂婚、文定。男女雙方在結婚前締定婚約的儀式。,,退定,退婚、悔婚。退掉已經定下來的親事。
,定親,訂婚、文定。男女雙方在結婚前締定婚約的儀式。,,退婚,解除婚約。
,前世人,前世、上輩子。,,後世人,下輩子、來世、來生。
,前世人,前世、上輩子。,,後出世,下輩子、來世、來生。
,後過,下次。將來。,,頂過,上次。
,後過,下次。將來。,,頂幫,上次，前一次。
,後過,下次。將來。,,頂擺,上次、前回。
,後過,下次。將來。,,以早,以前、從前。
,後過,下次。將來。,,頂改,上次、上回。
,後過,下次。將來。,,頂回,上次、以前、之前的事情。
,袂赴市,時間短暫，無法趕上或顧及。,,會赴市,趕得上巿場交易的時間或時機。
,袂得,不得、不能、無法。因為外在因素所限，而不能做某事。,,會得,能夠、可以。
,高長,高大、大塊頭。,,矮頓,矮壯。身材矮壯。
,接神,迎接神佛。,,送神,祭灶神。一種民間習俗。舊俗農曆十二月廿三或廿四日，灶神會到天庭陳報人間善惡，民間則於此時藉祭祀送灶神上天。
,晚冬,二期稻作。,,六月冬,夏稻、夏穫。夏季收穫的農作物、第一期稻作所收成的農作物。
,晚冬,二期稻作。,,早冬,臺灣的稻作一年兩收，「早冬」即第一期的稻作。
,淺緣,緣份淺。,,深緣,形容一個人具有讓人越熟識就越喜愛的特質，雖然一開始可能不討喜。
,猛掠,（動作）敏捷。,,慢手,慢吞吞、動作遲緩。
,猛掠,（動作）敏捷。,,慢鈍,遲鈍、慢吞吞。
,猛掠,（動作）敏捷。,,粗跤重蹄,笨手笨腳。
,猛掠,（動作）敏捷。,,鈍跤鈍手,笨手笨腳。形容動作或手腳不靈活。
,短站,短程。,,長途,遙遠的路程。
,搶市,暢銷、搶手。,,敗市,滯銷。貨品不易銷售，導致價格慘跌。
,會記得,記得。,,袂記得,忘記、遺忘。語氣完結時唸作bē-kì--tit。
,落台,下臺。比喻離開或被解除高階職務。,,上任,就職。擔任職務。
,路尾,後來、最後。,,原本,本來、原先。
,路尾,後來、最後。,,寢頭,起初、起先。剛開始的時候。
,實䈄,竹子或甘蔗的節與節之間的距離較短。,,落䈄,竹子或甘蔗等的節距較長。
,算會和,划算、划得來。,,袂和,划不來、不划算。
,算會和,划算、划得來。,,算袂和,划不來。不合算、不值得。
,䆀空,見【歹空】pháinn-khang 條。,,好空,好機會、好事情。
,䆀空,見【歹空】pháinn-khang 條。,,利益,好處。
,䆀空,見【歹空】pháinn-khang 條。,,利頭,利益、好處。
,舊漚舊臭,老舊破爛。,,新嫣,具有初始的光澤，如新布或其它新物品。
,懶性,懶散。拖拖拉拉的性情，做事不積極。,,扭掠,形容手腳快、動作敏捷。
,鹹水魚,生長在海裡的魚類。如帶魚、黃魚、鱈魚、沙丁魚等。,,汫水魚,淡水魚。
,七晏八晏,很晚、很遲。,,七早八早,形容時間還早。
,人懸漢大,大塊頭。形容人的身材高大。,,細粒子,形容身材嬌小。
,上尾,最後。,,第一,最先、最前、最好、最重要地，表示極高的程度。
,上無,至少、起碼。,,上濟,至多、頂多。指在最壞的情況下。
,上無,至少、起碼。,,極加,最多、頂多。用來說明數量上、程度上等頂多如何。
,大出手,出手大方、大手筆。,,㾀屎,器量狹小，用度過分節儉。吝嗇，不大方。
,大百,大鈔。大面額的鈔票。,,散票,零鈔、小鈔。小額的紙幣，不包含硬幣。
,大張的,特指大鈔。指千元以上，大面額大的鈔票。,,小票,零鈔。小面額的紙幣。
,大張的,特指大鈔。指千元以上，大面額大的鈔票。,,散票,零鈔、小鈔。小額的紙幣，不包含硬幣。
,大張的,特指大鈔。指千元以上，大面額大的鈔票。,,零星,零數、零碎、零錢。
,大細腎,連襟。稱謂。姊妹的丈夫彼此互稱。,,同姒仔,妯娌。稱謂。兄弟的妻子彼此互稱。
,大漢囝,長子、長男。,,尾仔囝,么兒。排行最小的兒子。
,大漢囝,長子、長男。,,屘仔,老么。稱謂。家中排行最小的孩子。
,大漢囝,長子、長男。,,屘囝,家中排行最小的孩子。
,天公地道,天地間原本如此而不容改變的道理。非常公平公道。,,無天理,沒有天理。通常用在感嘆人事不公。
,少年人,年輕人。,,老大人,老人家。高齡的長者。
,少年人,年輕人。,,老公仔,老人、老翁。
,少年人,年輕人。,,老歲仔,指稱年長者的說法，通常帶有輕蔑的意味。
,少歲,年輕。,,有歲,上了年紀。
,少歲,年輕。,,老相,老態。像老人的相貌。
,歹日,凶日。在黃曆上有諸多禁忌的日子。,,大日,吉日。指適合婚喪嫁娶的好日子。
,歹日,凶日。在黃曆上有諸多禁忌的日子。,,吉日,好日子。
,歹日,凶日。在黃曆上有諸多禁忌的日子。,,好日,好日子、吉日 。
,歹吉兆,凶兆。壞的預兆。,,好彩頭,好預兆。
,歹面相看,惡臉相向。,,你兄我弟,稱兄道弟。特指拉幫結派，想仗勢欺人。
,歹價,賤價。價錢不好。就賣方的立場來說。,,好價,好價格。
,毋成囡仔,不良少年、小混混。,,好囝,潔身自愛，積極進取的孩子。
,牛聲馬喉,大聲吆喝。,,輕聲細說,輕聲細語。指說話聲音細小。
,外埠頭,外地、外鄉鎮。,,本地,居住在某地區的人自稱該地為「本地」。
,平洋,平原、平地。平坦廣闊的原野。,,山坪,山坡地。山凹間或山麓上較平坦的地或可耕地。
,正範,真品、真貨。也指正牌，正規，名副其實的身份。,,假包,冒牌貨、贗品。
,正範,真品、真貨。也指正牌，正規，名副其實的身份。,,仿仔,贗品、仿冒品。仿製的東西。
,在膽,膽子大、不畏怯。,,無膽,膽小。形容人膽子小、膽量不大。
,好日,好日子、吉日 。,,歹日,凶日。在黃曆上有諸多禁忌的日子。
,好代,好事、善行事。,,歹代,壞事、惡事。
,好代,好消息。,,歹代,壞事、壞消息。
,死殗殗,死氣沉沉、要死不活。,,活跳跳,活蹦亂跳、活力充沛的樣子。
,冷嗽,因風寒引起的咳嗽，患者的痰多是白色而且稀薄，流出鼻涕也如清水。,,熱嗽,熱咳。一般人認為咳嗽無痰即為熱咳。通常熱咳者會口乾、喉癢、痰少，但痰黃且濃稠，嚴重時還會呈現黃綠色。
,妝娗,化妝、打扮。,,落妝,卸妝。洗除臉上的化妝。
,尾來,到最後、結果。,,起頭,起初、開頭。
,尾來,到最後、結果。,,頭先,起初、起先。在時間或事情流程上比較早的。
,汫水魚,淡水魚。,,鹹水魚,生長在海裡的魚類。如帶魚、黃魚、鱈魚、沙丁魚等。
,罕罕仔,偶爾、難得、久久一次。,,不三時,時常、常常。
,到尾,到最後。,,起頭,起初、開頭。
,到尾,到最後。,,頭仔,最初。最早的時期、剛開始的時候。
,到尾,到最後。,,頭先,起初、起先。在時間或事情流程上比較早的。
,孤佬,孤僻。,,慷交,慷慨好客，交遊廣闊。
,彼當陣,那時、那陣子。常合音為「向陣」hiàng-tsūn。,,現此時,現在、目前。
,抽懸,抽高。人在發育期明顯長高。,,倒勼,衣物變短或身高變矮。
,𨑨迌印仔,一般的印章。不是做為證明、有法律效用的印鑑。,,印鑑,為防假冒，登存於有關機關，以備核對鑑證的圖章印樣，多用於房屋及土地等不動產之登錄及變更。
,咱人,指農曆。可以說是「咱人的曆日」(lán-lâng ê la̍h-ji̍t)的簡略說法，是臺灣人原本使用的傳統曆法，相對於日治時代日本人引進的新式曆法。,,陽曆,陽曆。根據地球繞太陽公轉的周期所制定的曆法，又稱為「太陽曆」。
,咱人,指農曆。可以說是「咱人的曆日」(lán-lâng ê la̍h-ji̍t)的簡略說法，是臺灣人原本使用的傳統曆法，相對於日治時代日本人引進的新式曆法。,,新曆,本國採用之世界通行新曆法，屬「陽曆」的一種，以別於漢族傳統通行的「舊曆」。
,後謝,尾款。受託人完成任務後，委託人支付的酬勞、尾款。,,定金,訂金。訂購物品時所預付的部分金額。
,後謝,尾款。受託人完成任務後，委託人支付的酬勞、尾款。,,定銀,訂金。訂購物品時所預付的部分金額。
,後謝,尾款。受託人完成任務後，委託人支付的酬勞、尾款。,,前金,訂金。預付商品或勞務報酬的部分金額。
,後謝,尾款。受託人完成任務後，委託人支付的酬勞、尾款。,,前謝,預付的報酬金。
,看袂上目,看不上眼、輕視。,,看重,重視、著重。
,看袂上目,看不上眼、輕視。,,看會起,看重、看得起；一般視為離合詞。
,看袂上目,看不上眼、輕視。,,重視,注重。特別注意。
,看袂上目,看不上眼、輕視。,,尊敬,敬重、尊崇。
,背骨,生性容易反叛的。,,死忠,形容人很忠心，至死不變。
,苦齣,悲劇、苦情戲。,,喜劇,有圓滿結局的戲劇或是用誇張手法引人發笑的戲劇。
,苦齣,悲劇、苦情戲。,,笑詼齣,喜劇、爆笑劇。以取悅觀眾為主要目的的戲劇。
,倒轉去,回去、返家。,,出外,離家遠行到外地去。
,笑詼齣,喜劇、爆笑劇。以取悅觀眾為主要目的的戲劇。,,苦齣,悲劇、苦情戲。
,荏身命,天生體質虛弱，容易生病。,,勇跤,強壯有力。
,袂拄好,不正常、不舒服。指偏離正常出問題。,,好勢,舒服、舒適。
,袂做得,不可以做、行不通。,,會用得,可以、可行。人、東西可以使用或指事情行得通。語氣完結時唸作ē-īng--tit。
,袂做得,不可以做、行不通。,,會使得,可以、可行。人、東西可以使用或是事情行得通。語氣完結時唸作ē-sái--tit。
,袂做得,不可以做、行不通。,,會做得,可以、可行。可以做、行得通。語氣完結時唸作ē-tsò--tit。
,退流,退潮。,,滇流,漲潮。地球上的海洋表面受到太陽和月球的引力（潮汐力）作用引起的海水面上升的現象。
,退流,退潮。,,飽流,漲潮。
,退時,過時。過了盛產期或興盛期。,,著時,當季、符合節令。
,退時,過氣、不再流行、不再受歡迎。,,時行,流行、時髦。
,做水,淹水、鬧水災。,,洘旱,大旱、旱災。長期不雨所造成的嚴重乾旱。
,夠月,胎兒在母體中成長的月分已足。一般為37週。,,無夠月,早產。胎兒在子宮內發育月數不足，便因故出生。
,徛家厝,民宅、住家。,,店面,可直接與來往行人進行交易的商鋪。
,深目,形容眼窩很深。,,吐目,突眼、鼓眼泡。眼球突出。這種外觀特徵除了天生遺傳以外，大多是甲狀腺亢進或腦部、眼部病變引起。
,深緣,形容一個人具有讓人越熟識就越喜愛的特質，雖然一開始可能不討喜。,,淺緣,緣份淺。
,爽歪歪,樂壞了。,,艱苦罪過,非常痛苦難過。
,笨跤笨手,笨手笨腳。,,扭掠,形容手腳快、動作敏捷。
,笨跤笨手,笨手笨腳。,,緊跤緊手,快手快腳。指做事情動作敏捷快速。
,軟市,市場交易不熱絡。,,交易,指生意興隆的樣子。
,喙笑目笑,笑容可掬、眉開眼笑。,,憂頭苦面,愁眉苦臉。眉頭緊皺，苦喪著臉。形容憂傷、愁苦的神色。
,喙笑目笑,笑容可掬、眉開眼笑。,,憂頭結面,愁眉苦臉。形容憂傷、愁苦的神色。
,喙笑目笑,笑容可掬、眉開眼笑。,,欲哭欲𥍉,快哭出來的樣子。
,敨放,解放。解除束縛，使自由發展。,,束縛,拘束、被限制。
,無才,吊兒郎當。言行輕浮，儀態不端。,,恬才,誠實莊重，行事規矩。
,著獎,中獎。因彩券、獎券或統一發票等對中號碼，而獲得獎品或獎金。,,摃龜,希望落空或是彩頭沒中。源自日語。
,覕鬚,收斂、不敢招搖。,,臭屁,形容人喜歡誇大炫耀，自以為是的樣子。
,覕鬚,收斂、不敢招搖。,,聳鬚,引申為囂張、逞威風。
,貿貨底,把貨商賣剩的存貨用低價全部買下來。,,卸貨底,出清存貨。
,韌命,有韌性、生命力強，經得起磨難。,,脆命,短命。生命力弱。
,幌頭,搖頭。,,頕頭,點頭。頭上下微動，以表示允諾、贊許、領會等意思。
,幌頭,引申指不欣賞、不贊同、沒指望等。,,頕頭,點頭。頭上下微動，以表示允諾、贊許、領會等意思。
,會跤,參加民間儲蓄互助會的一般會員，相對於發起人「會頭」(huē-thâu)而言。,,會頭,會首。現多指民間儲蓄互助會的發起人。
,極加,最多、頂多。用來說明數量上、程度上等頂多如何。,,至少,最少、最低限度。
,極加,最多、頂多。用來說明數量上、程度上等頂多如何。,,起碼,至少。
,極加,最多、頂多。用來說明數量上、程度上等頂多如何。,,上無,至少、起碼。
,矮仔冬瓜,矮冬瓜。對矮小的人的謔稱。,,躼跤蠓,高個子。稱身材高的人。
,矮鼓,指身材矮小的意思。,,躼,形容人長得高。
,矮頓,矮壯。身材矮壯。,,高長,高大、大塊頭。
,恩情人,恩人、對自己有恩的人。,,冤仇人,仇人、冤家。
,跳踢,活躍、活潑、起興。,,死趖,動作遲鈍不活潑，做事情慢吞吞。
,寢頭,起初、起先。剛開始的時候。,,後來,指一段時間之後。
,寢頭,起初、起先。剛開始的時候。,,落尾,後來、最後。
,寢頭,起初、起先。剛開始的時候。,,落尾手,後來、最後。
,寢頭,起初、起先。剛開始的時候。,,路尾,後來、最後。
,對頭風,迎面而來的逆風。,,順風,順著風勢。
,綿精,鍥而不捨、汲汲營營。為達目的，想盡辦法，堅持到底，有時甚至到糾纏不休惹人厭的程度。,,無攬無拈,無精打采、沒精神，提不起勁的樣子。
,綿精,鍥而不捨、汲汲營營。為達目的，想盡辦法，堅持到底，有時甚至到糾纏不休惹人厭的程度。,,懶屍,懶惰。
,趖跤趖手,形容動作慢吞吞，拖拖拉拉，反應遲鈍。,,扭掠,形容手腳快、動作敏捷。
,趖跤趖手,形容動作慢吞吞，拖拖拉拉，反應遲鈍。,,緊跤緊手,快手快腳。指做事情動作敏捷快速。
,燒烘烘,溫度很高、很悶熱，或由於炎症、發燒造成的身體熱度很高。,,冷吱吱,冷冰冰。形容非常冷。
,燒唿唿,熱呼呼、熱騰騰。,,冷吱吱,冷冰冰。形容非常冷。
,頭兄,首腦人物。,,跤仔,嘍囉、部下。小角色、跑腿的。
,懸頂,上面、上頭。,,下跤,下面、底下。
,儼硬,硬朗。,,荏身,身體虛弱。
,變無魍,搞不出花樣。,,變竅,通權達變、隨機應變。
,變無魍,搞不出花樣。,,變撚,懂得變通，找到新方法解決問題。
,豔色,顏色豔麗。,,漚色,顏色灰暗。
,大趁錢,發大財、賺大錢。常用來說好話祝福人發大財、賺大錢。,,末趁,低獲利。扣除營運成本後的純益很少。
,無局,無聊、乏味。,,心適興,好玩的、有趣的、產生興趣的、引發興味的。
,無局,無聊、乏味。,,有局,有意思、有趣。
,一時仔,一下子。一段不長的時間。,,規半晡,大半天、老半天，指一天當中的一段長時間。
,入去,進去。從外面進到裡面。,,出來,自內而出。發話者不在裡面。語氣完結時唸作tshut--lâi。
,大的,老大、大哥，對團體領導者的敬稱，通常用於下對上的稱呼語。,,細的,小弟、手下。稱呼團體中位階較低者，是比較俚俗的用法。
,大的,老大、大哥，對團體領導者的敬稱，通常用於下對上的稱呼語。,,細漢的,小弟、手下或供人差遣的人。通常用來稱呼團體中位階較低者。
,大的,大哥，兄長，表示自己的親大哥，或至交兄長，是比較俚俗的用法。,,細的,弟弟，表示自己的親弟弟，或至交兄弟。
,細的,小弟、手下。稱呼團體中位階較低者，是比較俚俗的用法。,,大的,老大、大哥，對團體領導者的敬稱，通常用於下對上的稱呼語。
,細的,弟弟，表示自己的親弟弟，或至交兄弟。,,大的,大哥，兄長，表示自己的親大哥，或至交兄長，是比較俚俗的用法。
,以早,以前、從前。,,以後,日後、以後、爾後 。指晚於某一段時間之後的時間。
,以早,以前、從前。,,後過,下次。將來。
,以早,以前、從前。,,後日仔,日後、以後、將來。未來的日子。
,巧神,伶俐、靈巧，機靈可愛的樣子。,,頇顢,形容人愚笨、遲鈍、笨拙、沒有才能。
,巧神,伶俐、靈巧，機靈可愛的樣子。,,歁歁,呆呆笨笨的。
,好命,命好。即指人的出身好或際遇好。,,歹命,苦命、不幸。命運不好、沒有福份。
,好命,命好。即指人的出身好或際遇好。,,業命,勞碌命。
,無夠,不夠、不到，表示程度上的不足。,,有夠,足夠。
,大細聲,高聲喧鬧、吵鬧。,,細聲,小聲。
,中盤,大量購買商品再轉賣給零售商，賺取差額利潤的商人。,,小賣,零售商。將貨品零星出售給消費者的商人。相反的，「大賣」(tuā-bē)指的就是批發商。
,歹過,生活困苦、不易度過。,,快活,形容生活寬裕的。
,坦斜,斜著。,,四正,四方端正、不偏不倚。
,坦斜,斜著。,,坦直,使成直向。
,花貓貓,形容顏色花樣多得讓人受不了。,,素色,白色、素色、淡雅的顏色。
,挐絞絞,形容很亂。,,整齊,有次序、有條理。
,袂爽,心中感到不舒暢。,,起毛婸,情緒好、心情好。「起毛」是借自日語「気持ち（きもち）」的外來語素，加上表示「爽快」的「婸」。
,袂爽,心中感到不舒暢。,,爽,心中感到痛快舒暢。
,袂爽,心中感到不舒暢。,,樂暢,歡喜、愉快。
,袂爽,心中感到不舒暢。,,歡喜,形容高興、愉快的樣子。
,袂爽,不喜歡、厭惡。,,歡喜,感到高興、愉快或喜歡。
,規半晡,大半天、老半天，指一天當中的一段長時間。,,一目𥍉仔,一瞬間、一眨眼。指很短暫的時間。
,規半晡,大半天、老半天，指一天當中的一段長時間。,,一睏仔,一陣子、一會兒。
,規半晡,大半天、老半天，指一天當中的一段長時間。,,一霎仔久,一瞬間、一下子。形容很短的時間。
,規半晡,大半天、老半天，指一天當中的一段長時間。,,一觸久仔,一會兒、一下子。
,規半晡,大半天、老半天，指一天當中的一段長時間。,,一時仔,一下子。一段不長的時間。
,頂改,上次、上回。,,下擺,下次、下回。
,頂改,上次、上回。,,後擺,下次、下回。
,頂改,上次、上回。,,後過,下次。將來。
,頂改,上次、上回。,,後改,下次、下回。
,斯當時,那時、當時，就在那個時間點。,,現此時,現在、目前。
,斯當時,那時、當時，就在那個時間點。,,這站,這陣子、現在。說話當時的前後一段時間或一個節點。
,斯當時,那時、當時，就在那個時間點。,,這陣,現在。當下這個時刻。
,斯當時,那時、當時，就在那個時間點。,,這馬,現在。
,無閒𩑾𩑾,忙得不可開交、忙碌不堪、非常忙碌。,,有閒,有空。有空閒、餘暇。
,無閒𩑾𩑾,忙得不可開交、忙碌不堪、非常忙碌。,,閒仙仙,形容人閒著沒事幹。
,滇流,漲潮。地球上的海洋表面受到太陽和月球的引力（潮汐力）作用引起的海水面上升的現象。,,洘流,退潮。
,滇流,漲潮。地球上的海洋表面受到太陽和月球的引力（潮汐力）作用引起的海水面上升的現象。,,退流,退潮。
,頭幫車,首班車。當天開出的第一班車。,,尾幫車,末班車。當天開出的最後一班車。
,轉來去,回家。,,出外,離家遠行到外地去。
,轉來去,回家。,,出門,離家外出。
,這號,這一個、這種。,,彼个,那個。
,這號,這一個、這種。,,彼款,那樣。
,這號,這一個、這種。,,彼號,那種。
,合仔趁,本錢等於毛利的生意。未計算營運成本，毛利殖入率為50%的生意。,,末趁,低獲利。扣除營運成本後的純益很少。
,末趁,低獲利。扣除營運成本後的純益很少。,,大趁錢,發大財、賺大錢。常用來說好話祝福人發大財、賺大錢。
,末趁,低獲利。扣除營運成本後的純益很少。,,合仔趁,本錢等於毛利的生意。未計算營運成本，毛利殖入率為50%的生意。
,平棒,公正持平。,,大細心,偏心。指人故意偏袒一方，對某一方存私心。
,平棒,公正持平。,,偏心,偏袒。袒護一方，對某一方存私心。
,四伨,平衡、平均。,,重敧爿,指不平衡、輕重不一或不公平。
,四伨,平衡、平均。,,重頭輕,一邊重，一邊輕，指兩頭的重量不平均。
,擋恬,停下來。,,起行,啟程、出發。
,擋恬,停下來。,,起程,出發、啟程。
,躼跤蠓,高個子。稱身材高的人。,,矮仔冬瓜,矮冬瓜。對矮小的人的謔稱。
,暗摸摸,形容光線不明亮、陰暗漆黑的樣子。,,光映映,形容非常光亮的樣子。
,巧氣,聰穎、靈巧。,,頇顢,形容人愚笨、遲鈍、笨拙、沒有才能。
,巧氣,聰穎、靈巧。,,歁歁,呆呆笨笨的。
,巧氣,聰穎、靈巧。,,戇呆,愚蠢、愚笨。
,巧氣,聰穎、靈巧。,,戇戇,呆傻、呆滯。發愣的樣子。
,成樣,形容人經訓練或材料經處理之後成某規格之才能或樣貌。,,毋成人,不肖之徒。罵人不像樣。
,成樣,形容人經訓練或材料經處理之後成某規格之才能或樣貌。,,毋成樣,不像話、不像樣。
,成樣,形容人經訓練或材料經處理之後成某規格之才能或樣貌。,,毋是款,不像話。不懂禮教，多指吃東西的習慣或行為不好。
,成樣,形容人經訓練或材料經處理之後成某規格之才能或樣貌。,,無臭無潲,責人不像樣。罵人的粗鄙用語。
,勇壯,身體強壯。,,荏身,身體虛弱。
,勇壯,身體強壯。,,軟弱,體質虛弱沒力氣。
,勇壯,身體強壯。,,虛荏,身體虛弱。
,健欉,指以棵做單位的樹木、花果、蔬菜等植物長得枝繁葉茂。,,焦蔫,植物因缺少水分或營養而枯萎。
,健欉,指以棵做單位的樹木、花果、蔬菜等植物長得枝繁葉茂。,,枯焦,枯乾。
,業命,勞碌命。,,食命,靠命運好而坐享清福。
,業命,勞碌命。,,好命,命好。即指人的出身好或際遇好。
,孤毛,孤獨、孤僻、不喜歡與他人分享。,,慷交,慷慨好客，交遊廣闊。
,在室男,處男。尚未結婚的男性。,,在室女,處女、閨女。未出嫁的女子。
,變撚,懂得變通，找到新方法解決問題。,,死板,古板、刻板。僵化不知變通。
,變撚,懂得變通，找到新方法解決問題。,,固執,形容堅持自己的意見，不肯變通。
,變撚,懂得變通，找到新方法解決問題。,,變無魍,搞不出花樣。
,規山坪,滿山遍野。,,無半絲,全無。一點兒也沒有，是加重語氣的用法。
,規山坪,滿山遍野。,,無半項,一樣東西都沒有。引申指人一無所知、一無是處、無能的樣子。
,規山坪,比喻到處都是。,,無半絲,全無。一點兒也沒有，是加重語氣的用法。
,規山坪,比喻到處都是。,,無半項,一樣東西都沒有。引申指人一無所知、一無是處、無能的樣子。
,光映映,形容非常光亮的樣子。,,烏趖趖,烏黑。形容很黑。
,光映映,形容非常光亮的樣子。,,暗眠摸,黑漆漆、一片漆黑。形容很黑很暗，什麼都看不到。
,光映映,形容非常光亮的樣子。,,暗漠漠,黑漆漆。形容非常黑暗的樣子，完全看不見。
,光映映,形容非常光亮的樣子。,,暗趖趖,黑漆漆。形容漆黑一片。
,光映映,形容非常光亮的樣子。,,暗摸摸,形容光線不明亮、陰暗漆黑的樣子。
,光映映,形容非常光亮的樣子。,,暗殕,灰暗無光的。
,光炎炎,形容光亮耀眼、輝煌奪目的樣子。,,烏趖趖,烏黑。形容很黑。
,光炎炎,形容光亮耀眼、輝煌奪目的樣子。,,暗眠摸,黑漆漆、一片漆黑。形容很黑很暗，什麼都看不到。
,光炎炎,形容光亮耀眼、輝煌奪目的樣子。,,暗漠漠,黑漆漆。形容非常黑暗的樣子，完全看不見。
,光炎炎,形容光亮耀眼、輝煌奪目的樣子。,,暗趖趖,黑漆漆。形容漆黑一片。
,光炎炎,形容光亮耀眼、輝煌奪目的樣子。,,暗殕,灰暗無光的。
,熱翕翕,非常悶熱。,,透心涼,由嘴、咽喉一直涼到心脾，形容涼極了。
,合味,對味。形容食物的味道搭配得恰到好處，合於飲食者喜好。,,扴味,因為摻合不同食材，造成味道彼此不相合。
,合味,合於飲食者所習慣或喜歡的味道。,,扴味,因為摻合不同食材，造成味道彼此不相合。
,無價,價錢不符預期、沒有利潤，多用在動詞之後做為補語。,,好價,好價格。
,無價,無價、珍貴、價值連城。,,俗,便宜。
,燒燙燙,溫度很高會燙人。,,冷吱吱,冷冰冰。形容非常冷。
,烏寒,陰天又寒冷的。,,大熱,酷暑。極炎熱的天氣。
,烏寒,陰天又寒冷的。,,溫暖,暖和。
,烏寒,陰天又寒冷的。,,燒烙,溫暖、暖和。
,烏寒,陰天又寒冷的。,,燒熱,極為炎熱的。
,千拄千,無巧不成書，準確的有點異常。,,毋拄好,搞不好、不湊巧。
,千拄千,無巧不成書，準確的有點異常。,,無拄好,不巧。
,山尖,山嶺的頂點。,,山跤,山腳。山下靠近平地的部分。
,白死殺,形容人的臉色蒼白，沒有血色。,,紅牙,紅潤。豐滿而帶有紅色的光澤。本詞目常重疊使用。
,白死殺,形容人的臉色蒼白，沒有血色。,,紅膏赤蠘,臉色紅潤，形容身體健康。
,㾀屎,器量狹小，用度過分節儉。吝嗇，不大方。,,大方,慷慨不小氣。
,㾀屎,器量狹小，用度過分節儉。吝嗇，不大方。,,大範,一個人的舉止十分大方、自然，不受拘束。
,㾀屎,器量狹小，用度過分節儉。吝嗇，不大方。,,冇手,大方、慷慨。
,㾀屎,器量狹小，用度過分節儉。吝嗇，不大方。,,慷慨,大方而不吝嗇。
,㾀屎,器量狹小，用度過分節儉。吝嗇，不大方。,,大出手,出手大方、大手筆。
,倒匼,向下覆蓋著。,,坦笑,面朝上。
,烏汁汁,又黑又髒。,,白蔥蔥,形容非常潔白。
,烏汁汁,又黑又髒。,,白鑠鑠,白晃晃。形容很白的樣子。
,欲死,表示對某事嫌惡不滿。,,快活,愉快、舒服。
,欲死,表示對某事嫌惡不滿。,,爽快,開心、愉快、心情好。
,圓棍棍,身材胖胖的樣子。,,瘦卑巴,瘦巴巴、瘦骨如柴。
,勇跤,強壯有力。,,荏身,身體虛弱。
,勇跤,強壯有力。,,軟弱,體質虛弱沒力氣。
,勇跤,強壯有力。,,荏身命,天生體質虛弱，容易生病。
,勇跤,財務健全者。,,半病仔,喻指不中用、無能的人。
,當初時,當初、那時候。,,今,此時、現在。
,當初時,當初、那時候。,,到今,及今、如今、至今。到如今。
,當初時,當初、那時候。,,現此時,現在、目前。
,當初時,當初、那時候。,,這站,這陣子、現在。說話當時的前後一段時間或一個節點。
,當初時,當初、那時候。,,這陣,現在。當下這個時刻。
,當初時,當初、那時候。,,這馬,現在。
,起去,以前，時間回溯到過去、過往。,,以後,日後、以後、爾後 。指晚於某一段時間之後的時間。
,起去,以前，時間回溯到過去、過往。,,落來,在什麼以下，其次。
,起去,以上。,,落來,在什麼以下，其次。
,小盤,零售商。將貨品零星出售給消費者的商人。,,大賣,批發的生意，指成批買賣商品。
,有親,極重視親屬關係，常用於熱切邀請親友來做客的語境。,,生份,陌生。沒見過的、不認識的或不熟悉的。
,有親,極重視親屬關係，常用於熱切邀請親友來做客的語境。,,生疏,陌生、不熟悉。
,烏昏,面色陰沉。通常用來形容人不苟言笑，嚴肅而不易親近。,,好笑神,形容人神態愉悅，經常面帶笑容。
,雞喙變鴨喙,尖利的雞嘴變成扁平的鴨嘴。喻一個人起初能言善辯，後因證據出現自知理虧，變得啞口無言。,,死諍,強辯。沒理硬要說成有理。
,心適興,好玩的、有趣的、產生興趣的、引發興味的。,,無局,無聊、乏味。
,割引,按售價減除幾成賣出。,,起價,漲價。物價上揚。
,大晡日,出大太陽的好天氣。,,歹天,惡劣的天氣。
,大晡日,出大太陽的好天氣。,,雨來天,雨天、下雨天。
,大晡日,出大太陽的好天氣。,,落雨天,雨天。
,笑色,淺色。,,暗色,較濃或深沉的顏色。
,仿仔,贗品、仿冒品。仿製的東西。,,正港,指正宗道地的，非冒名的。
,仿仔,贗品、仿冒品。仿製的東西。,,正範,真品、真貨。也指正牌，正規，名副其實的身份。
,淺現,淺顯、淺而易見。,,深,困難。
,慢手,慢吞吞、動作遲緩。,,扭掠,形容手腳快、動作敏捷。
,慢手,慢吞吞、動作遲緩。,,敏捷,反應迅速快捷。
,慢手,慢吞吞、動作遲緩。,,緊手,快手。形容人手腳俐落，做事敏捷。
,慢手,慢吞吞、動作遲緩。,,猛掠,（動作）敏捷。
,慢手,慢吞吞、動作遲緩。,,緊跤緊手,快手快腳。指做事情動作敏捷快速。
,素料,泛指素食食物。,,臊菜,葷菜。泛指肉類或含有辛辣刺激味道的食品、青菜如蔥、蒜、韭菜等。
,掂篤,沉重。東西拿在手中感覺沉甸甸的。,,輕兩想,輕得不得了。
,掂篤,沉重。東西拿在手中感覺沉甸甸的。,,輕蠓蠓,形容非常的輕。
,細漢的,小弟、手下或供人差遣的人。通常用來稱呼團體中位階較低者。,,大的,老大、大哥，對團體領導者的敬稱，通常用於下對上的稱呼語。
,挐頭,小孩子無理取鬧的樣子。,,乖,形容懂事、順從。
,挐頭,小孩子無理取鬧的樣子。,,乖巧,形容人聰明伶俐，討人喜歡。
,挐頭,小孩子無理取鬧的樣子。,,溫馴,溫順、溫和。溫和馴良、平和不粗野。
,無時無陣,不定時。無固定的時間。,,有時有陣,定時、有時間性。
,璇石喙,能言善道。,,大舌,口吃。講話結結巴巴、不清不楚。
,熱底,一般指體質偏熱的人。,,冷底,指體質虛寒。
,嗤噌,指鼻子強力吸氣、呼氣，發出聲音。後引申為吭聲。,,恬恬,安靜無聲。
,嗤噌,指鼻子強力吸氣、呼氣，發出聲音。後引申為吭聲。,,噷噷,悶不作聲、不吭聲。
,慢分,誤點。通常指班機、班車遲到。,,準時,按照規定的時間。
,致心,盡心盡力、專心致志。,,外外,漠不關心、置身事外。
,致心,盡心盡力、專心致志。,,放放,散漫、馬虎。草率不認真。
,致心,盡心盡力、專心致志。,,激外外,置身事外。裝出一副事不關己的樣子。
,內家,婆家。指女人出嫁後，丈夫的父母家。,,外家,娘家。女子出嫁後，稱自己父母的家。
,內家,婆家。指女人出嫁後，丈夫的父母家。,,後頭,娘家。
,內家,婆家。指女人出嫁後，丈夫的父母家。,,後頭厝,娘家。女性出嫁後對親生父母家的稱呼，以用來和婆家作區別。
,無底,指家世背景、財富地位或學識技能缺乏根柢。亦即本質實力基礎薄弱。,,有底,指有基礎或者有祖產等。
,無底,心裡對某件事情沒有把握。,,有底,心裡對某件事情非常熟悉而且有把握。
,無底,沒有實際作用、不牢靠。,,有底,牢靠。
,現交關,現金交易。,,賒數,賒帳。商業交易時先取得商品，日後再付款。
,饒裕,富裕、豐裕。錢財或物資充裕。,,清寒,清貧、貧寒。
,饒裕,富裕、豐裕。錢財或物資充裕。,,散赤,貧窮、窮困。缺乏錢財，生活拮据困乏。
,饒裕,富裕、豐裕。錢財或物資充裕。,,缺欠,不足、不夠、匱乏、窮乏。
,厚味,形容東西的味道又濃又重。,,白汫無味,指食物味道淡，沒什麼滋味。
,厚味,形容東西的味道又濃又重。,,汫,味道淡、不鹹。
,卜面,指望；勝算。,,輸面,輸局。會輸的成分、局面。
,輕兩想,輕得不得了。,,掂篤,沉重。東西拿在手中感覺沉甸甸的。
,會和,划算。,,袂和,划不來、不划算。
,會和,划算。,,算袂和,划不來。不合算、不值得。
,押尾手,最後。,,做前,領頭、帶領。
,懊嘟面,表情嚴肅，略帶怒氣且沒有笑容的臭臉。,,笑頭笑面,笑逐顏開、眉開眼笑。形容心中非常高興，連臉上都充滿著歡喜的神情。
,喜事,婚嫁或一切值得慶賀的事。,,喪事,人死後的殮葬、哀祭等事宜。
,花哩囉,形容色彩繁多而雜亂。,,素色,白色、素色、淡雅的顏色。
,花彔彔,顏色、花樣多而雜亂。,,素色,白色、素色、淡雅的顏色。
,輕蠓蠓,形容非常的輕。,,掂篤,沉重。東西拿在手中感覺沉甸甸的。
,輕蠓蠓,形容非常的輕。,,重篤篤,非常重。
,走斜,歪斜不正。,,四正,四方端正、不偏不倚。
,押尾,殿後、押後。,,做前,領頭、帶領。
,押尾,最後。,,進前,之前。
,押尾,最後。,,頭起先,起初、剛開始。
,壓落底,壓制使順從、壓制使屈服。,,反抗,心中不服而予以抗拒。
,壓落底,壓制使順從、壓制使屈服。,,抵抗,抗拒、反抗。
,慢鈍,遲鈍、慢吞吞。,,扭掠,形容手腳快、動作敏捷。
,慢鈍,遲鈍、慢吞吞。,,敏捷,反應迅速快捷。
,慢鈍,遲鈍、慢吞吞。,,緊手,快手。形容人手腳俐落，做事敏捷。
,慢鈍,遲鈍、慢吞吞。,,猛掠,（動作）敏捷。
,慢鈍,遲鈍、慢吞吞。,,緊跤緊手,快手快腳。指做事情動作敏捷快速。
,缺欠,缺乏。,,少缺,不缺、多得很。多用在反詰口氣。
,缺欠,不足、不夠、匱乏、窮乏。,,冗剩,寬裕。
,缺欠,不足、不夠、匱乏、窮乏。,,饒裕,富裕、豐裕。錢財或物資充裕。
,怪奇,奇怪、奇特、蹊蹺。,,平常,形容一點也沒有值得奇怪或驚訝的地方。
,怪奇,奇怪、奇特、蹊蹺。,,普通,通常、一般。
,趕狂,急忙、倉皇、慌慌張張。,,小心,注意、留意。
,趕狂,急忙、倉皇、慌慌張張。,,定著,穩重。
,趕狂,急忙、倉皇、慌慌張張。,,細膩,做事小心謹慎。
,歹星,惡、壞。,,好,美、善、佳等與「壞」相對的正面形容。
,省本,節省成本。,,了本,蝕本、虧本。
,省本,節省成本。,,了錢,賠錢、虧本。
,省本,節省成本。,,倒貼,虧本、賠本。
,省本,節省成本。,,蝕本,虧本。虧損賠錢。
,探,伸出去。,,勼,縮小、收縮。
,親戽戽,熟似親密狀、熱絡狀。,,疏遠,遠離而不親近。
,大箍把,指身材高大。有時可以用來貶抑人空有高大的外貌卻不中用。,,細粒子,形容身材嬌小。
,𢯾鼻,鼻梁不高。,,啄,由本義引申為形容人鼻子尖挺。
,𢯾鼻,鼻子下陷。,,啄,由本義引申為形容人鼻子尖挺。
,不三時,時常、常常。,,有時仔,有時候、偶爾。
,不三時,時常、常常。,,有時陣,有時候、偶爾。
,不三時,時常、常常。,,有當時仔,偶爾、有時候。
,不三時,時常、常常。,,罕得,稀罕、難得、稀少。語氣完結時唸作hán--tit。
,不三時,時常、常常。,,罕罕仔,偶爾、難得、久久一次。
,一半擺仔,偶爾、一兩次。,,不時,隨時、經常。無論什麼時候。
,一半擺仔,偶爾、一兩次。,,四常,時常、經常。
,一半擺仔,偶爾、一兩次。,,定定,常常、經常。
,一半擺仔,偶爾、一兩次。,,捷捷,常常。
,後日仔,日後、以後、將來。未來的日子。,,向時,從前、昔日。為「彼當時」(hit-tang-sî)的合音。
,後日仔,日後、以後、將來。未來的日子。,,早前,早先、以前。
,後日仔,日後、以後、將來。未來的日子。,,往時,從前、過去。
,後日仔,日後、以後、將來。未來的日子。,,往過,以往、以前。
,後日仔,日後、以後、將來。未來的日子。,,往擺,以前、早先。
,後日仔,日後、以後、將來。未來的日子。,,前日,前幾天。
,後日仔,日後、以後、將來。未來的日子。,,進前,以前、從前。
,後日仔,日後、以後、將來。未來的日子。,,較早,以往、以前。
,後日仔,日後、以後、將來。未來的日子。,,以早,以前、從前。
,散食,貧窮。缺乏錢財，生活拮据困乏。,,好額,富裕、富有。
,著等,入選；得名、獲得名次。,,摃龜,希望落空或是彩頭沒中。源自日語。
,著等,得獎。獲得獎賞。,,摃龜,希望落空或是彩頭沒中。源自日語。
,厝內人,家眷。指眷屬。,,外人,沒有親屬關係的人。
,出破,不該讓人知道的事情被發現或揭發。,,掩崁,隱瞞、包庇。
,出破,不該讓人知道的事情被發現或揭發。,,遮閘,遮掩。遮蔽、掩蔽。
,出破,不該讓人知道的事情被發現或揭發。,,遮瞞,隱瞞。把真相遮掩隱瞞起來不讓人知道。
,後回,下次、下回。,,頂過,上次。
,後回,下次、下回。,,頂幫,上次，前一次。
,後回,下次、下回。,,頂擺,上次、前回。
,後回,下次、下回。,,頂回,上次、以前、之前的事情。
,後改,下次、下回。,,頂過,上次。
,後改,下次、下回。,,頂幫,上次，前一次。
,後改,下次、下回。,,頂擺,上次、前回。
,後改,下次、下回。,,頂改,上次、上回。
,後改,下次、下回。,,頂回,上次、以前、之前的事情。
,頂回,上次、以前、之前的事情。,,下擺,下次、下回。
,頂回,上次、以前、之前的事情。,,後過,下次。將來。
,頂回,上次、以前、之前的事情。,,後回,下次、下回。
,頂回,上次、以前、之前的事情。,,後改,下次、下回。
,喝聲,出聲回應、表態。對於別人的發問，出聲表示贊同與否。,,恬恬,安靜無聲。
,喝聲,出聲回應、表態。對於別人的發問，出聲表示贊同與否。,,噷噷,悶不作聲、不吭聲。
,涼冷,微冷。一般指氣候上的冷。,,燒烙,溫暖、暖和。
,涼冷,微冷。一般指氣候上的冷。,,燒熱,溫暖。
,虛荏,身體虛弱。,,勇,健康、強壯。
,虛荏,身體虛弱。,,勇健,健朗。形容身體健康硬朗。
,虛荏,身體虛弱。,,勇壯,身體強壯。
,得定,鎮定、穩重。,,無定著,指小孩子不安定，無法安靜下來。
,得定,鎮定、穩重。,,無時定,形容人活潑好動，一刻都閒不下來。
,拄仔,恰恰、恰巧。,,毋好勢,不方便、不湊巧。
,拄仔,恰恰、恰巧。,,毋拄好,搞不好、不湊巧。
,拄仔,恰恰、恰巧。,,無拄好,不巧。
,花血,花俏豔麗。,,素,樸實無華，沒有複雜的裝飾。
,花血,花俏豔麗。,,漚色,顏色灰暗。
,袂見眾,見不得人，上不了檯面的意思。,,會見眾,上得了檯面。為人行事、作品可公開受品評。
,平正,公平、公正、無私心。,,大細心,偏心。指人故意偏袒一方，對某一方存私心。
,平正,公平、公正、無私心。,,大細目,本義為兩眼一大一小，大小眼。引申為用不公平的角度看待他人。
,平正,公平、公正、無私心。,,偏心,偏袒。袒護一方，對某一方存私心。
,新嫣,具有初始的光澤，如新布或其它新物品。,,舊漚舊臭,老舊破爛。
,惜略,惜物，珍惜東西。,,拍損,浪費、蹧蹋。
,惜略,惜物，珍惜東西。,,拍翸,揮霍。
,四壯,指身體強壯或身材魁梧。,,細粒子,形容身材嬌小。
,四壯,指身體強壯或身材魁梧。,,細漢,身材矮小。
,著味,形容口味對味，有好滋味。,,扴味,因為摻合不同食材，造成味道彼此不相合。
,會見眾,上得了檯面。為人行事、作品可公開受品評。,,袂見眾,見不得人，上不了檯面的意思。
,合該然,理當如此。同意且支持對方提出的處理方式。,,無天理,沒有天理。通常用在感嘆人事不公。
,精英,有元氣、有活力。,,失神,形容一個人精神恍惚，魂不守舍。
,精英,有元氣、有活力。,,無神,無精打采、沒精神。
,精英,有元氣、有活力。,,踅神,神情恍惚的樣子。
,對千,瞄準。,,走精,失去準度、走樣。
,對千,剛好、恰好。,,毋拄好,搞不好、不湊巧。
,對千,剛好、恰好。,,無拄好,不巧。
,暗殕,灰暗無光的。,,光,明亮、發亮的樣子。
,暗殕,灰暗無光的。,,光映映,形容非常光亮的樣子。
,暗殕,灰暗無光的。,,光炎炎,形容光亮耀眼、輝煌奪目的樣子。
,焦蔫,植物因缺少水分或營養而枯萎。,,旺,植物生長茂盛。
,焦蔫,植物因缺少水分或營養而枯萎。,,茂,草木繁盛的樣子。
,焦蔫,植物因缺少水分或營養而枯萎。,,健欉,指以棵做單位的樹木、花果、蔬菜等植物長得枝繁葉茂。
,幼工,細活、細工。精密細緻的工作。,,粗工,粗活。笨重費力的工作。
,枯焦,枯乾。,,旺,植物生長茂盛。
,枯焦,枯乾。,,茂,草木繁盛的樣子。
,枯焦,枯乾。,,健欉,指以棵做單位的樹木、花果、蔬菜等植物長得枝繁葉茂。
,古早味,指令人懷念具傳統風味的事物。,,流行,時興。盛行於當時。
,古早味,指令人懷念具傳統風味的事物。,,時行,流行、時髦。
,倒勼,衣物變短或身高變矮。,,抽懸,抽高。人在發育期明顯長高。
,有法度,有辦法、有能力。,,無步,沒轍。沒辦法。
,有法度,有辦法、有能力。,,無法度,沒辦法、沒能力。
,有法度,有辦法、有能力。,,變無撚,沒轍、沒辦法。想不出解決之道，一籌莫展。
,無定,說不定。,,定著,一定。
,無定,說不定。,,定規,必定、必然、肯定。
,著力,吃力、費力。,,三兩下手,三兩下子。形容動作純熟迅速，毫不費工夫即可完成某件事情。
,欲死盪幌,死氣沉沉、精神萎靡不振。,,活跳跳,活蹦亂跳、活力充沛的樣子。
,欲死盪幌,沒有生機。,,活跳跳,活蹦亂跳、活力充沛的樣子。
,欲死盪幌,沒有生機。,,𪁎趒,動植物活躍茂盛的樣子。
,變無撚,沒轍、沒辦法。想不出解決之道，一籌莫展。,,變竅,通權達變、隨機應變。
,變無撚,沒轍、沒辦法。想不出解決之道，一籌莫展。,,有法度,有辦法、有能力。
,跋臭,耍賴、賴皮。原意是賭博時，眼看自己就要輸了，就使手段讓賭局破局，引申為沒風度，拖優勢方下水，讓大家都成為輸家。,,認輸,承認失敗。
,半病仔,喻指不中用、無能的人。,,中用,形容人很有能力、很好差遣。
,半病仔,喻指不中用、無能的人。,,有路用,有用處、有益處。
,半病仔,喻指不中用、無能的人。,,勇跤,財務健全者。
,㧣風,逆風前進。,,順風,順著風勢。
,畏羞人,害羞、靦腆。,,大方,舉止得體合宜、不矯飾，有大家風範。
,畏羞人,害羞、靦腆。,,大範,一個人的舉止十分大方、自然，不受拘束。
,畏羞人,害羞、靦腆。,,大端,大方、賢淑、端莊。
,臭生荒,荒置、廢棄任其荒涼。,,開墾,開闢未經開發過的荒地。
,臭生荒,荒置、廢棄任其荒涼。,,種作,栽種、種植。
,薄本,資本額少的小生意。,,大本,大本錢、很多本錢。
,薄本,資本額少的小生意。,,粗本,資本雄厚。
,無臭無潲,責人不像樣。罵人的粗鄙用語。,,成樣,形容人經訓練或材料經處理之後成某規格之才能或樣貌。
,無時閒,忙碌。一刻都閒不下來，指人很忙碌，無一刻停歇。,,有閒,有空。有空閒、餘暇。
,無時閒,忙碌。一刻都閒不下來，指人很忙碌，無一刻停歇。,,閒仙仙,形容人閒著沒事幹。
,粗糠耳,乾耳朵。易排出乾性耳垢的耳朵。,,油耳,溼耳朵。易排出溼性耳垢的耳朵。
,油耳,溼耳朵。易排出溼性耳垢的耳朵。,,粗糠耳,乾耳朵。易排出乾性耳垢的耳朵。
,粗本,資本雄厚。,,薄本,資本額少的小生意。
,定規,必定、必然、肯定。,,凡勢,也許、可能。
,定規,必定、必然、肯定。,,可能,或許，也許。
,定規,必定、必然、肯定。,,無定著,也許、說不定。
,定規,必定、必然、肯定。,,無定,說不定。
,出人前,小孩子到公眾場合不怕陌生。,,驚生份,害怕陌生人。
,重篤篤,非常重。,,輕蠓蠓,形容非常的輕。
,脆命,短命。生命力弱。,,韌命,有韌性、生命力強，經得起磨難。
,捙蛆,形容小孩過動、躁動的樣子。,,恬靜,文靜。
,利頭,利益、好處。,,歹空,無利可圖、不好的事。
,利頭,利益、好處。,,䆀空,見【歹空】pháinn-khang 條。
,冷底,指體質虛寒。,,熱底,一般指體質偏熱的人。
,你兄我弟,稱兄道弟。特指拉幫結派，想仗勢欺人。,,歹面相看,惡臉相向。
,生猴,生手、新手。指剛進職場，對某種事務的經驗或技術不純熟的人。,,熟手,對於某種事物專精熟練的人。
,粗跤重蹄,笨手笨腳。,,扭掠,形容手腳快、動作敏捷。
,粗跤重蹄,笨手笨腳。,,猛掠,（動作）敏捷。
,韌鼻,不乾脆。,,規氣,乾脆。做事直接乾脆，不拖泥帶水。
,起基,當初。,,尾手,最後，手中剩下的。
,起基,當初。,,尾後,末了、後面、後頭。指時間、空間上的順序較現在這個地方還要來得晚、來得後面的。
,起基,當初。,,煞尾,末尾、最後。
,起基,當初。,,落尾,後來、最後。
,起基,當初。,,落尾手,後來、最後。
,堅血,血液凝固。傷口不再流血。,,拚血,血崩。生產或流產時引發大出血。
,凊面,冷漠不親切的表情。凶惡、憤怒或難看的臉色。,,笑頭笑面,笑逐顏開、眉開眼笑。形容心中非常高興，連臉上都充滿著歡喜的神情。
,死毋坐認,執意不肯承認錯誤。,,認錯,承認自己的過失。
,素色,白色、素色、淡雅的顏色。,,花巴哩貓,形容圖案樣式或顏色雜亂無章的樣子。
,素色,白色、素色、淡雅的顏色。,,花貓貓,形容顏色花樣多得讓人受不了。
,素色,白色、素色、淡雅的顏色。,,花哩囉,形容色彩繁多而雜亂。
,素色,白色、素色、淡雅的顏色。,,花彔彔,顏色、花樣多而雜亂。
,押尾後,殿後。走在最後面。,,代先,最前頭。
,押尾後,殿後。走在最後面。,,做頭,當先。趕在最前面。
,押尾後,殿後。走在最後面。,,做前,領頭、帶領。
,做前,領頭、帶領。,,押後,殿後，在最後面。
,做前,領頭、帶領。,,押尾手,最後。
,做前,領頭、帶領。,,押尾,殿後、押後。
,做前,領頭、帶領。,,押尾後,殿後。走在最後面。
,捙桶倒,大雨傾盆而下。,,好天,好天氣。晴朗、氣溫宜人，令人覺得舒爽。
,漚翕,天氣悶熱，空氣又不流通。,,秋凊,涼爽。清涼舒爽。
,漚翕,天氣悶熱，空氣又不流通。,,涼,微寒、清涼。
,粗絲,形容食用蔬果時，其纖維有粗糙的感覺。,,幼,嫩。用於形容蔬菜、肉類的口感。
,恬才,誠實莊重，行事規矩。,,無才,吊兒郎當。言行輕浮，儀態不端。
,恬才,誠實莊重，行事規矩。,,無時定,形容人活潑好動，一刻都閒不下來。
,斷站,指做某件事或工程，因故於進行中停止或擱置。,,相連紲,連續、連串。一個接著一個，接連不斷。
,斷站,指做某件事或工程，因故於進行中停止或擱置。,,接續,連續。相連接、繼續不間斷。
,斷站,指做某件事或工程，因故於進行中停止或擱置。,,透流,從一而終、有始有終。
,斷站,指做某件事或工程，因故於進行中停止或擱置。,,連紲,連續、接連不斷。
,斷站,指做某件事或工程，因故於進行中停止或擱置。,,連續,持續不斷。
,轉氣,手氣變好。,,落衰,走背運、走霉運。
,緊跤,腳勤。,,拖沙,形容人做事拖泥帶水、不乾脆。
,飽流,漲潮。,,洘流,退潮。
,飽流,漲潮。,,退流,退潮。
,水洘,退潮。,,海漲,漲潮。在潮汐中，海面水位上升，或該時段的通稱。主要因太陽、月亮的引力作用而形成。
,鬧熱滾滾,場面非常熱鬧、人聲鼎沸的樣子。,,安靜,平靜無聲。
,鬧熱滾滾,場面非常熱鬧、人聲鼎沸的樣子。,,恬靜,安靜無聲。
,微微,瞇眼。眼睛微微閉合。,,金金,睜大眼睛。
,大木,建築房屋的木工。,,小木,做家具的木工。相反的，「大木」(tuā-ba̍k)是建築房屋的木工。
,相挨推,事前彼此推拖，藉詞拒絕，不願承當。,,擔輸贏,能勇於承受許諾的條件或失敗的壓力。
,相挨推,事後相互推卸責任。,,擔輸贏,能勇於承受許諾的條件或失敗的壓力。
,無沓無屑,形容食物份量少得可憐、無法滿足口慾的樣子。,,豐富,形容種類多或數量充裕。
,月底,月底。每個月的最後幾天。,,月初,月頭、上旬。一個月剛開始的頭幾天。
,月底,月底。每個月的最後幾天。,,月頭,月初。每月起初的幾天。
,會赴市,趕得上巿場交易的時間或時機。,,袂赴,來不及、趕不上。
,會赴市,趕得上巿場交易的時間或時機。,,袂赴市,時間短暫，無法趕上或顧及。
,大食,指食量很大。,,小口,飯量少、食量小。
,大食,指食量很大。,,小食,食量小的。
,落妝,卸妝。洗除臉上的化妝。,,妝娗,化妝、打扮。
,慷交,慷慨好客，交遊廣闊。,,孤獨,孤僻、寡合。指人的性情乖異，不喜歡與人交際、親近。
,慷交,慷慨好客，交遊廣闊。,,孤佬,孤僻。
,慷交,慷慨好客，交遊廣闊。,,孤毛,孤獨、孤僻、不喜歡與他人分享。
,無時定,形容人活潑好動，一刻都閒不下來。,,恬靜,文靜。
,無時定,形容人活潑好動，一刻都閒不下來。,,得定,鎮定、穩重。
,無時定,形容人活潑好動，一刻都閒不下來。,,恬才,誠實莊重，行事規矩。
,粗耙耙,粗糙、不平滑的。,,幼麵麵,細嫩。
,粗耙耙,粗糙、不平滑的。,,滑溜,光滑。
,有路來,有辦法、做得來。,,無法度,沒辦法、沒能力。
,有路來,有辦法、做得來。,,無路來,沒有辦法，不知道該如何去做、去說。
,三兩下手,三兩下子。形容動作純熟迅速，毫不費工夫即可完成某件事情。,,著力,吃力、費力。
,下半身,下半身。,,頂半身,上半身。
,散掖掖,散亂。,,屧貼,指東西放得整齊且密實。
,散掖掖,散亂。,,整齊,有次序、有條理。
,堅風,風乾。蔬菜、肉類等物品被風吹乾，水份因減少而變得乾硬。,,溼,變潮溼。
,欲哭欲𥍉,快哭出來的樣子。,,笑頭笑面,笑逐顏開、眉開眼笑。形容心中非常高興，連臉上都充滿著歡喜的神情。
,欲哭欲𥍉,快哭出來的樣子。,,歡頭喜面,歡天喜地。臉上洋溢著非常高興的表情。
,欲哭欲𥍉,快哭出來的樣子。,,喙笑目笑,笑容可掬、眉開眼笑。
,清菜,素菜。素食菜餚。,,臊菜,葷菜。泛指肉類或含有辛辣刺激味道的食品、青菜如蔥、蒜、韭菜等。
,執硬,頑固、固執。堅持己見不知變通，抵死也不改變。,,變步,變通的方法。
,執硬,頑固、固執。堅持己見不知變通，抵死也不改變。,,變通,為了順應情勢的變遷，在不違反原則下所做的彈性處理。
,成款,像樣。達到令人滿意的樣子。,,毋成樣,不像話、不像樣。
,幼茈,年幼、稚嫩。年紀幼小。,,老,年紀大。
,幼茈,資淺。經驗不足、資歷淺的。,,老,熟練、經驗豐富。
,幼茈,資淺。經驗不足、資歷淺的。,,老練,形容做事手法好，經驗豐富。
,滑溜,光滑。,,粗,不平滑的。
,滑溜,光滑。,,粗耙耙,粗糙、不平滑的。
,滑溜,圓滑。做事或言談面面周到，不得罪人。,,土直,形容一個人個性率真、剛直，不會深思熟慮，不會拐彎抹角。
,滑溜,圓滑。做事或言談面面周到，不得罪人。,,忠厚,老實。形容人的品性忠實寬厚。
,冇心,質地鬆散不結實。,,實腹,內部紮實不空心的。
,有局,有意思、有趣。,,無局,無聊、乏味。
,光焱焱,明晃晃、光亮。,,烏趖趖,烏黑。形容很黑。
,魚魚肉肉,大魚大肉。指主要以魚、肉為主的菜餚。,,粗菜便飯,家常便飯、粗茶淡飯。多為請客時自謙的說法。
,見天,迷糊、漫不經心。,,勥,形容人精明能幹、能力很行、很強的樣子。多用於形容女性，現今表示有點過分的能幹。
,見天,迷糊、漫不經心。,,精光,精明。頭腦聰明，做事仔細。
,老相,老態。像老人的相貌。,,少年,年紀輕。
,老相,老態。像老人的相貌。,,少歲,年輕。
,體剔,責備、責罵。,,呵咾,讚美、表揚。
,體剔,責備、責罵。,,褒嗦,恭維。用正面、肯定的言語對別人稱讚、誇獎。
,做兵,服兵役。依照兵役法令規定，年齡年滿19歲的男子依法都應接受徵兵處理。,,退伍,指軍人服役的年限屆滿，離開部隊。
,爛朽朽,破破爛爛。,,堅固,形容物體非常牢固。
,爛朽朽,破破爛爛。,,結實,堅固、紮實。
,勻聊仔,慢慢地、謹慎小心地。,,趕緊,急迫、匆忙。
,鈍跤鈍手,笨手笨腳。形容動作或手腳不靈活。,,扭掠,形容手腳快、動作敏捷。
,鈍跤鈍手,笨手笨腳。形容動作或手腳不靈活。,,敏捷,反應迅速快捷。
,鈍跤鈍手,笨手笨腳。形容動作或手腳不靈活。,,緊手,快手。形容人手腳俐落，做事敏捷。
,鈍跤鈍手,笨手笨腳。形容動作或手腳不靈活。,,猛掠,（動作）敏捷。
,鈍跤鈍手,笨手笨腳。形容動作或手腳不靈活。,,緊跤緊手,快手快腳。指做事情動作敏捷快速。
,緊跤緊手,快手快腳。指做事情動作敏捷快速。,,笨跤笨手,笨手笨腳。
,緊跤緊手,快手快腳。指做事情動作敏捷快速。,,趖跤趖手,形容動作慢吞吞，拖拖拉拉，反應遲鈍。
,緊跤緊手,快手快腳。指做事情動作敏捷快速。,,慢手,慢吞吞、動作遲緩。
,緊跤緊手,快手快腳。指做事情動作敏捷快速。,,慢鈍,遲鈍、慢吞吞。
,緊跤緊手,快手快腳。指做事情動作敏捷快速。,,鈍跤鈍手,笨手笨腳。形容動作或手腳不靈活。
,烏肉底,天生膚色黝黑。,,白肉底,膚色白。
,白肉底,膚色白。,,烏肉底,天生膚色黝黑。
,觸,違逆、辜負。違逆別人的想法或辜負他人。,,順從,遵從、依從。
