詞目id,漢字,羅馬字
,一概,it-kài
,一觸久仔,tsi̍t-táu-kú-á
,十二指腸,tsa̍p-jī-tsí-tn̂g/tsa̍p-lī-tsí-tn̂g
,七夕,tshit-si̍k
,刁工,tiau-kang
,刁持,thiau-tî
,刁故意,thiau-kòo-ì
,人員,jîn-guân/lîn-guân
,人參,jîn-sam/lîn-sam
,人參,jîn-som/lîn-som
,刁意故,tiau-ì-kòo
,入學,ji̍p-ha̍k/li̍p-ha̍k
,刁難,tiau-lân
,人權,jîn-kuân/lîn-kuân
,也,ā
,凡,hān
,上久,siāng kú
,小丑仔,siáu-thiúnn-á
,土木,thóo-ba̍k
,上加,siāng-ke
,上好,siāng hó
,也好,ā-hó
,土地公,Thóo-lī-kong
,小兒科,siáu-jî-kho/siáu-lî-kho
,大姊,tuā-tsé
,下昏,ē-hng
,下昏,enn-hng
,下昏暗,enn-hng-àm
,上青苔,tshiūnn-tshenn-tî/tshiūnn-tshinn-tî
,也是,ā sī
,下晝,e-tàu
,下晝,ēnn-tàu
,下晡,e-poo
,干焦,kan-tann
,干焦,kan-ta
,工程,kang-thîng
,工程師,kang-thîng-su
,土菝仔,thóo-pa̍t-á
,山勢,suann-sì
,下暗,enn-àm
,大腹肚,tuā-bak-tóo
,上緊,siāng kín
,上蓋,siāng-kài
,小說,siáu-suat
,下頦,ē-huâi
,大學,tuā-o̍h
,小學,sió-o̍h
,上頭仔,siāng-thâu-á
,大頭拇,tuā-thâu-bó
,上濟,siāng tsē/siāng tsuē
,上聲,tsiūnn-siann
,上聲,siōng-siann
,下顎,ē-khok
,下顎,ē-gok
,內心,lāi-sim
,內奶,lāi-lin
,公母,kang-bú
,內政,lāi-tsìng
,內容,lāi-iông
,不得了,put-tit-liáu
,不得已,put-tit-í
,內部,lāi-pōo
,分開,pun-khui
,內閣,lāi-koh
,中學,tiong-o̍h
,反,páinn
,壬,jīm/līm
,歹,phái
,毛,moo
,手下,tshiú-ē
,天井,thian-tsénn/thian-tsínn
,太平,thài-phîng
,水母,tsuí-bú
,欠用,khiàm-iōng
,水田,tsuí-tiân
,天地,thian-tē/thian-tuē
,木耳,bo̍k-jí
,木耳,bo̍k-mí
,毋但,m̄-niā
,木材,bo̍k-tshâi
,方言,hong-gân
,毋挃,m̄ ti̍nnh
,午時,ngóo-sî
,天時,thinn-sî
,毋捌,m̄ pat
,文書,bûn-si
,欠缺,khiàm-khuat
,心情,sim-tsiânn
,心爽,sin-sóng
,天理,thinn-lí
,文章,bûn-tsiong
,木麻黃,bo̍k-mâ-hông
,比喻,phí-jū/phí-lū
,天意,thian-ì
,歹腹肚,pháinn-bak-tóo
,毋過,m̄-kò
,毋過,m̄-kù
,手摺簿仔,tshiú-tsí-phōo-á
,文憑,bûn-pîn
,反輾轉,píng-lìn-tńg
,水雞,suí-ke/suí-kue
,手囊,tshiú-long
,牛奶,gû-lin
,牛母,gû-bú
,牛奶色,gû-lin-sik
,牛奶喙仔,gû-lin-tshuì-á
,牛奶糖,gû-lin-thn̂g
,牛喙罨,gû-tshuì-lam
,火雞母,hué-ke-bú/hé-kue-bú
,仝,kâng
,兄弟姊妹,hiann-tī-tsí-muāi
,仝爸各母,kāng-pē-koh-bó
,代書,tāi-si
,仙草,tshian-tsháu
,且慢,tshé-bān
,主權,tsú-kuân
,卡,khá
,叨,tho
,可,khónn
,半䖙倒,puànn-thenn-tó
,四方,sù-hong
,可怕,khónn-phànn
,半信半疑,puànn-sìn-puànn-gî
,出差,tshut-tshe
,可能,khónn-lîng
,加添,ke-thinn
,可惡,khónn-ònn
,可惱,khónn-náu
,四箍輾轉,sì-khoo-lìn-tńg
,叩謝,khiò-siā
,奶,lin
,正月,tsiann-gue̍h/tsiann-ge̍h
,母仔囝,bó-á-kiánn
,奶母,ling-bó/ni-bó
,奶母,lin-bú
,奶母車,ling-bó-tshia/ni-bó-tshia
,奶母車,lin-bú-tshia
,母囝椅,bó-kiánn-í
,母妗,bó-kīm
,打扮,tá-pān
,母身,bú-sin
,奶帕仔,lin-phè-á
,母的,bú--ê
,母金,bú-kim
,尻脊,ka-tsiah
,尻脊後,ka-tsiah-āu
,尻脊骿,ka-tsiah-phiann
,打馬膠,tiám-má-ka
,打馬膠路,tiám-má-ka-lōo
,打探,tá-thàm
,打桶,tá-tháng
,正統,tsiànn-thóng
,正途,tsiànn-tôo
,奶喙仔,lin-tshuì-á
,母舅,bó-kū
,母舅公,bó-kū-kong
,失算,sit-suàn
,失誤,sit-ngōo
,母親,bió-tshin
,母親,bóo-tshin
,母錢,bó-tsînn
,奶頭,lin-thâu
,打擊,tá-kik
,奶癌,lin-gâm
,打擾,tá-jiáu/tá-liáu
,母體,bó-thé
,失體面,sit-thé-bīn
,白內障,pe̍h-lāi-tsiòng
,白木耳,pe̍h-bo̍k-jí
,玉仔,gio̍k-á
,生份,tshenn-hūn/tshinn-hūn
,生份人,tshenn-hūn-lâng/tshinn-hūn-lâng
,生成,senn-tsiânn/sinn-tsiânn
,石坎,tsio̍h-gám
,目的,bo̍k-tik
,目前,ba̍k-tsîng
,白帶,pi̍k-tài
,石敢當,si̍k-kám-tong
,目睫毛,ba̍k-tsiap-mn̂g
,石榴,tsio̍h-liû
,目標,bo̍k-phiau
,目錄,bo̍k-lio̍k
,白癜,pe̍h-tiò
,先生,sin-senn
,先生,sian-senn
,先生娘,sin-senn-niû
,先生娘,sian-senn-niû
,先生媽,sin-senn-má
,先生媽,sian-senn-má
,囡仔性,gín-á-siàng
,合家,ha̍p-ke
,名望,miâ-bōng
,同學,tông-o̍h
,危險,huî-hiám
,如,jî/lî
,守,tsiúnn
,年,nî
,存心,tshûn-sim
,字母,jī-bó/lī-bó
,如此,jî-tshú/lî-tshú
,存死,tshūn-sí
,如此如此,jî-tshú-jî-tshú/lî-tshú-lî-tshú
,如來佛祖,Jû-lâi-hu̍t-tsóo/Lû-lâi-hu̍t-tsóo
,守空房,tsiúnn khang-pâng
,安家,an-ke
,存款,tsûn-khuánn
,守寡,tsiúnn-kuánn
,存範,tshūn-pān
,安養,an-iúnn
,死囡仔䖙,sí-gín-á-thenn
,早起,tsái-khí
,早起頓,tsái-khí-tǹg
,扣除,khàu-tî
,有路用,ū-lōo-iōng
,耳,jí
,羊毛衫,iûnn-môo-sann
,米奶,bí-lin
,羊母,iûnn-bú
,老母,lāu-bó
,耳目,jí-bo̍k
,江湖,kang-ngôo
,老番顛,lāu-huan-thian
,血路,hiat-lōo
,色緻,sik-tì
,米糕糜,bí-ko-muâi
,血壓,hiat-ap
,西式,se-sit
,佗,tá
,佗,tah
,伸手,tshng-tshiú
,佛手瓜,pu̍t-tshiú-kue
,佛仔,hu̍t-á
,佛祖,Hu̍t-tsóo
,佛堂,pu̍t-tn̂g
,佛教,Pu̍t-kàu
,佛像,pu̍t-siōng
,吸石,khi̍p-tsio̍h
,利息,lī-sit
,坎仔,gám-á
,坐禪,tsē-siâm
,妙,biāu
,宋江陣,Siòng-kang-tīn
,希望,hi-bōng
,忘,bông
,扭,náu
,扲,gîm
,扳,pan
,忌日,khī-ji̍t/khī-li̍t
,床母,Tshn̂g-bó
,扭尻川,gió kha-tshng
,庇佑,pí-iū
,忌床,kī-tshn̂g
,快活,khuànn-ua̍h
,忍氣,jím-khì
,扳過來,pan--kuè-lâi/pan--kè-lâi
,抑,iah
,抑,a̍h
,抑,ah
,村,tshuan
,抑是,iah-sī
,抑是,a̍h-sī
,抑是,ah-sī
,材料,tshâi-liāu
,杜蚓仔,tōo-ún-á
,批囊,phue-long
,汰,thài
,沉,tiâm
,災禍,tsai-ē
,言,gân
,阮,gún
,豆奶,tāu-lin
,豆乳,tāu-jí/tāu-lí
,豆乳,tāu-jínn
,見若,kìnn-nā
,走唱,tsáu-tshiàng
,車掌,tshia-tsiáng
,乳名,jí-miâ/lí-miâ
,享受,hióng-siū
,佳哉,kai-tsài
,享福,hióng-hok
,依賴,i-lāi
,叔伯姊妹,tsik-peh-tsí-muāi
,受氣,siūnn-khì
,受當袂起,siū-tng-bē-khí/siū-tng-buē-khí
,協調,hia̍p-tiāu
,刺激,tshì-khik
,和,hâm
,坪,phênn/phînn
,坪,phiânn
,坦白,thán-pe̍h
,姊夫,tsé-hu
,姊仔,tsé--á
,姐母,Tsiáu-bó
,奇妙,kî-biāu
,姊妹,tsí-muāi
,姊妹仔伴,tsí-muāi-á-phuānn
,委員,uí-guân
,官員,kuann-guân
,店員,tiàm-guân
,定做,tīng-tsò/tīng-tsuè
,季節,kuì-tsiat
,往日,íng-ji̍t/íng-li̍t
,往年,íng-nî
,怦怦喘,phīnn-phīnn-tshuán
,怦怦喘,phīnn-phēnn-tshuán
,怦怦喘,phīnn-phānn-tshuán
,彼號,hit-hō
,抨,piann
,抽,liu
,抾囝母,khioh-kiánn-bó
,拚血,piànn-hueh/piànn-huih
,抵抗,té-khòng
,拋捙輪,pha-tshia-lian
,抵押,té-ah
,拍抐涼,phah-lâ-liâng
,拍咳啾,phah-ka-tshiùnn
,招待,tsiau-tāi
,放捒,pàng-sat
,所得,sóo-tit
,所得稅,sóo-tit-suè/sóo-tit-sè
,拄欲,tú bueh
,拍麻雀,phah-mâ-tshiok
,拍麻雀,phah-bâ-tshiok
,拍結毬,phah-kat-khiû
,拍滂泅,phah-pōng-siû
,抱歉,phō-khiám
,抽豬母稅,thiu-ti-bú-suè/thiu-tu-bú-sè
,拋輾斗,phann-lìn-táu
,抽籤,liu-tshiam
,抽鬮,liu-khau
,抽躼,thiu-liò
,明仔日,miâ-á-ji̍t/miâ-á-li̍t
,明仔早起,miâ-á-tsá-khí
,明仔早起,bîn-á-tsái-khí
,明仔暗,miâ-á-àm
,明仔載,miâ-á-tsài
,明年,mâ-nî
,明年,muâ-nî
,林投姊仔,Nâ-tâu-tsé--á
,明星,bîng-sing
,林菝仔,ná-pa̍t-á
,易經,Ia̍h-king
,枕頭囊,tsím-thâu-long
,泔糜仔,ám-muâi-á
,炒,tsháu
,爸,pa
,狗𩸶仔,káu-kām-á
,狗母,káu-bú
,狗母魚,káu-bú-hî/káu-bú-hû
,肨奶,hàng-lin
,芥藍仔,kè-nê-á
,雨,í
,虯毛,khiû-moo
,虯毛,khiû-môo
,門戶,bûn-hōo
,阿母,a-bó
,長老,tióng-ló
,表姊,piáu-tsé
,阿姊,a-tsé
,阿爸,a-pa
,阿爸,a-pâ
,迎接,gîng-tsih
,迎接,ngiâ-tsih
,金榜,kim-póng
,迎鬧熱,giâ-nāu-jia̍t/giâ-nāu-lia̍t
,迎燈,giâ-ting
,門簾,mn̂g-nî
,長躼埽,tn̂g-liò-sò
,便媒人,piān-muî-lâng
,保正,pó-tsìng
,冠軍,kuàn-kun
,保衛,pó-uī
,咧,leh
,哀爸叫母,ai-pē-kiò-bó
,咧欲,teh-bueh
,咧欲,tih-beh
,咧欲,tih-bueh
,契母,khè-bó
,度小月,tōo-sió-gua̍t
,宣言,suan-gân
,屎桮齒,sái-pe-khí
,封條,pang-tiâu
,後代,hiō-tāi
,後母,āu-bó
,後母面,āu-bó-bīn
,扁食,phián-si̍t
,後悔,hōo-hué
,怎樣,tsáinn-iūnn
,後輩,āu-puè
,扁擔,pín-tann
,曷,ia̍h
,曷使,ia̍h-sái
,昨昏,tsa̍h-hng
,按怎,án-nuá
,按怎,án-ná
,按脈,àn-be̍h
,曷著,ia̍h-tio̍h
,春節,tshun-tsiat
,故障,kòo-tsiòng
,挑戰,thiau-tsiàn
,政權,tsìng-kuân
,某乜人,móo-mí-lâng
,查埔,ta-poo
,查埔囡仔,ta-poo gín-á
,洘旱,khò-huānn
,洘頭糜,khó-thâu-muâi
,流水,liû-suí
,流水,lâu-suí
,活動,ua̍h-tōng
,活欲,ua̍h-bueh
,炸彈,tsà-tân
,活潑,ua̍t-phuat
,癸,kuì
,相,siang
,相,siàng
,相𫝛,sio-siâng
,相公,siùnn-kang
,相仝,sio-kâng
,相見,sann-kìnn
,相爭,sann-tsenn/sann-tsinn
,相挨相𤲍,sann-ue-sann-khueh
,相捌,sio-pat
,珊瑚,suan-lôo
,相輸,sann-su
,相嚷,sio-jióng
,秋凊,tshio-tshìn
,科員,kho-guân
,突然,thu̍t-jiân/thu̍t-liân
,砒霜,phînn-sng
,紅毛塗,âng-bûn-thôo
,耐用,nāi-īng
,胃潰瘍,uī-huì-iông
,胃潰瘍,uī-huī-iông
,茂,ām
,若親像,ná-tshan-tshiūnn
,計程車,kè-tîng-tshia
,計程車,khè-thîng-tshia
,計謀,kè-biô
,食奶,tsia̍h-lin
,飛行機,hui-lîng-ki
,飛行機,pue-lîng-ki
,食物,tsia̍h-mi̍h/tsia̍h-mn̍gh
,風雨,hong-hōo
,食家己,tsia̍h-ka-tī
,飛鳥,hui-niáu
,香菇肉糜,hiunn-koo-bah-muâi
,借用,tsioh-īng
,候脈,hāu-be̍h
,候選人,hiō-suán-jîn/hiō-suán-lîn
,凊糜,tshìn-muâi
,員,guân
,哼,--hmh
,哪未,nà buē/nà bē
,哭爸哭母,khàu-pē-khàu-bó
,哥哥,ko-ko
,家己,ka-tī
,家己人,ka-tī-lâng
,師兄,sai-hiann
,師母,su-bó
,差教,tshe-kah
,展開,tián-khui
,宮廟,kiong-biō
,挐,jî
,恩情,in-tsîng
,恩愛,in-ài
,挐氅氅,jî-tsháng-tsháng
,拳頭拇,kûn-thâu-bó
,捌,pat
,捗,pô
,揤,ji̍h
,捌字,pat-jī/pat-lī
,挽脈,bán-be̍h
,捌貨,pat-huè/pat-hè
,捌想,pat-siūnn
,揤電鈴,ji̍h tiān-lîng
,捙輾斗,tshia-lìn-táu
,書,si
,柴梳,sâ-se
,核能,hu̍t-lîng
,欱,hop
,桔仔,kit-á
,海岸,hái-gān
,海翁,hái-iang
,浮動,phû-thām
,海參,hái-sam
,海參,hái-som
,泰國菝仔,Thài-kok-pa̍t-á
,海產糜,hái-sán-muâi
,海漲,hái-tiùnn
,烏毛,oo-mng
,烏梅仔酒,oo-muâi-á-tsiú
,烏漉肚,oo-lo̍k-tōo
,烏貓姊仔,oo-niau-tsé--á
,烏龍仔,oo-lîng-á
,特權,ti̍k-kuân
,狼,liông
,狼狽,liông-puē
,眠床,mn̂g-tshn̂g
,祕書,pì-si
,破開,phuà-khui
,破壞,phò-hāi
,神主牌仔,sîn-tsí-pâi-á
,粉腸,hún-tshiân
,耙柫,pê-kut
,紗窗,sua-thang
,脈,be̍h
,舐,tsn̄g
,舐,tsī
,臭奶呆,tshàu-lin-tai
,茭白筍,ka-pe̍h-sún
,臭腥公,tshàu-tshènn-kong/tshàu-tshìnn-kong
,袂用得,bē-īng-tsit/buē-īng-tsit
,袂用得,bē-īng-lit/buē-īng-lit
,袂用得,bē-īng-eh/buē-īng-eh
,袂使,bē-saih/buē-saih
,袂使得,bē-saih-tsit/buē-saih-tsit
,袂使得,bē-saih-lit/buē-saih-lit
,袂使得,bē-saih-eh/buē-saih-eh
,荔枝,lāi-tsi
,袂記得,bē-kì-tsit/buē-kì-tsit
,袂記得,bē-kì-lit/buē-kì-lit
,袂記得,bē-kì-eh/buē-kì-eh
,袂堪得,bē-kham-tsit/buē-kham-tsit
,袂堪得,bē-kham-lit/buē-kham-lit
,袂堪得,bē-kham-eh/buē-kham-eh
,袂曉,bē-hiáng/buē-hiáng
,袂講得,bē-kóng-tsit/buē-kóng-tsit
,袂講得,bē-kóng-lit/buē-kóng-lit
,袂講得,bē-kóng-eh/buē-kóng-eh
,訕削,suan-siah
,起凊瘼,khí-tshìn-mooh
,起程,khí-tîng
,起碇,khí-tiànn
,訕潲,suan-siâu
,起碼,khí-bé
,起雞母皮,khí-ke-bú-phuê/khí-kue-bú-phê
,馬上,má-siāng
,除名,tî-miâ
,高血壓,ko-hiat-ap
,高尚,ko-siōng
,閃開,siám-khui
,鬥鬧熱,tàu-nāu-jia̍t/tàu-nāu-lia̍t
,高麗參,ko-lê-sam
,高麗參,ko-lê-som
,偌,juā
,偌,luā
,做莊,tsò-tsng/tsuè-tsng
,偷提,thau-thue̍h
,偷提,thau-e̍h
,偌爾,juā-nī
,偌爾,luā-nī
,偌濟,juā-tsē/juā-tsuē
,偌濟,luā-tsē/luā-tsuē
,參仔,sam-á
,參仔,som-á
,動員,tōng-guân
,參茸,som-jiông/som-liông
,區域,khu-i̍k
,參詳,tsham-siâng
,商標,siong-piau
,啥,sánn
,夠用,kàu-iōng
,啥物,siánn-mi̍h
,將才,tsiàng-tsâi
,專權,tsuan-kuân
,得人疼,tik-lâng-thiànn
,得人惜,tik-lâng-sioh
,得失,tit-sit
,康健,khong-kiānn
,強欲,kiōng-bueh
,得勢,tik-sè
,得意,tit-ì
,得罪,tit-tsuē
,帶領,tài-niá
,悽慘,tshinn-tshám
,悽慘落魄,tshinn-tshám-lo̍k-phik
,惜福,sioh-hok
,情緒,tsîng-sû
,掮,kháinn
,掛心,kuà-sim
,採用,tshái-īng
,推行,tshui-hîng
,掃帚,sàu-tsiú
,掃帚,sàu-siú
,掃帚星,sàu-tsiú-tshenn/sàu-tsiú-tshinn
,掃帚星,sàu-siú-tshenn/sàu-siú-tshinn
,掩咯雞,am-ko̍k-ke/am-ko̍k-kue
,教員,kàu-guân
,推測,tshui-tshik
,推進,tshui-tsìn
,掛意,kuà-ì
,推廣,tshui-kóng
,掛慮,kuà-lī/kuà-lū
,推撨,thui-tshiâu
,推論,tshui-lūn
,推銷,tshui-siau
,掛礙,kuà-gāi
,梅,muâi
,梅仔,muâi-á
,梅仔餅,muâi-á-piánn
,梅毒,muâi-to̍k
,欲,bueh
,欶奶,suh lin
,欲死欲活,bueh-sí-bueh-ua̍h
,欲呢,bueh-nî
,欲知,bueh-tsai
,條款,tiâu-khuánn
,欲暗仔,bueh-àm-á
,棄權,khì-kuân
,淺眠,khín-bîn
,清糜,tshing-muâi
,現此時,hiān-tsú-sî
,球桮,kiû-pe
,盒仔,a̍h-á
,眼前,gán-tsîng
,章程,tsiong-tîng
,羞,siu
,紹興酒,siāu-hin-tsiú
,船員,tsûn-guân
,脯脯,pôo-pôo
,脫離,thuat-lî
,被囊,phuē-long/phē-long
,販貨,phuà-huè/phuà-hè
,貧惰,pûn-tuānn
,貧惰,pân-tuānn
,貧惰,pān-tuānn
,貧惰骨,pûn-tuānn-kut
,貧惰骨,pân-tuānn-kut
,貧惰骨,pān-tuānn-kut
,連鞭,liâm-pinn
,頂勻,tíng-iân
,陸橋,lo̍k-kiô
,麻雀,mâ-tshiok
,麻雀,bâ-tshiok
,麻雀子仔,mâ-tshiok-jí-á/mâ-tshiok-lí-á
,麻雀子仔,bâ-tshiok-jí-á/bâ-tshiok-lí-á
,鳥鼠擗仔,niáu-tshí-phiak-á/niáu-tshú-phiak-á
,鳥鼠觸仔,niáu-tshí-ta̍k-á/niáu-tshú-ta̍k-á
,鳥擗仔,tsiáu-phiak-á
,魚鱗𤺅仔,hî-lân-tshuì-á/hû-lân-tshuì-á
,喂,--ueh
,報恩,pò-in
,就,tiō
,就,tio̍h
,就,to̍h
,媒人,muî-lâng
,媒人公,muî-lâng-kong
,媒人婆,muî-lâng-pô
,媒人喙,muî-lâng-tshuì
,媒人禮,muî-lâng-lé
,就是,tsiū sī
,就是,tiō sī
,就按呢,tsū-án-ne/tsū-án-ni
,幾若,kuí-lō
,幾若,kuí-ā
,幾若工,kuí-ā kang
,擗,phiak
,提,thue̍h
,提,e̍h
,惱氣,nóo-khì
,掌握,tsiáng-ak
,描寫,biâu-siá
,掌權,tsiáng-khuân
,掌權,tsióng-kuân
,握手,at-tshiú
,敢若,kán-ná
,敢若,ká-ná
,斑馬,pan-má
,斑馬線,pan-bé-suànn
,敨開,tháu-khui
,散會,suànn-huē
,景緻,kíng-tī
,朝代,tiâu-tē
,椅條,í-tiâu
,湖,hôo
,測量,tshik-liōng
,湠開,thuànn-khui
,猶,iah
,猶,ah
,猶,á
,猶,iá
,猴山仔,kâu-san-á
,無心情,bô-sim-tsiânn
,無天理,bô thian-lí
,猶毋過,iah-m̄-kò
,猶毋過,ah-m̄-kò
,猶毋過,á-m̄-kò
,猶毋過,iá-m̄-kò
,無仝,bô kâng
,猶未,iah-buē/iah-bē
,猶未,ah-buē/ah-bē
,猶未,á-buē/á-bē
,猶未,iá-buē/iá-bē
,無打緊,--bô-tá-kín
,無所謂,bû-sóo-uì
,猶是,iah-sī
,猶是,ah-sī
,猶是,á-sī
,猶是,iá-sī
,無限,bô-hān
,無偌久,bô-juā-kú
,無偌久,bô-luā-kú
,無啥物,bô-siánn-mi̍h
,無傳,bô-thuân
,牌照,pâi-tsiò
,無路用,bô-lōo-iōng
,無疑悟,bô-gî-gōo
,牚腿,thì-thuí
,猶閣,iah-koh
,猶閣,ah-koh
,猶閣,á-koh
,猶閣,iá-koh
,猶閣咧,iah-koh teh
,猶閣咧,ah-koh teh
,猶閣咧,á-koh teh
,猶閣咧,iá-koh teh
,發作,huat-tsoh
,發芽,huat-gê
,發酵,huat-kà
,發穎,puh-ínn
,程序,tîng-sū
,絕氣,tse̍h-khuì
,絕種,tsua̍t-tsíng
,翕相,hip-siōng
,翕相機,hip-siōng-ki
,翕相館,hip-siōng-kuán
,菝仔,pa̍t-á
,菖蒲,tshiang-pôo
,貿,ba̍uh
,貿工,ba̍uh-kang
,貴參參,kuì-sam-sam
,貸款,tāi-khuánn
,貿頭,ba̍uh-thâu
,鄉村,hiong-tshuan
,跋倒,pua̍h--tó
,跛跤,páinn-kha
,隊員,tuī-guân
,開幕,khui-bōo
,順序,sūn-sū
,飯盒仔,pn̄g-a̍p-á
,傳,tn̂g
,債權,tsè-kuân
,塌,lap
,圓栱門,uân-kóng-mn̂g
,圓栱門,uân-kióng-mn̂g
,塌落,thap--lo̍h
,塗魠,thôo-thuh
,媽媽,ma-ma
,搝,giú
,搝大索,giú-tuā-soh
,損失,sńg-sit
,損神,sún-sîn
,搦權,la̍k-kuân
,會用得,ē-īng-tsit
,會用得,ē-īng-lit
,會用得,ē-īng-eh
,會使,ē-saih
,會使得,ē-sái-tsit
,會使得,ē-sái-lit
,會使得,ē-sái-eh
,楊桃,iûnn-thô
,會做得,ē-tsò-tsit/ē-tsuè-tsit
,會做得,ē-tsò-lit/ē-tsuè-lit
,會做得,ē-tsò-eh/ē-tsuè-eh
,業務員,gia̍p-bū-guân
,會堪得,ē-kham-tsit
,會堪得,ē-kham-lit
,會堪得,ē-kham-eh
,會曉,ē-hiáng
,歇,heh
,歇,hennh
,溢奶,ik-lin
,歇睏,heh-khùn
,歇睏,hennh-khùn
,煙腸,ian-tshiân
,當咧,tng-tih
,硼砂,pîng-se
,禁忌,kìm-kī
,節脈,tsat-be̍h
,罪過,tsuē-kuà
,罪過,tsuē-kuà
,萵仔菜,meh-á-tshài
,聖母,sìng-bió
,落尾,lōo-bué/lōo-bé
,落尾手,lōo-bué-tshiú/lōo-bé-tshiú
,腹肚,bak-tóo
,腹肚尾,bak-tóo-bué/bak-tóo-bé
,腹肚枵,bak-tóo-iau
,萬般,bān-puan
,落衰,lak-sui
,補添,póo-thinn
,蜈蜞,môo-khî
,蜈蜞,gôo-khî
,話母,uē-bú
,畫虎𡳞,uī-hóo-lān
,跤頭趺,kha-thâu-hu
,農村,lông-tshuan
,農具,lông-khū
,路程,lōo-thîng
,鈴仔,liâng-á
,飼奶,tshī-lin
,僭位,tshiàm-uī
,嘛欲,mā-bueh
,嘓魚,go̍k-hî/go̍k-hû
,圖書館,tôo-tsu-kuán
,團圓,thuân-uân
,寡,kuánn
,寡婦,kuánn-hū
,態度,thài-tōo
,榕,tsîng
,榕仔,tsîng-á
,滿滿,muá-muá
,漩,suan
,熁,hah
,演員,ián-guân
,漩桶,suan-tháng
,漉糊糜,lo̍k-kôo-muâi
,監囚,kann-siûnn
,監獄,ka-ga̍k
,監獄,kàm-ga̍k
,箸籠,tī-lang/tū-lang
,維持,uî-tshî
,罰款,hua̍t-khuánn
,膏肓,koo-hong
,膏肓,koo-hông
,膏膏纏,kô-kô-tînn
,膏藥,ko-io̍h
,說明,sueh-bîng/seh-bîng
,酵,kà
,酵母,kànn-bú
,酵母,kà-bú
,酸甘甜,sng-lam-tinn
,頕,tìm
,領受,líng-siū
,頕頭,tìm-thâu
,齊全,tsiâu-tsn̂g
,嘿,--hennh
,嘻嘻嘩嘩,hi-hi-hua-hua
,廢,huè
,廢止,huè-tsí
,徵收,tin-siu
,廢物,huè-bu̍t
,寬限,khuan-ān
,屧貼,siap-tia̍p
,廣播劇,kóng-pò-kio̍k
,撐,thenn
,撐船,thenn-tsûn
,憐憫,lîn-bín
,撐篙,thenn-ko
,播,pò
,播音,pò-im
,播送,pò-sàng
,撥開,puah-khui
,標致,piau-tì
,標準,phiau-tsún
,標頭,piau-thâu
,瘦抽,sán-thio
,盤喙錦,puânn-tshuì-kím
,窮分,khing-hun
,蓮蕉花,lân-tsiau-hue
,蝨母,sat-bú
,蝦蛄擗仔,hê-koo-phiak-á
,誰,tsuī
,衛生,uī-sing
,衛生紙,uī-sing-tsuá
,衛星,uī-tshenn/uī-tshinn
,課程,khò-thîng
,豬母,ti-bú/tu-bú
,豬母奶仔,ti-bú-ling-á/tu-bú-ni-á
,豬母奶仔,ti-bó-lin-á
,豬母菜,ti-bú-tshài/tu-bú-tshài
,踮,tàm
,適當,sik-tong
,養子,iúnn-tsú
,養母,iúnn-bó
,靠岸,khuà-huānn
,養的,iúnn--ê
,養飼,iúnn-tshī
,鬧,lāu
,鬧熱,nāu-jia̍t/nāu-lia̍t
,器具,khì-khū
,學寮,o̍h-liâu
,擉,tiak
,憑良心,pîng-liông-sim
,操煩,tshiau-huân
,擉算盤,tiak-sǹg-puânn
,憑據,pîng-kì/pîng-kù
,樹木,tshiū-bo̍k
,樹奶,tshiū-lin
,樹奶糖,tshiū-lin-thn̂g
,機械,ki-kài
,樹椏,tshiū-uāinn
,機器,ke-khì
,機器桶,ke-khì-tháng
,機器桶,ki-hì-tháng
,橄欖,kann-ná
,橫,huênn
,激烈,ki̍k-lia̍t
,興,hin
,褪赤跤,thǹg-tsiah-kha
,褪腹裼,thǹg-bak-theh
,蹁,phiân
,貓咪,niau-mi
,親像,tshan-tshiūnn
,醒悟,tshénn-gōo/tshínn-gōo
,遺書,uî-si
,錯誤,tshò-ngōo
,鞘,siò
,頭毛,thâu-moo
,頭毛鋏仔,thâu-mn̂g-ngeh-á
,頭仔,thâu-á
,頭拄仔,tha̍h-tú-á
,鴨母,ah-bú
,鴨母喙,ah-bú-tshuì
,鴨母蹄,ah-bú-tê
,龍脈,lîng-be̍h
,龍骨,lîng-kut
,龍眼,gîng-gíng
,龍眼乾,gîng-gíng-kuann
,龍船,liông-tsûn
,鴨掌,ah-tsiáng
,龍鳳,lîng-hōng
,龍蝦,liông-hê
,嚇,hennh
,嚇驚,hennh-kiann
,擤,tshǹg
,嬰母仔,ìnn-bú-á
,擘開,peh--khui
,彌補,ní-póo
,應該,ìng-kai
,應該然,ìng-kai-jiân/ìng-kai-liân
,擤鼻,tshǹg-phīnn
,戲劇,hì-ki̍k
,檔,tòng
,殭屍,kiong-si
,檔案,tòng-àn
,禪,siâm
,糜,muê
,總貿,tsóng-ba̍uh
,糜飯,muâi-pn̄g
,聲望,siann-bōng
,薄荷,po̍h-hô
,薑母,kiunn-bú
,薑母鴨,kiunn-bú-ah
,虧損,khui-sún
,觳仔炱,khóo-á-te
,謎猜,bî-tshai
,蹌跤雞,tshíng-kha-ke/tshíng-kha-kue
,輾,lìn
,還,hâinn
,輾轉,lìn-tńg
,鼾鼾叫,kônn-kônn-kiò
,擺,páinn
,斷奶,tn̄g-lin
,擽呧,iau-ti
,斷掌,tn̄g-tsiáng
,擴擴,phok-phok
,爁,nà
,爁日,nà-ji̍t/nà-li̍t
,檳榔,pun-nn̂g
,職員,tsit-guân
,職權,tsit-kuân
,蟬,siâm
,蟬仔,siâm-á
,蟯桮,giô-pe
,蟮蟲仔,siān-âng-á
,蟮蟲仔,siān-lâng-á
,蟮蟲仔,siān-tâng-á
,蟮蟲仔,sîn-âng-á
,藃蟶,hiau-than
,蹧躂,tsiau-that
,離,lî
,雞母,ke-bú/kue-bú
,雞母皮,ke-bú-phuê/kue-bú-phê
,雞母蟲,ke-bú-thâng/kue-bú-thâng
,颺風,iānn-hong
,颺粟,iānn-tshik
,攏權,láng-kuân
,瓣,pān
,礙,ngāi
,礙目,ngāi-ba̍k
,爆炸,po̍k-tsah
,礙虐,ngāi-gio̍h
,爍爁,sih-nà
,爍爁,sinnh-nà
,簾,nî
,簸箕甲,puànn-ki-kah
,嚷,jióng
,競爭,kìng-tsing
,警告,kìng-kò
,警戒,kìng-kài
,議員,gī-guân
,覺悟,kak-gōo
,警報,kìng-pò
,警察,kìng-tshat
,警察局,kìng-tshat-kio̍k
,釋迦,sik-khiau
,釋迦,sik-kia
,麵頭,bīn-thâu
,鹹糜,kiâm-muâi
,囂俳,hia-pai
,爛塗糜,nuā-thôo-muâi
,露水,lòo-tsuí
,譴責,khiàn-tsik
,護照,hōo-tsiò
,囉,--loh
,權,kuân
,權力,kuân-li̍k
,權利,kuân-lī
,權威,kuân-ui
,權限,kuân-hān
,躘,lìng
,驚生份,kiann tshenn-hūn/kiann tshinn-hūn
,體面,thé-bīn
,躘被,lìng phuē/lìng phē
,變款,pìnn-khuán
,靈芝,liân-tsi
,鱷魚,go̍k-hî/go̍k-hû
,躼,liò
,躼跤,liò-kha
,躼跤仔,liò-kha-á
,𠯗,si̍p
,𠯗一下,si̍p--tsi̍t-ē
,𨂿,uaih
,𨂿著,uaih-tio̍h
,䖙,thenn
,䖙椅,thenn-í
,𨑨迌,thit-thô
,𨑨迌人,thit-thô-lâng
,𨑨迌囡仔,thit-thô gín-á
,𨑨迌物,thit-thô-mi̍h/thit-thô-mn̍gh
,𨑨迌物仔,thit-thô-mih-á
,𢪱,but
,𫝛,siâng
,塌,thap
,肥朒朒,puî-lut-lut
,枷車藤,ka-tshia-tîn
,交仗,kau-tiāng
,字姓,gī-sènn
,相𤆬,sann-tshuā
,相罵本,sann-mā-pún
,個外月,kóo-guā-gue̍h/kóo-guā-ge̍h
,高長,ko-tshiâng
,帶身人,tuà-sin-lâng
,晚冬,buán-tang
,塗糜,thôo-muâi
,搝票,giú-phiò
,會記得,ē-kì--tsit
,會記得,ē-kì--lit
,會記得,ē-kì--lih
,會記得,ē-kì--eh
,對相,tuì-siàng
,影跡,iánn-jiah/iánn-liah
,撐渡,thenn-tōo
,嚇嚇叫,hē-hē-kiò
,鹹梅,kiâm-buê
,鬱拗,ut-áunn
,上尾,siāng-bué
,上無,siāng-bô
,下晝頓,e-tàu-tǹg
,歹日,phái-ji̍t/phái-li̍t
,歹吉兆,phái-kiat-tiāu
,歹面,phái-bīn
,歹面相看,phái-bīn-sio-khuànn
,半丁,puàn-ting
,半遂,piàn-suī
,司公仔象桮,sai-kong-á-sīn-pue
,央教,iang-kà
,好唯是,hó-bī-sī
,字勻,gī-ûn
,成格,tshiânn-keh
,自家用的,tsū-ka-īng--ê
,佗落,toh-lo̍h/tah-lo̍h
,佛手柑,hu̍t-siú-kam
,呔會,thah ē
,坐毋著,tsē-m̄-tio̍h
,坐底,tsē-té/tsē-tué
,忘恩背義,bông-un-puē-gī
,孤鳥,koo-niáu
,定貨,tīng-huè/tīng-hè
,拄咧,tú-leh
,拄咧,tú-lih
,空思夢想,khang-su-bāng-sióng
,長志,tsióng-tsì
,俗麭,siok-pháng
,客滿,kheh-muá
,指甲眉,tsńg-kah-bâi
,柿霜,khī-song
,相伨,sann-thīn
,相揣,sann-tshē
,紀年,kí-nî
,香櫞瓜,hiunn-iân-kue
,凌勒,lîng-li̍k
,烏子仔菜,oo-jí-á-tshài
,偌久,juā-kú
,偌久,luā-kú
,參仔氣,sam-á-khuì
,參仔氣,som-á-khuì
,梅仔茶,m̂-á-tê
,梅仔茶,muâi-á-tê
,梅仔茶,buê-á-tê
,欲晝仔,bueh-tàu-á
,喙桮,tshuì-pe
,寒酸,hân-san
,提囡仔,thue̍h-gín-á
,提囡仔,e̍h-gín-á
,敢是,kiám-sī
,斑芝,pian-tsi
,貿貨底,ba̍uh-huè-té/ba̍uh-hè-tué
,塗石流,thôo-tsio̍h-liû
,想欲,siūnn-bueh
,搝後跤,giú-āu-kha
,歇涼,heh-liâng/hennh-liâng
,歇睏日,heh-khùn-ji̍t/hennh-khùn-ji̍t
,歇睏時仔,heh-khùn-sî-á/hennh-khùn-sî-á
,恩情人,in-tsîng-lâng
,電頭毛店,tiān-thâu-moo-tiàm
,墓紙,bōo-tsuá
,噸,tùn
,樹奶束仔,tshiū-lin-sok-á
,聬儱,àng-láng
,褪毛,thǹg-moo
,霎霎仔雨,sa̍p-sa̍p-á-hōo
,臨時臨曜,liâm-sî-liâm-iāu
,懸頂,kuâinn-tíng
,變相,pìnn-siùnn
,變啥魍,pìnn-sánn-báng
,鑢卡,lù-khá
,鑽水沬,tshǹg-tsuí-bī
,𣻸塌塌,siûnn-la̍p-la̍p
,毋就,m̄-tiō
,膽肝,tap-kuann
,歹鬼𤆬頭,phái-kuí-tshuā-thâu
,出人前,tshut-lâng-tsiân
,巧氣,khá-khì
,呔,thah
,挐絞絞,jî-ká-ká
,紙條仔,tsuá-liâu-á
,船桮,tsûn-pe
,幔被仔,muà-phuē-á/muà-phē-á
,襟胸,khîm-hing
,鬧熱滾滾,nāu-jia̍t-kún-kún
,鬧熱滾滾,nāu-lia̍t-kún-kún
,變無撚,pìnn-bô-lián
,桑椹,sng-suînn
,水筧,tsuí-khiò
,母仔,bó--á
,交葛,kau-kuah
,狗母鮻,káu-bú-so
,當初時,tong-tshoo-sî
,歇假,hioh-kà
,滾躘,kún-lìng
,端的,tuann-tiah
,奶齒,lin-khí
,這號,tsit-hō
,四伨,sù-thīn
,躼跤蠓,liò-kha-báng
,相接,sann-tsiap
,暗摸摸,àm-moo-moo
,牛奶粉,gû-lin-hún
,老長壽,lāu-tiâng-siū
,圓輾輾,înn-lìn-lìn
,相疼痛,sann-thiànn-thàng
,受教,siū-kà
,新劇,sin-ki̍k
,佛祖生,Hu̍t-tsóo-senn/Hu̍t-tsóo-sinn
,青苔仔,tshenn-thî-á/tshinn-thî-á
,相疊,sio-thia̍p
,僭權,tsiàm-kuân
,僭權,tshiàm-khuân
,僭權,tshiàm-kuân
,青蘢蘢,tshenn-ling-ling/tshinn-ling-ling
,青蘢蘢,tshenn-lang-lang/tshinn-lang-lang
,毛繐,moo-sui
,毛繐,môo-sui
,萬年久遠,bān-liân-kiú-uán
,欲死,bueh-sí
,跋歹筊,pua̍h-phái-kiáu
,雞喙變鴨喙,ke-tshuì pìnn ah-tshuì/kue-tshuì pìnn ah-tshuì
,割引,kat-ín
,做鬧熱,tsò-nāu-jia̍t/tsuè-nāu-lia̍t
,挐頭,jî-thâu
,雞毛管仔,ke-moo-kóng-á
,嶄然,tsiám-jiân/tsiám-liân
,懸踏,kuân-tah
,歹星,phái-tshenn/phái-tshinn
,懸低坎,kuân-kē-gám
,出眾,tshut-tsiòng
,不三時,put-sám-sî
,呔討,thái-thó
,臭奶羶,tshàu-lin-hiàn
,叨錢,tho tsînn
,相向,sann-hiòng
,案桌,uànn-toh
,枯焦,koo-tâ
,酸甘,sng-lam
,欲死盪幌,bueh-sí-tōng-hàinn
,小局,siáu-kio̍k
,起挐,khí-jî
,搧腹肚邊,siàn-bak-tóo-pinn
,做唯是,tsò-bī-sī/tsuè-bī-sī
,分分仔,hun-hun--á
,推排,tshui-pâi
,相挨推,sann-ue-the
,欲哭欲𥍉,bueh-khàu-bueh-nih
,崩駁,pang-phoh
,米管,bí-kóng
,講仙古,káng-sian-kóo
,賴,lāi
,入場券,ji̍p-tiûnn-kǹg/li̍p-tiûnn-kǹg
,下毒,hā-to̍k
,凡間,hān-kan
,公務員,kong-bū-guân
,手掌,tshiú-tsiáng
,推斷,tshui-tuàn
,惹禍,jiá-ē/liá-ē
,推出,tshui-tshut
,過程,kuè-thîng/kè-thîng
,警方,kìng-hong
,程式,thîng-sik
,員工,guân-kang
,球員,kiû-guân
,清楚,tshing-tshóo
,附近,hū-kīn/hū-kūn
,面對,biān-tuì
,參與,tsham-ū
,推動,tshui-tōng
,工具,kang-khū
,帶來,tài-lâi
,有效,iú-hāu
,成員,sîng-guân
,紀錄,kì-lio̍k
,大概,tāi-kài
,保障,pó-tsiòng
,會員,huē-guân
,競選,kìng-suán
,推薦,tshui-tsiàn
,成熟,sîng-sio̍k
,指標,tsí-phiau
,素描,sòo-biâu
,領域,líng-i̍k
,歹徒,tái-tôo
,行程,hîng-thîng
,概念,khài-liām
,記錄,kì-lio̍k
,環保,huân-pó
,音響,im-hiáng
,分享,hun-hiáng
,播出,pò-tshut
,核心,hu̍t-sim
,取得,tshú-tik
,落實,lo̍h-si̍t
,歌劇,kua-ki̍k
,競爭力,kìng-tsing-li̍k
,盈餘,îng-î
,當中,tong-tiong
,標示,phiau-sī
,錄取,lio̍k-tshú
,排除,pâi-tî
,皇后,hông-hōo
,競賽,kìng-sài
,眷村,kuàn-tshuan
,維護,î-hōo
,贈與,tsīng-í
,娛樂,ngôo-lo̍k
,娛樂,gû-lo̍k
,前衛,tsiân-uī
,家具,ka-khū
,播放,pò-hòng
,否認,hóo-jīn/hóo-līn
,附設,hū-siat
,園區,uân-khu
,團員,thuân-guân
,用來,īng-lâi
,進駐,tsìn-tsū
,學員,ha̍k-guân
,權益,kuân-ik
,半導體,puàn-tō-thé
,古老,kóo-nóo
,青光眼,tshing-kong-gán
,員警,guân-kíng
,核武,hu̍t-bú
,登錄,ting-lio̍k
,遠離,uán-lî
,暴力,po̍k-li̍k
,人數,lâng-sòo
,肢體,tsi-thé
,股權,kóo-kuân
,廣播,kóng-pò
,民調,bîn-tiàu
,相容,siong-iông
,放牧,hòng-bo̍k
,芭蕾,pa-lé
,除了,tî-liáu
,授權,siū-kuân
,照明,tsiàu-bîng
,劇情,ki̍k-tsîng
,水平,tsuí-pênn
,水平,tsuí-pînn
,佈滿,pòo-buán
,流星,liû-sing
,活力,hua̍t-li̍k
,美妙,bí-biāu
,維修,î-siu
,難忘,lân-bông
,分離,hun-lî
,哲學,thiat-ha̍k
,無形,bô-hîng
,業餘,gia̍p-î
,概況,khài-hóng
,收錄,siu-lio̍k
,流程,liû-thîng
,問卷,mn̄g-kǹg
,得票率,tit-phiò-lu̍t
,傳播,thuân-pò
,療程,liâu-thîng
,攀岩,phan-gâm
,日劇,Ji̍t-ki̍k/Li̍t-ki̍k
,平台,pîng-tâi
,名詞,miâ-sû
,貪汙,tham-ù
,衛浴,uī-i̍k
,大多數,tāi-to-sòo
,肉體,jio̍k-thé/lio̍k-thé
,村民,tshuan-bîn
,客觀,khik-kuan
,專人,tsuan-lâng
,暴動,po̍k-tōng
,錄製,lio̍k-tsè
,轉播,tsuán-pò
,警員,kìng-guân
,內在,lāi-tsāi
,汙染,ù-jiám/ù-liám
,坪數,phênn-sòo/phînn-sòo
,金曲,kim-khiok
,型錄,hîng-lio̍k
,除權,tî-kuân
,專欄,tsuan-lân
,強權,kiông-kuân
,推展,tshui-tián
,廢棄物,huè-khì-bu̍t
,佛珠,pu̍t-tsu
,享有,hióng-iú
,阻力,tsóo-la̍t
,信賴,sìn-lāi
,特派員,ti̍k-phài-guân
,高檔,ko-tòng
,數值,sòo-ti̍t
,檔期,tòng-kî
,禪師,siâm-su
,去除,khì-tî
,奶水,lin-tsuí
,交響曲,kau-hiáng-khik
,刑警,hîng-kìng
,佛典,Pu̍t-tián
,放假,hòng-ká
,放假,pàng-kà
,放假,hòng-kà
,法門,huat-bûn
,查詢,tsa-sûn
,重播,tiông-pòo
,重播,tîng-pò
,重播,tiông-pò
,海域,hái-i̍k
,假期,ká-kî
,清除,tshing-tî
,開播,khai-pò
,與會,í-huē
,領隊,niá-tuī
,選用,suán-īng
,聲援,sing-uān
,人命,jîn-bīng
,兵役,ping-ia̍h
,改用,kái-īng
,依附,i-hū
,奔波,pun-pho
,相比,siong-pí
,相比,sann-pí
,逃生,tô-senn/tô-sinn
,宿舍,siok-sià
,莫名其妙,bo̍k-bîng-kî-biāu
,路標,lōo-phiau
,跳遠,thiàu-uán
,劇團,ki̍k-thuân
,議程,gī-thîng
,中校,tiong-kàu
,日程,ji̍t-thîng/li̍t-thîng
,油桐花,iû-tông-hue
,附加,hū-ka
,推舉,tshui-kí/tshui-kú
,票券,phiò-kuàn
,無能,bô-lîng
,標記,phiau-kì
,內幕,lāi-bōo
,少將,siáu-tsiòng
,文具,bûn-khū
,月台,gue̍h-tâi
,主宰,tsú-tsái
,半數,puàn-sòo
,同伴,tâng-phuānn
,回響,huê-hiáng
,刪除,san-tî
,姓名,sìng-bîng
,法警,huat-kìng
,附帶,hū-tài
,品種,phín-tsióng
,查出,tsa-tshut
,派駐,phài-tsū
,接掌,tsiap-tsiáng
,清算,tshing-sǹg
,標誌,phiau-tsì
,標題,phiau-tê/phiau-tuê
,斷交,tn̄g-kau
,上校,siōng-kàu
,大事,tuā-sū
,公正,kong-tsiànn
,水手,tsuí-tshiú
,平坦,pênn-thán/pînn-thán
,兇手,hiong-tshiú
,佛經,pu̍t-king
,否定,hóo-tīng
,防衛,hông-uī
,所有權,sóo-iú-kuân
,附屬,hū-sio̍k
,後衛,āu-uē
,查扣,tsa-khàu
,查封,tsa-hong
,面談,bīn-tâm
,哲理,thiat-lí
,核子,hu̍t-tsú
,教法,kàu-huat
,報警,pò-kìng
,筆錄,pit-lio̍k
,微妙,bî-biāu
,漁村,hî-tshuan/hû-tshuan
,網域,bāng-i̍k
,閣員,koh-guân
,廢水,huè-tsuí
,廢除,huè-tû
,廢除,huì-tî
,廢除,huè-tî
,應當,ìng-tong
,檔名,tòng-miâ
,賽程,sài-thîng
,黨員,tóng-guân
,天后,thian-hōo
,少校,siáu-kàu
,名醫,miâ-i
,回程,huê-thîng/hê-thîng
,存檔,tsûn-tòng
,有形,ū-hîng
,有緣,iú-iân
,佛法,Pu̍t-huat
,版權,pán-kuân
,社員,siā-guân
,彩券,tshái-kǹg
,掃除,sàu-tî
,推算,tshui-sǹg
,教具,kàu-khū
,結晶,kiat-tsing
,開除,khai-tî
,園地,hn̂g-tē/hn̂g-tuē
,衛教,uī-kàu
,激動,ki̍k-tōng
,檢警,kiám-kìng
,鍛鍊,thuàn-liān
,點播,tiám-pò
,雙層,siang-tsàn
,競標,kìng-pio
,五星級,gōo-sing-kip
,水域,tsuí-i̍k
,奶茶,lin-tê
,母語,bó-gí/bó-gú
,交響樂,kau-hiáng-ga̍k
,全程,tsuân-thîng
,好用,hó-iōng
,守衛,siú-uī
,否決,hóo-kuat
,妙方,biāu-hng
,奔走,pun-tsáu
,岩石,giâm-tsio̍h
,威權,ui-kuân
,教職員,kàu-tsit-guân
,掌管,tsiáng-kuán
,奧妙,ò-biāu
,溪流,khe-liû/khue-liû
,廢棄,huè-khì
,廢標,huè-pio
,暴亂,po̍k-luān
,標點,phiau-tiám
,編劇,pian-ki̍k
,學長,ha̍k-tióng
,警官,kìng-kuann
,警長,kìng-tiúnn
,警衛,kíng-uī
,權勢,kuân-sè
,一夜情,it-iā-tsîng
,小便,sió-piān
,元老,guân-nóo
,主播,tsú-pò
,玉山,Gio̍k-suann
,用法,īng-huat
,名譽,miâ-ū
,地標,tē-phiau/tuē-phiau
,自衛,tsū-uī
,行員,hâng-guân
,佛學,Pu̍t-ha̍k
,吳郭魚,gôo-kueh-hî/gôo-kueh-hû
,村長,tshuan-tiúnn
,直播,ti̍t-pò
,附錄,hù-lio̍k
,前程,tsiân-thîng
,查明,tsa-bîng
,查證,tsa-tsìng
,流域,liû-i̍k
,流標,lâu-pio
,相連,siong-liân
,射程,siā-thîng
,破除,phò-tî
,航程,hâng-thîng
,航權,hâng-kuân
,宿命,sok-miā
,專員,tsuan-guân
,得票,tit-phiò
,推案,tshui-àn
,裁員,tshâi-guân
,集權,tsi̍p-kuân
,話劇,uē-ki̍k
,飽滿,pá-buán
,製播,tsè-pò
,劇院,ki̍k-īnn
,廢氣,huè-khì
,標明,phiau-bîng
,衛兵,uī-ping
,駐軍,tsū-kun
,燈具,ting-khū
,錄用,lio̍k-iōng
,錄影,lio̍k-iánn
,錦標,gím-piau
,聯播,liân-pò
,斷定,tuān-tīng
,轉速,tsuán-sok
,離散,lī-sàn
,離職,lī-tsit
,競技,kìng-ki
,警局,kìng-kio̍k
,警車,kìng-tshia
,欄位,lân-uī
,護欄,hōo-nuâ
,霸權,pà-kuân
,大部份,tāi-pōo-hūn
,員外,guân-guē
,獎券,tsióng-kǹg
,滿壘,buán-luí
,天燈,thian-ting
,壓倒,ap-tó
,放生,hòng-sing
,音標,im-phiau
,機器人,ke-khì-lâng
,公權,kong-kuân
,掛念,kuà-liām
,弄權,lāng-kuân
,迎新,gîng-sin
,標籤,phiau-tshiam
,標語,phiau-gí/phiau-gú
,送行,sòng-hîng
,送別,sòng-pia̍t
,算術,suàn-su̍t
,喪家,song-ke
,使用權,sú-iōng-kuân
,地域,tē-i̍k/tuē-i̍k
,頓悟,tùn-gōo
,前例,tsîng-lē
,爭權奪利,tsing-kuân-tua̍t-lī
,母音,bó-im
,插播,tshah-pò
,推理,tshui-lí
,委員會,uí-guân-huē
,標價,phiau-kè
,搬遷,puann-tshian
,飛航,pue-hâng/pe-hâng
,派員,phài-guân
,立夏,li̍p-hā
,a̋i-sat-tsuh,a̋i-sat-tsirh
,àu-tsuh,àu-tsirh
,bá-suh,bá-sirh
,ha̋i-khé-khá-kuh,ha̋i-khé-khá-khuh
,khu-lì-mù,khu-lìn-mù
,la-kiat-tooh,la-khiat-tooh
,lìn-gòo,lìn-gò
,lòo-suh,lò-sù
,mí-sooh,mí-soh
,ua-khá-móo-tooh,oo-kám-má-tooh
,八卦山,Pat-kuà-san
,大屯山,Tāi-tūn-suann
,大武山,Thái-bú-suann
,大雪山,Tāi-siat-suann
,丹大山,Tan-tāi-suann
,中央山脈,Tiong-iang Suann-me̍h
,中央尖山,Tiong-iang-tsiam-suann
,巴陵,Pa-lóng
,太魯閣大山,Thā-lóo-kooh-tuā-suann
,北插天山,Pak-tshah-thinn-suann
,玉山,Gio̍k-suann
,草山,Iûnn-bîng-suann(陽明山)
,雪山,Suat-san
,陽明山,Iông-bîng-san
,陽明山,Tsháu-suann(草山)
,壽山,Siū-suann
,二二八公園,Sin-kong-hn̂g(新公園)
,玩石家博石館,Uán-si̍k-ka Phok-si̍k-kuán
,海洋生物館,Hái-sing-kuán(海生館)
,新公園,Jī-jī-pat Kong-hn̂g(二二八公園)
,萬華,Báng-kah(艋舺)
,樹林,Tshiū-nâ-á(樹林仔)
,山佳,Suann-á-kha(山仔跤)
,楊梅,Iûnn-buê
,苗栗,Miâu-li̍k
,潭子,Thâm-á-kînn(潭仔墘)
,彰化,Tsiong-huà
,田中,Tshân-tiong-ng(田中央)
,水上,Tsuí-siāng
,橋頭,Kiô-thâu
,楠梓,Lâm-á-khenn(楠仔坑)
,清水,Tshing-suí
,龍井,Liông-tsénn
,林邊,Nâ-pinn
,猴硐,Kâu-tōng
,貢寮,Khōng-á-liâu
,礁溪,Tann-khe
,礁溪,Tann-khenn
,冬山,Tang-kue-suann(冬瓜山)
,新馬,Sin-bé
,花蓮,Hua-lian
,花蓮,Hue-lian
,瑞穗,Suī-suī
,金崙,Kim-lūn
,十分,Tsa̍p-hūn-liâu(十分寮)
,望古,Bāng-kóo
,平溪,Pînn-khue
,菁桐,Tshenn-tông
,樟腦寮,Tsiunn-ló-liâu
,交力坪,Kau-li̍k-pênn
,多林,To-nâ
,沼平,Kū-tsām(舊站)
,汐止區,Si̍p-tsí-khu
,深坑區,Tshim-khenn-khu
,坪林區,Pênn-nâ-khu
,平溪區,Pîng-khe-khu
,礁溪鄉,Tann-khe-hiong
,礁溪鄉,Tann-khenn-hiong
,苗栗縣,Miâu-li̍k-kuān
,苗栗市,Miâu-li̍k-tshī
,卓蘭鎮,Tá-lân-tìn
,神岡區,Sin-kong-khu
,龍井區,Liông-tsénn-khu
,草屯鎮,Tsháu-tūn（草屯）
,崙背鄉,Lūn-puē-hiong
,水上鄉,Tsuí-siōng-hiong
,彌陀區,Bî-lô-khu
,彌陀區,Mî-lô-khu
,長治鄉,Tiông-tī-hiong
,萬巒鄉,Bān-luân-hiong
,琉球鄉,Liû-kiû-hiong
,車城鄉,Tshia-siânn-hiong
,花蓮縣,Hua-lian-kuān/Hue-lian-kuān
,花蓮市,Hua-lian-tshī/Hue-lian-tshī
,澎湖縣,Phênn-ôo-kuān
,西區,Se-khu
,西屯區,Se-tūn-khu
,西區,Se-khu
,烏坵鄉,Oo-khu-hiong
,三多商圈,Sann-kak-înn-khuân
,橋頭糖廠,Kiô-á-thâu Thn̂g-tshiúnn
,橋頭火車站,Kiô-á-thâu Hué-tshia-tsām
,花蓮港,Hua-lian-káng/Hue-lian-káng
,蘭陽溪,Lân-iông-khe
,大礁溪,Tuā-tann-khe
,小礁溪,Sió-tann-khe
,大漢溪,Tuā-kho-khàm-khe(大嵙崁溪)
,景美溪,Kíng-bué-khe
,上坪溪,Siōng-pênn-khe
,貓羅溪,Bâ-lô-khe
,頭汴坑溪,Thâu-piān-khenn-khe
,東埔蚋溪,Tang-poo-lā-khe
,八掌溪,Pat-tsióng-khe
,高屏溪,Ē-tām-tsuí-khe(下淡水溪)
,武洛溪,Bú-lo̍k-khe
,花蓮溪,Hua-lian-khe/Hue-lian-khe
,和平溪,Tūa-lô-tsuí-khe(大濁水溪)
,天后宮,Thian-hōo-kiong
,代天府,Tè-thian-hú
,青山國王廟,Tshinn-suann-ông(青山王)
,保安宮,Pó-an-king
,關渡宮,Kan-tāu-má(干豆媽)
,山仔跤,Suann-kha
,三重埔,Sam-tiông-poo
,大嵙崁,Tuā-kho-khàm
,大嵙陷,Tuā-kho-hām
,元掌,Guân-tsiáng
,牛罵頭,Gû-má-thâu
,打狗,Tánn-káu
,竹塹,Tik-tsām
,和尚洲,Hê-siūnn-tsiu
,坪林尾,Pênn-nâ-bué
,後壁厝,Āu-piah-liâu(後壁寮)
,苓仔寮、能雅寮,Lîng-ngá-liâu
,桃仔園,Thô-á-huînn
,馬大安,Ma-tá-án
,梅仔坑,Muî-á-khenn
,笨港,Pūn-káng
,楠仔坑,Lâm-á-khe
,槓仔寮,Khòng-liâu
,漳和,Tsiong-hô
,諸羅山,Ti-ló-sán
,樹林口,Tshiū-nâ-á-kháu
,璞石閣,Phoh-si̍h-koh
,蕭壟,Siau-lâng
,貓公,Bâ-káng
,貓里,Bâ-lî
,鹹菜甕,Kiâm-tshài-pênn(鹹菜棚)
,成,Sîng
,余,Î
,吳,Gôo
,宋,Sàng
,邵,Siāu
,俞,Jî
,唐,Tông
,夏,Hā
,孫,Sng
,翁,Ong
,馬,Bé
,章,Tsiong
,莫,Bo̍k
,焦,Tsiau
,童,Tông
,費,Pì
,鄒,Tsoo
,樊,Hân
,蕭,Sio
,駱,Lo̍k
,龍,Liông
,謝,Siā
,鍾,Tsiong
,鐘,Tsiong
,汐止,Si̍p-tsí
,汐止,Tsuí-tńg-kha
