詞目id,漢字,鹿港偏泉腔,三峽偏泉腔,臺北偏泉腔,宜蘭偏漳腔,臺南混合腔,高雄混合腔,金門偏泉腔,馬公偏泉腔,新竹偏泉腔,臺中偏漳腔
,八,pueh,pueh,pueh,peh,peh,peh,pueh,pueh,pueh,peh
,刀,to,to,to,to,tor,tor,to,to,to,to
,上,tsiǔnn,tsiūnn,tsiūnn,tsiūnn,tsiōnn,tsiūnn,tsiūnn,tsiūnn,tsiūnn,tsiūnn
,上,tshiǔnn,tshiūnn,tshiūnn,tshiūnn,tshiōnn,tshiūnn,tshiūnn,tshiūnn,tshiūnn,tshiūnn
,女,lír,lír,lú,lí,lú,lú,lír,lú,"lír,lí",lí
,子,tsír,tsír,tsú,tsú,tsú,tsú,tsír,tsú,tsú,tsú
,巾,kun,kirn,kun,kin,kin,kin,kun,kun,kun,kin
,中,tiong,tiong,tiong,ting,tiong,tiong,tiong,tiong,tiong,tiong
,予,hǒo,hōo,hōo,hōo,hōo,hōo,hōo,hōo,hōo,hōo
,五,gǒo,gōo,gōo,gōo,gōo,gōo,gōo,gōo,gōo,gōo
,井,tsínn,tsínn,tsínn,tsénn,tsénn,tsénn,tsínn,tsínn,tsínn,tsénn
,反,"píng,puínn",píng,píng,píng,píng,píng,páinn,pán,píng,píng
,斤,kun,kirn,kun,kin,kin,kin,kun,kun,kun,kin
,日,li̍t,ji̍t,li̍t,ji̍t,"ji̍t,li̍t",ji̍t,li̍t,ji̍t,"ji̍t,li̍t","ji̍t,gi̍t"
,月,ge̍rh,ge̍rh,ge̍h,gue̍h,gue̍h,gue̍h,ge̍rh,ge̍h,"ge̍rh,ge̍h",gue̍h
,毛,mn̂g,mn̂g,mn̂g,moo,"moo,mn̂g",mn̂g,mn̂g,mn̂g,mn̂g,mn̂g
,火,hér,hér,hé,hué,hué,hué,hér,hé,"hér,hé",hué
,去,khìr,khìr,khù,khì,khì,khì,khìr,khù,"khìr,khì",khì
,可,khónn,khó,khó,khó,khór,khór,khó,khó,khó,khó
,奶,lin,lin,ni,ling,ni,ling,lin,ni,lin,ling
,平,pînn,pînn,pînn,pênn,pênn,pênn,pînn,pînn,pînn,pênn
,未,běr,bēr,bē,"bē,buē",buē,buē,bēr,bē,bēr,buē
,母,bió,bió,"bió,bú",bóo,biór,biór,bió,bió,bió,bió
,汁,tsap,tsap,tsiap,tsiap,tsiap,tsiap,tsap,tsap,tsap,tsiap
,犯,huǎn,huān,huān,huān,huān,huān,huān,huān,huān,huān
,生,tshinn,tshinn,tshinn,tshenn,tshenn,tshenn,tshinn,tshinn,tshinn,tshenn
,生,sinn,sinn,sinn,senn,senn,senn,sinn,sinn,sinn,senn
,皮,phêr,phêr,phê,phuê,phuê,phuê,phêr,phê,"phêr,phê",phuê
,光,kng,kng,kng,kuinn,kng,kng,kng,kng,kng,kng
,刐,,,táinn,,,,táinn,tán
,匠,tshiǔnn,tshiūnn,tshiūnn,tshiūnn,tshiōnn,tshiūnn,tshiūnn,tshiūnn,tshiūnn,tshiūnn
,囝,kánn,kánn,kiánn,kiánn,kiánn,kiánn,kiánn,kiánn,kiánn,kiánn
,回,hêr,hêr,hê,huê,huê,huê,hêr,hê,"hêr,hê",huê
,地,"tuě,tuē",terē,tuē,tē,tē,tē,tuē,tuē,tuē,tuē
,好,hó,hó,hó,hó,hór,hór,hó,hó,hó,hó
,字,lǐ,jī,lī,jī,jī,jī,lī,jī,"jī,lī","jī,gī"
,次,tshìr,tshìr,tshù,tshù,tshù,tshù,tshìr,tshù,tshìr,tshù
,羊,iûnn,iûnn,iûnn,iûnn,iônn,iûnn,iûnn,iûnn,iûnn,iûnn
,考,khónn,khó,khó,khó,khór,khór,khó,khó,khó,khó
,耳,hǐ,hī,hī,hīnn,hīnn,hīnn,hī,hī,hī,hīnn
,自,tsǐr,tsīr,tsū,tsū,tsū,tsū,tsīr,tsū,tsīr,tsū
,血,huih,huih,huih,hueh,hueh,hueh,huih,huih,huih,hueh
,佇,tǐr,tīr,tū,tī,tī,tī,tī,tū,tī,tī
,你,lír,lír,lú,lí,lí,lí,lír,lú,"lí,lír",lí
,卵,nňg,nn̄g,nn̄g,nuī,nn̄g,nn̄g,nn̄g,nn̄g,nn̄g,nn̄g
,吠,puǐ,puī,puī,puī,puī,puī,puī,puī,puī,puī
,吹,tsher,tsher,tshe,tshue,tshue,tshue,tsher,tshe,"tsher,tshe",tshue
,坑,khinn,khinn,khinn,khenn,khenn,khenn,khinn,khinn,khinn,khenn
,夾,gueh,gereh,ngeh,ngeh,ngeh,ngeh,ngueh,ngeh,gueh,ngeh
,尾,bér,bér,bé,bué,bué,bué,bér,bé,"bér,bé",bué
,抓,liàu,jiàu,niàu,jiàu,jiàu,jiàu,liàu,jiàu,"liàu,ngiàu","jiàu,giàu"
,更,kinn,kinn,kinn,kenn,kenn,kenn,kinn,kinn,kinn,kenn
,步,pǒo,pōo,pōo,pōo,pōo,pōo,pōo,pōo,pōo,pōo
,災,tser,tser,tse,tse,tse,tse,tser,tse,"tser,tse",tse
,肚,tǒo,tōo,tōo,tōo,tōo,tōo,tōo,tōo,tōo,tōo
,芋,ǒo,ōo,ōo,ōo,ōo,ōo,ōo,ōo,ōo,ōo
,阮,gún,gún,gún,guán,"guán,gún",guán,guán,guán,gún,gún
,事,sǐr,sīr,sū,sū,sū,sū,sīr,sū,sīr,sū
,兩,niú,niú,niú,niú,nióo,niú,niú,niú,niú,niú
,初,tshue,tshere,tshue,tshe,tshe,tshe,tshue,tshue,tshue,tshe
,卷,kńg,kńg,kńg,kuínn,kńg,kńg,kńg,kńg,kńg,kńg
,奇,kha,khia,khia,khia,khia,khia,khia,khia,khia,khia
,妹,běr,bēr,bē,muē,muē,muē,bēr,bē,"bēr,bē",muē
,姓,sìnn,sìnn,sìnn,sènn,sènn,sènn,sìnn,sìnn,sìnn,sènn
,底,tué,teré,tué,té,té,té,tué,tué,tué,té
,庚,kinn,kinn,kinn,kenn,kenn,kenn,kinn,kinn,kinn,kenn
,抱,phǒ,phō,phō,phō,phōr,phōr,phō,phō,phō,phō
,拌,puǎnn,puānn,puānn,puānn,puānn,puānn,puānn,puānn,puānn,puānn
,拔,pue̍h,pue̍h,pui̍h,pue̍h,pue̍h,pue̍h,pui̍h,pue̍h,pui̍h,pue̍h
,河,hô,hô,hô,hô,hôr,hôr,hô,hô,hô,hô
,炊,tsher,tsher,tshe,tshue,tshue,tshue,tsher,tshe,"tsher,tshe",tshue
,爭,tsinn,tsinn,tsinn,tsenn,tsenn,tsenn,tsinn,tsinn,tsinn,tsenn
,羌,kiunn,kiunn,kiunn,kiunn,kionn,kiunn,kiunn,kiunn,kiunn,kiunn
,芟,sng,sing,sing,sing,sing,sing,san,san,sing,sing
,近,"kǔn,kūn",kīrn,kūn,kīn,kīn,kīn,kūn,kūn,kūn,kīn
,迒,hâ,hānn,hānn,hānn,hānn,hānn,hānn,hānn,hānn,hānn
,長,tiúnn,tiúnn,tiúnn,tiúnn,tiónn,tiúnn,tiúnn,tiúnn,tiúnn,tiúnn
,門,mn̂g,mn̂g,mn̂g,muî,mn̂g,mn̂g,mn̂g,mn̂g,mn̂g,mn̂g
,雨,hǒo,hōo,hōo,hōo,hōo,hōo,hōo,hōo,hōo,hōo
,青,tshinn,tshinn,tshinn,tshenn,tshenn,tshenn,tshinn,tshinn,tshinn,tshenn
,保,pó,pó,pó,pó,pór,pór,pó,pó,pó,pó
,剉,tshò,tshò,tshò,tshò,tshòr,tshòr,tshò,tshò,tshò,tshò
,厚,kǎu,kāu,kāu,kāu,kāu,kāu,kāu,kāu,kāu,kāu
,契,khuè,kherè,khuè,khè,khè,khè,khuè,khuè,khuè,khè
,度,tǒo,tōo,tōo,tōo,tōo,tōo,tōo,tōo,tōo,tōo
,星,tshinn,tshinn,tshinn,tshenn,tshenn,tshenn,tshinn,tshinn,tshinn,tshenn
,柄,pìnn,pìnn,pìnn,pènn,pènn,pènn,pìnn,pìnn,pìnn,pènn
,洋,iûnn,iûnn,iûnn,iûnn,iônn,iûnn,iûnn,iûnn,iûnn,iûnn
,洗,sué,seré,sué,sé,sé,sé,sué,sué,sué,sé
,炱,ter,ter,te,te,te,te,ter,te,"ter,te",te
,疥,kuè,kerè,kuè,kè,kè,kè,kuè,kuè,kuè,kè
,相,siùnn,siùnn,siùnn,siùnn,siònn,siùnn,siùnn,siùnn,siùnn,siùnn
,研,nguí,gíng,ngái,gíng,gíng,gíng,ngái,gán,gíng,gíng
,穿,tshǐng,tshīng,tshīng,tshiōng,tshīng,tshīng,tshīng,tshīng,tshīng,tshīng
,穿,tshng,tshng,tshng,tshuinn,tshng,tshng,tshng,tshng,tshng,tshng
,耎,luán,juán,luán,luán,juán,luán,luán,juán,luán,luán
,胚,pher,pher,phe,phue,phue,phue,pher,phe,"pher,phe",phue
,虹,khǐng,khīng,khīng,khīng,khīng,khīng,khīng,khīng,khīng,khīng
,飛,per,per,pe,pue,pue,pue,per,pe,"per,pe",pue
,香,hiunn,hiunn,hiunn,hiunn,hionn,hiunn,hiunn,hiunn,hiunn,hiunn
,倍,pěr,pēr,pē,puē,puē,puē,pēr,pē,"pēr,pē",puē
,倒,tó,tó,tó,tó,tór,tór,tó,tó,tó,tó
,倒,tò,tò,tò,tò,tòr,tòr,tò,tò,tò,tò
,哺,pǒo,pōo,pōo,pōo,pōo,pōo,pōo,pōo,pōo,pōo
,哽,kínn,kínn,kínn,kénn,kénn,kénn,kínn,kínn,,kénn
,娘,niû,niû,niû,niû,niôo,niû,niû,niû,niû,niû
,島,tóo,tóo,tóo,tó,tór,tór,tó,tóo,tóo,tó
,師,sir,sir,su,su,su,su,sir,su,"sir,su",su
,恩,un,irn,un,in,"un,in",un,un,un,un,un
,恩,un,irn,un,in,"un,in",un,un,un,un,un
,挨,ue,ere,ue,e,e,e,ue,ue,ue,e
,挼,lêr,jêr,lê,juê,juê,juê,lêr,jê,"jêr,lêr,lê",juê
,捋,lua̍h,lua̍h,lua̍h,lua̍h,lua̍h,lua̍h,lua̍h,lua̍h,lua̍h,lua̍h
,捏,tīnn,tīnn,tīnn,tēnn,tēnn,tēnn,tīnn,tīnn,tīnn,tēnn
,桃,thô,thô,thô,thô,thôr,thôr,thô,thô,thô,thô
,桌,toh,toh,toh,toh,torh,torh,toh,toh,toh,toh
,狹,ue̍h,ere̍h,ue̍h,e̍h,e̍h,e̍h,ue̍h,ue̍h,ue̍h,e̍h
,病,pǐnn,pīnn,pīnn,pēnn,pēnn,pēnn,pīnn,pīnn,pīnn,pēnn
,索,soh,soh,soh,soh,sorh,sorh,soh,soh,soh,soh
,缺,kherh,kherh,kheh,khueh,khueh,khueh,kherh,kheh,"kherh,kheh",khueh
,脆,tshèr,tshèr,tshè,tshè,tshè,tshè,tshèr,tshè,"tshèr,tshè",tshè
,脈,me̍h,me̍h,me̍h,me̍h,me̍h,me̍h,be̍h,me̍h,be̍h,"me̍h,mē"
,舀,ió,ió,iúnn,iúnn,iónn,iúnn,iúnn,iúnn,ió,iúnn
,草,tshó,tshó,tshó,tshó,tshór,tshór,tshó,tshó,tshó,tshó
,荒,hng,hng,hng,huinn,hng,hng,hng,hng,hng,hng
,討,thó,thó,thó,thó,thór,thór,thó,thó,thó,thó
,退,thèr,thèr,thè,thè,thè,thè,thèr,thè,"thèr,thuè","thè,thuè"
,配,phèr,phèr,phè,phuè,phuè,phuè,phèr,phè,"phèr,phè",phuè
,針,tsam,tsam,tsiam,tsiam,tsiam,tsiam,tsam,tsam,"tsam,tsiam",tsiam
,除,tîr,tîr,tû,tî,tî,tî,tîr,tû,"tîr,tû",tî
,除,tîr,tîr,tû,tî,tî,tî,tîr,tû,"tîr,tû",tî
,做,tsuè,tserè,tsuè,tsò,tsòr,tsòr,tsuè,tsuè,tsuè,tsò
,唱,tshiùnn,tshiùnn,tshiùnn,tshiùnn,"tshiòr,tshiònn",tshiùnn,tshiùnn,tshiùnn,tshiùnn,tshiùnn
,啄,terh,,teh,teh,tok,tok,terh,teh,tok,tok
,問,mňg,mn̄g,mn̄g,muī,mn̄g,mn̄g,mn̄g,mn̄g,mn̄g,mn̄g
,婆,pô,pô,pô,pô,pôr,pôr,pô,pô,pô,pô
,張,tiunn,tiunn,tiunn,tiunn,tionn,tiunn,tiunn,tiunn,tiunn,tiunn
,捥,ńg,ńg,ńg,uínn,ńg,ńg,áinn,"áinn,ńg",ńg,ńg
,捲,kńg,kńg,kńg,kuínn,kńg,kńg,kńg,kńg,kńg,kńg
,推,ther,ther,the,the,the,the,ther,the,"ther,the",the
,掩,ng,ng,ng,uinn,ng,ng,ng,ng,ng,ng
,旋,tsňg,tsn̄g,tsn̄g,tsuīnn,tsn̄g,tsn̄g,tsn̄g,tsn̄g,tsn̄g,tsn̄g
,梅,m̂,m̂,m̂,buê,muâi,muê,m̂,m̂,"m̂,muî","muê,buê"
,欲,berh,berh,beh,bueh,beh,beh,berh,boh,beh,beh
,清,tshuinn,tshinn,tshinn,tshing,tshing,tshing,tshinn,tshinn,tshinn,tshing
,犁,luê,lerê,luê,lê,lê,lê,luê,luê,luê,lê
,章,tsiunn,tsiunn,tsiunn,tsiunn,tsionn,tsiunn,tsiunn,tsiunn,tsiunn,tsiunn
,笠,lue̍h,lere̍h,lue̍h,le̍h,le̍h,le̍h,lue̍h,lue̍h,lue̍h,le̍h
,粕,phoh,phoh,phoh,phoh,phorh,phorh,phoh,phoh,phoh,phoh
,細,suè,serè,suè,sè,sè,sè,suè,suè,suè,sè
,莢,gueh,gereh,kueh,ngeh,ngeh,ngeh,ngueh,kueh,ngueh,ngeh
,蚵,ô,ô,ô,ô,ôr,ôr,ô,ô,ô,ô
,蛆,tshir,tshir,tshu,tshi,tshu,tshi,tshir,tshu,tshir,tshi
,袋,těr,tēr,tē,tē,tē,tē,tēr,tē,"tēr,tē",tē
,被,phēr,phēr,phē,phuē,phuē,phuē,phēr,phē,"phēr,phē",phuē
,貨,hèr,hèr,hè,huè,huè,huè,hèr,hè,"hèr,hè",huè
,貫,kǹg,kǹg,kǹg,kuìnn,kǹg,kǹg,kǹg,kǹg,kǹg,kǹg
,跂,kér,kér,ké,kué,kué,kué,kér,ké,"kér,ké",kué
,軟,nńg,nńg,nńg,nuí,nńg,nńg,nńg,nńg,nńg,nńg
,逐,lip,jip,lip,jik,jiok,jiok,tsip,jiok,lip,giok
,雪,serh,serh,seh,seh,seh,seh,serh,seh,"serh,seh",seh
,魚,hîr,hîr,hû,hî,hî,hî,hîr,hû,"hîr,hî",hî
,報,pò,pò,pò,pò,pòr,pòr,pò,pò,pò,pò
,場,tiûnn,tiûnn,tiûnn,tiûnn,tiônn,tiûnn,tiûnn,tiûnn,tiûnn,tiûnn
,帽,bō,bō,bō,bō,bōr,bōr,bō,bō,bō,bō
,掌,tsiúnn,tsiúnn,tsiúnn,tsiúnn,tsiónn,tsiúnn,tsiúnn,tsiúnn,tsiúnn,tsiúnn
,掰,pér,pér,pé,pué,pué,pué,pér,pé,"pér,pé",pué
,揣,tshěr,tshēr,tshē,tshuē,tshuē,tshuē,tshěr,tshē,"tshēr,tshē",tshuē
,晾,nî,nê,nî,nê,nê,nê,nî,nî,nî,nê
,替,thuè,therè,thuè,thè,thè,thè,thuè,thuè,thuè,"thè,thuè"
,棗,tsó,tsó,tsó,tsó,tsór,tsór,tsó,tsó,tsó,tsó
,棚,pînn,pînn,pînn,pênn,pênn,pênn,pînn,pînn,pînn,pênn
,焙,pěr,pēr,pē,puē,puē,puē,pēr,pē,"pēr,pē",puē
,無,bô,bô,bô,bô,bôr,bôr,bô,bô,bô,bô
,煮,tsír,tsír,tsú,tsí,tsú,tsú,tsír,tsú,tsú,tsú
,畫,uě,uī,uī,uē,uē,uē,uī,uī,uī,uē
,短,tér,tér,té,té,té,té,tér,té,"tér,té",té
,硬,ngǐ,ngī,ngī,ngē,ngē,ngē,ngī,ngī,ngī,ngē
,稅,sèr,sèr,sè,suè,suè,suè,sèr,sè,"sèr,sè",suè
,筋,kun,kirn,kun,kin,kin,kin,kun,kun,kun,kin
,絕,tse̍rh,tse̍rh,tse̍h,tse̍h,tse̍h,tse̍h,tse̍rh,tse̍h,"tse̍rh,tse̍h",tse̍h
,脹,tiùnn,tiùnn,tiùnn,tiùnn,tiònn,tiùnn,tiùnn,tiùnn,tiùnn,tiùnn
,腔,khiunn,khiunn,khiunn,khiunn,khionn,khiunn,khiunn,khiunn,khiunn,khiunn
,舒,tshir,tshir,tshu,tshu,tshu,tshu,tshir,tshu,tshu,tshu
,著,tio̍h,tio̍h,tio̍h,tio̍h,tio̍rh,tio̍rh,tio̍h,tio̍h,tio̍h,tio̍h
,著,to̍h,to̍h,to̍h,to̍h,to̍rh,to̍rh,to̍h,to̍h,to̍h,to̍h
,街,kue,kere,kue,ke,ke,ke,kue,kue,kue,ke
,象,"tshiǔnn,tshiūnn",tshiūnn,tshiūnn,tshiūnn,tshiōnn,tshiūnn,tshiūnn,tshiūnn,tshiūnn,tshiūnn
,貺,hǐng,hīng,hīng,hīng,hīng,hīng,hīng,"hīng,hān",hīng,hīng
,量,niû,niû,niû,niû,niôo,niû,niû,niû,niû,niû
,量,niū,niū,niū,niū,niōo,niū,niū,niū,niū,niū
,飯,pňg,pn̄g,pn̄g,puīnn,pn̄g,pn̄g,pn̄g,pn̄g,pn̄g,pn̄g
,黃,n̂g,n̂g,n̂g,uînn,n̂g,n̂g,n̂g,n̂g,n̂g,n̂g
,黍,sué,seré,sué,sé,sé,sé,sué,sué,sué,sé
,傳,thn̂g,thn̂g,thn̂g,thuînn,thn̂g,thn̂g,tuân,,thn̂g,thn̂g
,傷,siunn,siunn,siunn,siunn,sionn,siunn,siunn,siunn,siunn,siunn
,園,hn̂g,hn̂g,hn̂g,huînn,hn̂g,hn̂g,hn̂g,hn̂g,hn̂g,hn̂g
,塊,tèr,tèr,tè,tè,tè,tè,tèr,tè,"tèr,tè",tè
,嫂,só,só,só,só,sór,sór,só,só,só,só
,想,siǔnn,siūnn,siūnn,siūnn,siōnn,siūnn,siūnn,siūnn,siūnn,siūnn
,損,sńg,sńg,sńg,suínn,sńg,sńg,sńg,sńg,sńg,sńg
,搝,giú,"khiú,giú","khiú,giú","khiú,giú","khiú,giú","khiú,giú","khiú,giú","khiú,giú","khiú,giú","khiú,giú"
,搣,mi,mi,mi,me,me,me,mi,mi,mi,me
,搶,tshiúnn,tshiúnn,tshiúnn,tshiúnn,tshiónn,tshiúnn,tshiúnn,tshiúnn,tshiúnn,tshiúnn
,會,ē,erē,uē,ē,ē,ē,ē,ē,ē,ē
,楗,kǐng,kīng,kīng,kīng,kīng,kīng,kāinn,kān,kīng,kīng
,歲,hèr,hèr,hè,huè,huè,huè,hèr,hè,"hèr,hè",huè
,溪,khue,khere,khue,khe,khe,khe,khue,khue,khue,khe
,溶,iûnn,iûnn,iûnn,iûnn,iônn,iûnn,iûnn,iûnn,iûnn,iûnn
,睨,gûn,gîrn,gîn,gîn,gîn,gîn,gûn,gîn,gîn,gîn
,矮,ué,eré,ué,é,é,é,ué,ué,ué,é
,節,tsueh,tsereh,tsueh,tseh,tseh,tseh,tsueh,tsueh,tsueh,tseh
,經,kinn,kinn,kinn,kenn,kenn,kenn,kinn,kinn,kinn,kenn
,號,hǒ,hō,hō,hō,hōr,hōr,hō,hō,hō,hō
,遇,bǔ,gū,gū,gū,gū,gū,gū,gū,bū,gū
,過,kèr,kèr,kè,kuè,kuè,kuè,kèr,kè,"kèr,kè",kuè
,鉎,san,san,sian,sian,sian,sian,san,san,san,sian
,頓,tǹg,tǹg,tǹg,tuìnn,tǹg,tǹg,tǹg,tǹg,tǹg,tǹg
,鼠,tshír,tshír,tshú,tshí,tshú,tshí,tshír,tshú,"tshír,tshí",tshí
,像,tshiūnn,tshiūnn,tshiūnn,tshiūnn,tshiōnn,tshiūnn,tshiūnn,tshiūnn,tshiūnn,tshiūnn
,僫,oh,oh,oh,oh,orh,orh,oh,oh,oh,oh
,劃,ue̍h,ui̍h,ui̍h,ue̍h,ue̍h,ue̍h,ui̍h,ui̍h,ui̍h,ue̍h
,墓,bōo,bōo,bōo,bōng,bōng,bōng,bōo,bōo,"bōo,bōng",bōng
,摸,boo,boo,bong,bong,bong,bong,boo,boo,bong,bong
,暝,mî,mî,mî,mê,mê,mê,mî,mî,mî,mê
,槍,tshiunn,tshiunn,tshiunn,tshiunn,tshionn,tshiunn,tshiunn,tshiunn,tshiunn,tshiunn
,漲,tiùnn,tiùnn,tiùnn,tiùnn,tiònn,tiùnn,tiùnn,tiùnn,tiùnn,tiùnn
,算,sǹg,sǹg,sǹg,suìnn,sǹg,sǹg,sǹg,sǹg,sǹg,sǹg
,管,kńg,kńg,kńg,kuínn,kńg,kńg,kńg,kńg,kńg,kńg
,箸,tǐr,tīr,tū,tī,tī,tī,tīr,tū,"tīr,tī",tī
,粿,kér,kér,ké,kué,kué,kué,kér,ké,"kér,ké",kué
,綴,tèr,tèr,tè,tuè,tuè,tuè,tèr,tè,"tèr,tè",tuè
,膎,kuê,kerê,kuê,kê,kê,kê,kuê,kuê,kuê,kê
,語,gír,gír,gú,gí,gú,gí,gír,gú,"gír,gí",gí
,說,serh,serh,seh,sueh,sueh,sueh,serh,seh,"serh,seh",sueh
,趖,sô,sô,sô,sô,sôr,sôr,sô,sô,sô,sô
,踅,se̍rh,se̍rh,se̍h,se̍h,se̍h,se̍h,se̍rh,se̍h,"se̍rh,se̍h",se̍h
,遠,hňg,hn̄g,hn̄g,huīnn,hn̄g,hn̄g,hn̄g,hn̄g,hn̄g,hn̄g
,酸,sng,sng,sng,suinn,sng,sng,sng,sng,sng,sng
,銀,gûn,gîrn,gûn,gîn,gîn,gîn,gûn,gûn,gûn,gîn
,鼻,"phǐ,phī",phī,phīnn,phīnn,phīnn,phīnn,phī,phīnn,phīnn,phīnn
,齊,tsuê,tserê,tsuê,tsê,tsê,tsê,tsuê,tsuê,tsuê,tsê
,齊,tsâu,tsâu,tsiâu,tsiâu,tsiâu,tsiâu,tsâu,tsâu,tsâu,tsiâu
,廠,tshiáng,tshiúnn,tshiúnn,tshiúnn,tshiónn,tshiúnn,tshiúnn,tshiúnn,tshiúnn,tshiúnn
,慼,tshueh,tshereh,tshueh,tsheh,tsheh,tsheh,tshueh,tshueh,tshueh,tsheh
,撨,tshâu,tshâu,tshiâu,tshiâu,tshiâu,tshiâu,tshâu,tshâu,tshâu,tshiâu
,槳,tsiúnn,tsiúnn,tsiúnn,tsiúnn,tsiónn,tsiúnn,tsiúnn,tsiúnn,tsiúnn,tsiúnn
,槽,tsô,tsô,tsô,tsô,tsôr,tsôr,tsô,tsô,tsô,tsô
,樟,tsiunn,tsiunn,tsiunn,tsiunn,tsionn,tsiunn,tsiunn,tsiunn,tsiunn,tsiunn
,樣,iǔnn,iūnn,iūnn,iūnn,iōnn,iūnn,iūnn,iūnn,iūnn,iūnn
,漿,tsiunn,tsiunn,tsiunn,tsiunn,tsionn,tsiunn,tsiunn,tsiunn,tsiunn,tsiunn
,熥,thňg,thn̄g,thn̄g,thuīnn,thn̄g,thn̄g,thn̄g,thn̄g,thn̄g,thn̄g
,瞌,khueh,khereh,khueh,kheh,kheh,kheh,khueh,khueh,khueh,kheh
,箠,tshêr,tshêr,tshê,tshuê,tshuê,tshuê,tshêr,tshê,"tshêr,tshê",tshuê
,箱,siunn,siunn,siunn,siunn,sionn,siunn,siunn,siunn,siunn,siunn
,罵,mǎ,mā,mā,mē,mē,mē,mā,mī,mā,mē
,褒,po,po,po,po,por,por,po,po,po,po
,諍,tsìnn,tsìnn,tsìnn,tsènn,tsènn,tsènn,tsìnn,tsìnn,tsìnn,tsènn
,豬,tir,tir,tu,ti,ti,ti,tir,tu,"tir,ti",ti
,賞,siúnn,siúnn,siúnn,siúnn,siónn,siúnn,siúnn,siúnn,siúnn,siúnn
,賠,pêr,pêr,pê,puê,puê,puê,pêr,pê,"pêr,pê",puê
,靠,khò,khò,khò,khò,khòr,khòr,khò,khò,khò,khò
,鞋,uê,erê,uê,ê,ê,ê,uê,uê,uê,ê
,養,iúnn,iúnn,iúnn,iúnn,iónn,iúnn,iúnn,iúnn,iúnn,iúnn
,餓,gǒ,gō,gō,gō,gōr,gōr,gǒ,gō,gō,gō
,學,o̍h,o̍h,o̍h,o̍h,o̍rh,o̍rh,o̍h,o̍h,o̍h,o̍h
,據,kìr,kìr,kù,kì,kì,kì,kìr,kù,"kìr,kì",kì
,樹,tshiū,tshiū,tshiū,,,,tshiū,tshiūnn
,磚,tsng,tsng,tsng,tsuinn,tsng,tsng,tsng,tsng,tsng,tsng
,磨,bō,bō,bō,bō,bōr,bōr,bō,bō,bō,bō
,篙,ko,ko,ko,ko,kor,kor,ko,ko,ko,ko
,糕,ko,ko,ko,ko,kor,kor,ko,ko,ko,ko
,縣,kuǎn,kuān,kuāinn,kuān,kuān,kuān,kuāinn,kuān,kuīnn,kuān
,褪,thǹg,thǹg,thǹg,thuìnn,thǹg,thǹg,thǹg,thǹg,thǹg,thǹg
,蹄,tuê,terê,tuê,tê,tê,tê,tuê,tuê,tuê,tê
,醒,tshínn,tshínn,tshínn,tshénn,tshénn,tshénn,tshínn,tshínn,tshínn,tshénn
,鋸,kìr,kìr,kù,kì,kù,kì,kìr,kù,"kìr,kì",kì
,髻,kèr,kèr,kè,kuè,kuè,kuè,kèr,kè,"kèr,kè",kuè
,濟,"tsuě,tsuē",tserē,tsuē,tsē,tsē,tsē,tsuē,tsuē,tsuē,tsē
,燥,sò,sò,sò,sò,sòr,sòr,sò,sò,sò,sò
,牆,tshiûnn,tshiûnn,tshiûnn,tshiûnn,tshiônn,tshiûnn,tshiûnn,tshiûnn,tshiûnn,tshiûnn
,瞪,tìnn,tìnn,tìnn,tènn,tènn,tènn,tìnn,tìnn,tìnn,tènn
,糜,bêr,bêr,bê,muê,muâi,muâi,bêr,bê,"bêr,bê",muê
,薄,po̍h,po̍h,po̍h,po̍h,po̍rh,po̍rh,po̍h,po̍h,po̍h,po̍h
,薑,kiunn,kiunn,kiunn,kiunn,kionn,kiunn,kiunn,kiunn,kiunn,kiunn
,薯,tsîr,tsîr,tsû,tsî,tsû,tsî,tsîr,tsû,"tsîr,tsî",tsî
,螺,lêr,lêr,lê,lê,lê,lê,lêr,lê,"lêr,lê",lê
,謝,siā,"siā,tsiā",siā,siā,tsiā,tsiā,siā,siā,siā
,還,hîng,hîng,hîng,hân,hîng,hîng,hîng,hân,hîng,hîng
,鍋,er,er,e,ue,ue,ue,er,e,"er,e",ue
,斷,tňg,tn̄g,tn̄g,tuīnn,tn̄g,tn̄g,tn̄g,tn̄g,tn̄g,tn̄g
,糧,niû,niû,niû,niû,niôo,niû,niû,niû,niû,niû
,軁,nǹg,nǹg,nǹg,nuì,nǹg,nǹg,nǹg,nǹg,nǹg,nǹg
,轉,tńg,tńg,tńg,tuínn,tńg,tńg,tńg,tńg,tńg,tńg
,醬,tsiùnn,tsiùnn,tsiùnn,tsiùnn,tsiònn,tsiùnn,tsiùnn,tsiùnn,tsiùnn,tsiùnn
,鎖,só,só,só,só,sór,sór,só,só,só,só
,雙,sang,sang,siang,siang,siang,siang,sang,sang,sang,siang
,雞,kue,kere,kue,ke,ke,ke,kue,kue,kue,ke
,題,tuê,terê,tuê,tê,tê,tê,tuê,tuê,tuê,tê
,颺,tshiûnn,tshiûnn,tshiûnn,tshiûnn,tshiônn,tshiûnn,tshiûnn,tshiûnn,tshiûnn,tshiûnn
,鵝,giâ,giâ,giâ,gô,gôr,gôr,giâ,giâ,giâ,gô
,簿,phǒo,phōo,phōo,phōo,phōo,phōo,phōo,phōo,phōo,phōo
,羹,kinn,kinn,kinn,kenn,kenn,kenn,kinn,kinn,kinn,kenn
,關,kuinn,kuinn,kuinn,kuainn,kuainn,kuainn,kuinn,kuinn,kuinn,kuainn
,勸,khǹg,khǹg,khǹg,khuìnn,khǹg,khǹg,khǹg,khǹg,khǹg,khǹg
,寶,pó,pó,pó,pó,pór,pór,pó,pó,pó,pó
,癢,tsiǔnn,tsiūnn,tsiūnn,tsiūnn,tsiōnn,tsiūnn,tsiūnn,tsiūnn,tsiūnn,tsiūnn
,襪,be̍rh,be̍rh,be̍h,bue̍h,bue̍h,bue̍h,be̍rh,be̍h,"be̍rh,be̍h",bue̍h
,髓,tshér,tshér,tshé,tshué,tshué,tshué,tshér,tshé,"tshér,tshé",tshué
,鱖,kèr,kèr,kè,kuè,kuè,kuè,kèr,kè,"kèr,kè",kuè
,讓,niū,niū,niū,niū,niōo,niū,niū,niū,niū,niū
,躡,nih,nih,nih,neh,neh,neh,nih,nih,nih,neh
,鑽,tsǹg,tsǹg,tsǹg,tsuìnn,tsǹg,tsǹg,tsǹg,tsǹg,tsǹg,tsǹg
,䖙,the,the,the,"thenn,the",the,the,the,the,the,thenn
,䘼,ńg,ńg,ńg,uínn,ńg,ńg,ńg,ńg,ńg,ńg
,𧮙,tsho̍h,tshoh,tshoh,tshoh,tshorh,tshorh,tsho̍h,tsho̍h,tsho̍h,tsho̍h
,𠕇,tǐng,tīng,tīng,tīng,tīng,tīng,tīng,"tān,tīng",tīng,tīng
,𣻸,siûnn,siûnn,siûnn,siûnn,siônn,siûnn,siûnn,siûnn,siûnn,siûnn
,苧,tuē,terē,tuē,tē,tē,tē,tuē,tuē,tuē,tē
,稈,,kuínn,kuínn,,kuáinn,kuáinn,kuáinn,kuínn,kuáinn
,丈,tiǔnn,tiūnn,tiūnn,tiūnn,tiōnn,tiūnn,tiūnn,tiūnn,tiūnn,tiūnn
,方,png,png,png,puinn,png,png,png,png,png,png
,全,tsn̂g,tsn̂g,tsn̂g,tsuînn,tsn̂g,tsn̂g,tsn̂g,tsn̂g,tsn̂g,tsn̂g
,危,guî,guî,uî,huî,huî,huî,guî,guî,"guî,luî","guî,huî"
,后,hiō,hiō,hiō,hōo,hiōr,hiōr,hōo,hiō,hiō,hiō
,后,hiō,hiō,hiō,hōo,hiōr,hiōr,hōo,hiō,hiō,hiō
,灰,her,her,he,hue,hue,hue,her,he,"her,he",hue
,吳,ngôo,ngôo,ngôo,gôo,gôo,ngôo,gôo,ngôo,ngôo,gôo
,車,kir,kir,ku,ki,ki,ki,kir,ku,"kir,ki",ki
,阮,ńg,ńg,ńg,uínn,ńg,ńg,ńg,ńg,ńg,ńg
,乳,lú,jú,lú,jí,"jú,lú",jú,lú,jú,"jú,lú",jú
,呵,o,o,o,o,or,or,o,o,o,o
,尚,siǔnn,siūnn,siūnn,siūnn,siōnn,siūnn,siūnn,siūnn,siūnn,siūnn
,居,kir,kir,ku,ki,ku,ki,kir,ku,kir,ki
,帚,"tsiú,siú",tshiú,"tsiú,tshiú",tshiú,tshiú,tshiú,tsiú,tsiú,tshiú,tshiú
,性,sìnn,sìnn,sìnn,sènn,sènn,sènn,sìnn,sìnn,sìnn,sènn
,斧,póo,póo,póo,phú,póo,póo,póo,póo,póo,póo
,昏,hng,hng,hng,huinn,hng,hng,hng,hng,hng,hng
,果,kér,kér,ké,kué,kué,kué,kér,ké,"kér,ké",kué
,芹,khûn,khîrn,khûn,khîn,khîn,khîn,khûn,khûn,khûn,khûn
,迌,thô,thô,thô,thô,thôr,thôr,thô,thô,thô,thô
,厚,hiō,hiō,hiō,hōo,hōo,hōo,hōo,hiō,hiō,hōo
,後,hiǒ,hiō,hiō,hōo,hiōr,"hōo,hiōr",hōo,hiō,hiō,hiō
,後,hiǒ,hiō,hiō,hōo,hiōr,"hōo,hiōr",hōo,hiō,hiō,hiō
,恨,hūn,hīrn,hūn,hīn,hīn,hīn,hūn,hūn,hūn,hūn
,指,tsńg,tsńg,tsíng,tsíng,tsíng,tsíng,tsńg,tsíng,tsíng
,牲,sinn,sinn,sinn,senn,senn,senn,sinn,sinn,sinn,senn
,玻,po,po,po,po,por,por,po,po,po,po
,相,siunn,siunn,siunn,siunn,sionn,siunn,siunn,siunn,siunn,siunn
,屐,kia̍h,kia̍h,kia̍h,kia̍h,kia̍h,kia̍h,khia̍h,"khia̍h,kia̍h",kia̍h,kia̍h
,徐,sîr,sîr,tshî,tshî,tshî,tshî,sîr,tshî,tshî,tshî
,殊,sîr,sîr,sû,sû,sû,sû,sîr,sû,sû,sû
,矩,kír,kír,kú,kí,kí,kí,kír,kú,"kír,kí",kí
,釘,tan,ting,ting,ting,ting,ting,tan,tan,ting,ting
,參,serm,"sim,som",sim,som,som,sim,sim,"sim,song",sim,som
,參,serm,"sim,som",sim,som,som,sim,sim,"sim,song",sim,som
,帳,tiùnn,tiùnn,tiùnn,tiùnn,tiònn,tiùnn,tiùnn,tiùnn,tiùnn,tiùnn
,掃,sò,sò,sò,sò,sòr,sòr,sò,sò,sò,sò
,曹,tsô,tsô,tsô,tsô,tsôr,tsôr,tsô,tsô,tsô,tsô
,梁,niû,niû,niû,niû,niôo,niû,niû,niû,niû,niû
,莖,huînn,huînn,huâinn,huâinn,huâinn,huâinn,huâinn,huâinn,huâinn,huâinn
,莧,hǐng,hīng,hāng,hīng,hīng,hīng,hīng,"hīng,hāng",hīng,hīng
,處,tshìr,tshìr,tshù,tshù,tshù,tshù,tshìr,tshù,tshù,tshù
,許,hír,hír,hú,hí,hú,hí,hír,hú,"hír,hí",hí
,郭,kerh,kerh,keh,kueh,kueh,kueh,kerh,keh,"kerh,keh",kueh
,媒,hm̂,hm̂,hm̂,muê,"hm̂,muâi",muê,hm̂,hûn,hm̂,muê
,寓,ú,"ú,ù",ú,ú,ú,ú,ú,gū,ú,ú
,晬,tsèr,tsèr,tsè,tsè,tsè,tsè,tsèr,tsè,"tsèr,tsè",tsè
,腔,tshiunn,tshiunn,tshiunn,tshiunn,tshionn,tshiunn,tshiunn,tshiunn,tshiunn,tshiunn
,菠,per,per,pe,pue,pue,pue,per,pe,"per,pe",pue
,萄,tô,tô,tô,tô,tôr,tôr,tô,tô,tô,tô
,鄉,hiunn,hiunn,hiunn,hiunn,hionn,hiunn,hiunn,hiunn,hiunn,hiunn
,鈗,ńg,ńg,ńg,uínn,ńg,ńg,ńg,ńg,ńg,ńg
,陽,iûnn,iûnn,iûnn,iûnn,iônn,iûnn,iûnn,iûnn,iûnn,iûnn
,勤,khûn,khîrn,khûn,khîn,khîn,khîn,khûn,khûn,khûn,khûn
,嗣,sîr,sîr,sû,sû,sû,sû,sîr,sû,sîr,sû
,楝,lǐng,līng,līng,līng,līng,līng,līng,līng,līng,līng
,楹,înn,înn,înn,ênn,ênn,ênn,înn,înn,înn,ênn
,預,ǐr,īr,ū,ī,ī,ī,īr,ū,"īr,ī",ī
,慮,lǐr,līr,lū,lī,lī,lī,līr,lū,"līr,lī",lū
,樑,niû,niû,niû,niû,niôo,niû,niû,niû,niû,niû
,範,huǎn,huān,huān,huān,huān,huān,huān,huān,huān,huān
,蓮,liân,liân,lân,liân,liân,liân,nâi,lân,liân,liân
,課,khèr,khèr,khè,khuè,khuè,khuè,khèr,khè,khìr,khuè
,鄭,tīnn,tīnn,tīnn,tēnn,tēnn,tēnn,tīnn,tīnn,tīnn,tēnn
,鋤,tîr,tîr,tû,tî,tî,tî,tîr,tû,"tîr,tî",tî
,噤,khiūnn,khiūnn,khiūnn,khiūnn,khiōnn,khiūnn,,,khiūnn,khiūnn
,親,tshinn,tshinn,tshinn,tshenn,tshenn,tshenn,tshinn,tshinn,tshinn,tshenn
,謀,biô,biô,môo,môo,"bôo,biôr",môo,bôo,bôo,biô,môo
,頭,thiô,thiô,thiô,thôo,thiôr,thiôr,thôo,thôo,thiô
,頭,thiô,thiô,thiô,thôo,thiôr,thiôr,thôo,thôo,thiô
,鴦,iunn,iunn,iunn,iunn,ionn,iunn,iunn,iunn,iunn,iunn
,嬰,inn,inn,inn,enn,enn,enn,inn,inn,inn,enn
,嶼,sǐr,sīr,sū,sī,sī,sū,sīr,sū,sīr,sū
,戴,tèr,tèr,tè,tè,tè,tè,tèr,tè,"tèr,tè",tè
,糙,tshò,tshò,tshò,tshò,tshòr,tshòr,tshò,tshò,tshò,tshò
,舉,kír,kír,kú,kí,kí,kí,kír,kú,"kír,kí",kí
,螿,tsiunn,"tsiong,tsiunn",tsiunn,tsiunn,tsionn,tsiunn,tsiunn,tsiunn,tsiunn,tsiunn
,謝,siā,"siā,tsiā",siā,siā,tsiā,tsiā,siā,siā,siā
,顎,kok,kok,khok,kok,"kok,khok",kok,khok,khok,kok
,羅,lô,lô,lô,lô,lôr,lôr,lô,lô,lô,lô
,蹬,tinn,tinn,tinn,tenn,tenn,tenn,tinn,tinn,tinn,tenn
,鯧,tshiunn,tshiunn,tshiunn,tshiunn,tshionn,tshiunn,tshiunn,tshiunn,tshiunn,tshiunn
,鑢,luě,lerē,luē,lē,lē,lē,luē,luē,luē,lē
,驚,kinn,kinn,kinn,kenn,kenn,kenn,kinn,kinn,kinn,kenn
,蠶,tshâm,tshâm,tshâm,tshâm,thâm,thâm,tshâm,tshâm,tshâm,tshâm
,蠶,tshâm,tshâm,tshâm,tshâm,thâm,thâm,tshâm,tshâm,tshâm,tshâm
