義項id,詞目漢字,解說,對應詞目id,對應詞目漢字
,一下,動詞後綴。表示極短的時間或是短時間的動作。,,一下仔
,一月日,一個月。,,一個月
,一日到暗,一天到晚、從早到晚，整天。,,規日
,一目𥍉仔,一瞬間、一眨眼。指很短暫的時間。,,一目𥍉
,一來,首先。,,首先
,一屑仔,一點點。形容體積很小或數量很少。,,一絲仔
,一睏仔,一陣子、一會兒。,,一下仔
,一概,一律、完全。,,一切
,一寡,一些、少許，也可以單說「寡」(--kuá)。,,一絲仔
,一霎仔久,一瞬間、一下子。形容很短的時間。,,一下仔
,一霎仔久,一瞬間、一下子。形容很短的時間。,,一目𥍉
,一點仔,一點兒、一 點點。形容數量極少。,,一絲仔
,十一哥,單身漢。,,獨身仔
,十一哥,單身漢。,,羅漢跤
,十八骰仔,骰子。一種遊戲或賭博用的小方塊。六面分別刻上一、二、三、四、五、六點，一、四漆紅色，其餘為黑色。,,十八仔
,人工,工資。從事工作所得的報酬。,,工資
,刁工,專程、特地。,,專工
,刁工,故意。,,故意
,七孔,七竅。指人臉部的七個孔穴，包括兩眼、兩耳、兩鼻孔和嘴巴。,,七竅
,二手,副手、助手、助理。技術工作中的助手、協助處理事務的人。,,助理
,二手,副手、助手、助理。技術工作中的助手、協助處理事務的人。,,助手
,入木,入殮。把死者放進棺木中。,,收棺
,入木,入殮。把死者放進棺木中。,,落棺
,入耳,聽進耳裡。,,落耳
,二步七仔,本事、本領。形容人對事情有一點處理的本事、能力。,,兩步七仔
,九芎仔,九芎樹。木本植物。木質堅韌，可以拿來做手杖，根部可以拿來入藥，治瘧疾。,,九芎仔柴
,九芎仔,九芎樹。木本植物。木質堅韌，可以拿來做手杖，根部可以拿來入藥，治瘧疾。,,九芎仔樹
,卜卦,占卜。推斷未來的吉凶禍福。,,卜聖卦
,十花五色,五花八門、形形色色。,,五花十色
,七星,北斗星、北斗七星。星座名。由七顆星組合、排列在北方天空的星象，形狀像斗杓。是中國數術、宗教儀式中重要的星象，在西方星象學上屬於大熊星座。,,北斗星
,刁持,故意、存心。,,刁意
,刁故意,存心、故意。,,故意
,人員,人數。,,人數
,人格,品格、品性。,,人品
,人馬,兵馬。泛指軍隊和武力裝備，及有相當力量的聚合人群。,,兵馬
,入教,信教、皈依。,,信教
,人望,眾人矚目。,,民望
,人範,人品。指人的外在面貌或儀表。,,人品
,人範,人品。指人的外在面貌或儀表。,,人款
,入學,開始進入學校學習、求學。,,求學
,入選,中選。被選上、被選入。,,中選
,入殮,將亡者的遺體放入棺木中。,,落棺
,上,極致地、最……地，有些地區音變為thōng。,,最
,下𦜆,下巴、下顎。,,下斗
,丈人爸,岳父。稱謂，男性稱呼妻子的父親。,,岳父
,上久,最久。,,上慢
,小口,飯量少、食量小。,,細食
,下勻,後輩、晚輩。,,下沿
,下勻,後輩、晚輩。,,晚輩
,上元暝,元宵節、上元節。我國傳統民俗節日之一。農曆正月十五日為天官大帝誕辰，清晨會祭拜三界公。,,元宵暝
,上天,上蒼。對具有無窮力量的天或是天上神明的總稱。,,上蒼
,上手,對技術或工作已掌握熟練，駕馭自如。,,在手
,大月,國曆三十一天或者農曆三十天的月分。,,月大
,小月,農曆之中，只有二十九天的月份。,,月小
,工夫,技術、本領、造詣。,,技術
,千斤秤,千斤頂、起重機。利用螺旋、齒輪或油壓作用，將重物作小幅度抬高的機械裝置。常用於安裝或修理機器、汽車時使用。,,銅人
,大四界,到處、每個地方。,,大母四界
,大四界,到處、每個地方。,,大母四公界
,上任,就職。擔任職務。,,就職
,上任,就職。擔任職務。,,上台
,下早仔,早上。,,早時
,下早仔,今早。今天早上。,,早時
,工作,作事、職業。為賺取生活所需的金錢或物質，所從事的腦力或體力的活動。,,穡路
,小肚,膀胱。泌尿系統中儲存尿液的器官。為肌肉與膜質形成的囊，呈卵圓形，位在骨盤腔的前方和腹腔的下方。,,尿袋
,山谷,山溝。兩山之間低窪且狹窄的地方。,,山坑
,三角窗,位於路口轉角處的房子。,,三角間
,三角褲,一種三角樣式的貼身內褲。,,內褲
,千里鏡,望遠鏡。用來觀察天體或者是遠處物體的儀器。,,望遠鏡
,小使,小弟、跑腿的。供人差遣的人。,,細漢的
,小管仔,軟體動物名。胴部呈圓錐形或長筒形，鰭較大，多位於後端。腕有十隻，有兩隻較長的觸腕，內有吸盤二行，觸腕穗吸盤四行。,,鎖管
,山坪,山坡地。山凹間或山麓上較平坦的地或可耕地。,,山坡
,下底,下面、底下。與「頂面」(tíng-bīn)相對。,,下面
,久長,長久。時間長遠悠久。,,長久
,乞食,乞丐、叫花子。靠要錢、要飯過活的人。,,分食的
,乞食,乞丐、叫花子。靠要錢、要飯過活的人。,,分錢的
,低級,比較低下的級別，相對於「高級」而言。,,下等
,上崎,上坡。,,𬦰崎
,才情,指人的才華、本事、才能。,,才能
,小票,零鈔。小面額的紙幣。,,零星的
,下港,指臺灣南部地方。,,下頭
,下港,指臺灣南部地方。,,南部
,干焦,只有、僅僅。,,獨獨
,上等,最高等級或最優異的品等。,,頂級
,上等,最高等級或最優異的品等。,,頭等
,大筒,靜脈注射、點滴。,,大筒仔
,大筒,靜脈注射、點滴。,,大筒射
,山溝,山澗、山谷。,,山坑
,下跤,下面、底下。,,下頭
,下跤,下面、底下。,,下面
,小路,小徑、小道。較狹窄的路。,,小路仔
,大道公,保生大帝，為傳統民間信仰的神明，又稱吳真人。俗名為吳夲，北宋太宗年間福建泉州府同安縣人，以醫藥為業，得道後又以除瘟疫為聖行，中醫藥業常供奉為行業神。也是臺灣同安籍人士信奉的鄉土保護神。在臺灣以臺北大龍峒保安宮、蘆洲保和宮和臺南學甲慈濟宮最為著名之主祀廟宇。,,吳真人
,三層,五花肉。指肥瘦夾雜的豬肉。,,三層仔肉
,三層肉,五花肉。指肥瘦夾雜的豬肉。,,三層仔
,三層肉,五花肉。指肥瘦夾雜的豬肉。,,三層仔肉
,大範,一個人的舉止十分大方、自然，不受拘束。,,大方
,大範,高雅、不俗氣。,,派頭
,大賣,批發的生意，指成批買賣商品。,,大割
,大賣,批發的生意，指成批買賣商品。,,大盤
,下輩,晚輩、後輩。子姪輩或是輩分較低的人。,,下沿
,下輩,晚輩、後輩。子姪輩或是輩分較低的人。,,晚輩
,下頦,下巴。臉部嘴脣以下的部位。,,下斗
,下頦,下巴。臉部嘴脣以下的部位。,,下頷
,大頭拇,大拇指。,,大拇頭
,大頭拇,大拇指。,,大拇翁
,大頭菜,蕪菁。根莖類。根為扁球形，肉質為白色或紅色，球根及嫩葉可以食用。,,結頭菜
,上濟,至多、頂多。指在最壞的情況下。,,上加
,下擺,下次、下回。,,後改
,小嬸,弟媳、小嬸子。稱謂。男子稱呼弟弟的妻子或是女子稱呼丈夫弟弟的妻子。,,細嬸仔
,工藝,工作、技術、技藝。,,技術
,工藝,工作、技術、技藝。,,技藝
,大龐,大塊頭。形容人的身材高大。,,高長大漢
,大龐,大塊頭。形容人的身材高大。,,漢草好
,不三不四,不正經、不像樣、不倫不類。,,不顛不戒
,勻勻仔,慢慢地、謹慎小心地。,,勻仔
,井水,井中的水。,,鼓井水
,公平,公正。心存正道，沒有偏私。,,平正
,中立,不偏袒。,,平正
,冇石仔,浮石。礦物名，是一種經由岩漿急速冷凝，氣體逸出後所形成的多孔狀岩石。顏色較淡，有氣泡狀孔穴，可漂浮在水面上，通常是流紋岩岩漿的產物，以前常用來搓洗鍋子。,,冇石
,凶年,農作物收成欠佳，鬧饑荒的年頭。,,歹天年
,凶年,農作物收成欠佳，鬧饑荒的年頭。,,歹冬
,內行的,行家、專家。,,內行人
,不而過,但是、不過。,,不過
,中秋,中秋節、八月節。我國傳統民俗節日之一。農曆八月十五日，與春節、端午節並列為民間三大傳統節日。通常這天全家會團聚在一起吃月餅、吃柚子、賞月。,,八月半
,中秋節,中秋節、八月節。我國傳統民俗節日之一。農曆八月十五日，與春節、端午節並列為民間三大傳統節日。通常這天全家會團聚在一起吃月餅、吃柚子、賞月。,,八月半
,中風,腦溢血、腦中風。病名。因腦血管硬化、破裂，造成腦內出血，壓迫到腦神經。往往會使病人昏迷、死亡或肢體麻木、言語行動不便。,,腦充血
,中脊,屋頂上頭，最高的那一根橫樑。,,中脊楹
,中晝飯,中餐、午飯。,,下晝飯
,中晝頓,午餐、午飯。,,下晝飯
,不答不七,不三不四、不像樣。,,不八不七
,中間,指某一時間或事件發展的過程中的一部分。,,當中
,公媽,祖先的神主牌。,,神主牌
,公媽,祖先的神主牌。,,牌位
,公道,公平、公正。正直，沒有偏私。,,公正
,五臟,指心、肝、脾、肺、腎等五大器官，也可泛指一切內臟。,,五臟六腑
,歹人,壞人、惡人、歹徒。品性、行為不良的人。,,凶徒
,歹人,壞人、惡人、歹徒。品性、行為不良的人。,,匪徒
,天下,整個世界。,,天跤下
,日子,時間、期間。,,時間
,日子,黃曆上帶有吉凶的日期。,,日期
,日子,生活。,,生活
,戶口名,正名、本名。登記在戶口名簿上的名字，有別一般偏名。,,本名
,戶口名,正名、本名。登記在戶口名簿上的名字，有別一般偏名。,,正名
,反天,變天。天氣由晴轉變成陰或雨。,,變天
,歹代,壞事、惡事。,,歹代誌
,歹代,壞事、壞消息。,,歹代誌
,歹代,壞事、壞消息。,,歹消息
,支出,消費、支付的費用、款項。,,開支
,支出,消費、支付的費用、款項。,,開使
,反白睚,翻白眼。黑眼球往上吊，露出白眼球，表示不以為然、不滿的情緒或是快要死的樣子。,,反白仁
,反白睚,翻白眼。黑眼球往上吊，露出白眼球，表示不以為然、不滿的情緒或是快要死的樣子。,,反白目
,木匠,木工師父。,,木師
,歹年冬,荒年、歉歲。農作物收成不好的年頭。,,歹天年
,歹年冬,荒年、歉歲。農作物收成不好的年頭。,,歹冬
,毋好勢,不方便、不湊巧。,,無拄好
,毋好勢,不方便、不湊巧。,,不便
,心行,心地、心腸。,,心性
,毋但,不只。表示前一句話的語意尚未完結，還有承接下面的語意。,,不但
,月尾,月底。指一個月的最後幾天。,,月底
,心狂火著,氣急攻心、火冒三丈。,,風火著
,心肝窟仔,心窩、心坎。胸部的中央、胸口。,,心肝蒂
,心肝窟仔,心窩、心坎。胸部的中央、胸口。,,心槽
,水車,早期農家引低處水源來灌溉高地田地的器具。,,龍骨車
,歹命人,命運坎坷的人。,,苦命人
,歹命人,命運坎坷的人。,,散赤人
,夫妻,夫婦。,,翁婆
,手底,手掌。,,手心
,歹物,壞人。,,漚腳
,歹物,壞人。,,歹料
,歹物,壞人。,,歹狗
,歹物,壞人。,,䆀料
,歹物,壞人。,,䆀搭
,水門,用以調節水位，控制水流流量的閘門。,,水閘仔
,水門,用以調節水位，控制水流流量的閘門。,,水閘門
,月俸,月薪、月給。公務員或受僱者每個月所領的薪資。,,月仔錢
,毋值,不如、比不上。,,毋值著
,毋准,不允許、不答應。,,不准
,夫婦,夫妻。,,翁婆
,手痕,指紋。,,指頭仔痕
,木棉,木本植物。樹幹有瘤刺，枝條成輪狀向四周平伸開展。葉片平滑，花於初春開放，花朵豔麗，為橙紅色系。果子呈現橢圓形，種子上被棉毛，棉毛富有彈性，適合做枕頭、沙發等填充材料。,,斑芝棉
,木棉,木本植物。樹幹有瘤刺，枝條成輪狀向四周平伸開展。葉片平滑，花於初春開放，花朵豔麗，為橙紅色系。果子呈現橢圓形，種子上被棉毛，棉毛富有彈性，適合做枕頭、沙發等填充材料。,,斑芝樹
,月給,月薪、月俸。公務員或受僱者每個月所領的總薪資。源自日語「月給（げっきゅう）」。,,月薪
,水溝,疏通流水的溝道。,,水溝仔
,水源頭,水的發源地。,,水源地
,心腹,臟腑。人體的重要內臟器官。,,五臟六腑
,歹運,背運、倒楣。運氣不好。,,倒運
,歹運,背運、倒楣。運氣不好。,,不幸
,毋過,不過、但是。,,不過
,水道,自來水的線路、管道。源自日語「水道（すいどう）」。,,水管
,水道,自來水的線路、管道。源自日語「水道（すいどう）」。,,水管路
,水道頭,水龍頭。控制自來水管出水的控制閥。,,水龍頭
,水閘,用以調節水位，控制水流流量的閘門。,,水閘仔
,水閘,用以調節水位，控制水流流量的閘門。,,水閘門
,手電仔,手電筒。,,手電
,夭壽短命,短命鬼。詛咒人短命早死的用語。,,夭壽骨
,毛管,毛孔。汗腺在皮膚表面上的細孔。,,毛管空
,日誌,日記。用於每天記事情的本子。,,日記
,手數料,處理手續所需的費用，即手續費。源自日語「手数料（てすうりょう）」。,,手續費
,手擋,手剎車。,,手擋仔
,戶頭,帳戶。原本指不動產登記簿上的所有權人，現在大多用來稱呼在銀行等金融機構所開立的存提款帳號及所有者的名稱。,,數戶
,日頭,太陽。,,日
,日頭,太陽。,,日頭公
,水龍,抽水機。可用來抽水、噴水的設施。,,水抽仔
,水雞泅,蛙泳、蛙式。游泳的四種標準姿勢之一。腹部朝下，雙手撥水，雙腳踢水，頭部在水面上吸氣，然後在水中吐氣，動作像青蛙在水池中游泳的樣子。,,蛤仔泅
,火石仔,打火石。早期用來點火的器具。,,拍火石
,王后,古代帝王的正妻。,,皇后
,牛角花,金合歡。木本植物。可入藥，根部可治瘧疾，樹皮可作收斂劑，治咳嗽。,,番剌仔
,火車路,鐵路。鋪設鐵軌，供火車、電車通行的道路。,,鐵路
,牛屎鳥仔,鶺鴒。禽鳥類。體長約五至六寸。體色有黑白相間、黃綠相間和黑灰相間等三種形態。因為喜歡在牛屎中找昆蟲吃，所以被稱為「牛屎鳥仔」。,,牛屎鶺仔
,牛索,一端綁在牛鼻環上用來牽牛的繩子。,,牛繚索
,火鼠,松鼠 。外形像老鼠但大些，尾巴長且膨鬆，常棲於樹上，吃果實。,,膨尾鼠
,牛鼻圈,牛鼻環。用來套在牛鼻子上的器具。外觀為一個鐵環。,,牛鼻環
,仙,對某些特定身份者的稱呼，表示尊敬。,,先
,仙,對從事某種技藝、具有某些嗜好者的稱呼，有諷刺意味。,,先
,冊包,書包。學生上學時用來裝書本的背包。,,冊揹仔
,代先,事先、預先。,,在先
,冊店,書店、書局。賣書的商店。,,書店
,冊架仔,書架。存放書籍的架子。,,書架
,仝款,同樣、相像。一樣，沒有差別。,,相同
,世間,世界上。,,凡間
,世間人,世人。,,世人
,兄嫂,嫂子、嫂嫂。稱謂。稱呼兄長的妻子或對朋友妻子的敬稱。,,大嫂
,兄嫂,嫂子、嫂嫂。稱謂。稱呼兄長的妻子或對朋友妻子的敬稱。,,嫂仔
,凹,低陷之處。,,窩
,去,消除。,,清除
,去了了,完蛋了、全去了。,,去矣
,出山,出殯。,,送葬
,半中站,中途、半路。,,中站
,半日,半天。指一天的一半。,,一晡
,半月日,半個月。,,半個月
,北爿,北邊。北方。,,北方
,四爿,四周圍。,,四周圍
,半仙,人們用來稱呼術士或算命師，或他們自稱的詞。,,鐵喙
,四句聯,說唱或戲曲中，以四句為一組的韻文，常以多組串連成篇，成為如同詩歌一般有押韻的唸白。,,四句聯仔
,叫苦,呼喊所受的苦難。,,叫哭
,叫苦,呼喊所受的苦難。,,叫慘
,出風頭,顯露或炫耀自己的特長，以博得眾人的讚譽。,,進頭香
,外家,娘家。女子出嫁後，稱自己父母的家。,,外家厝
,加減,多少。,,多少
,出業,畢業，日語原作「卒業」。源自日語。,,畢業
,半路師,半吊子。諷刺人工夫學一半，一知半解，做不了事。,,半桶師
,半精白,半肥半瘦的肉。,,半肥瘦
,四箍圍仔,四周。,,四周圍
,包領,保證、擔保。,,包管
,四邊,周邊。四周圍。,,四周圍
,四邊,周邊。四周圍。,,四圍
,包贏,一定勝利，穩操勝算。,,穩贏
,尻川口,肛門。,,尻川空
,尻川口,肛門。,,尻川頭
,市內,城市的範圍以內。,,市區
,失手,因不小心而造成錯誤。,,走手
,正月正時,指農曆過年，春節的時候。,,正月時
,正月正時,指農曆過年，春節的時候。,,正月時仔
,正月正時,指農曆過年，春節的時候。,,正月正頭
,布身,布料的質地。,,料身
,布身,布料的質地。,,質地
,正身,正房。舊式合院房屋的中心建築部分，兩邊則為「護龍」。,,正房
,本事,才幹、才能。,,才能
,本命錢,買命錢。一種印有小人圖形的錢幣或紙錢。和改年經、補運錢的作用相同，都是解運錢的一種，為求本命陰陽福氣。,,買命錢
,失信,失約。不遵守諾言。,,失約定
,失信,失約。不遵守諾言。,,無信用
,失約,失信、違約。沒有按照原先約定去做。,,失約定
,失約,失信、違約。沒有按照原先約定去做。,,違約
,必要,絕對需要，不可缺少的。,,必須
,失眠,夜晚不能自然入睡。,,過眠
,市草,市場買賣的情況。,,市面
,平常,平時，一般日子。,,平日
,民眾,泛指一般人民。,,國民
,市場,買賣貨物的場所。,,菜市
,市場,買賣貨物的場所。,,市面
,必然,確定不移。,,必定
,幼路,精細、精緻。形容工藝製作的技術非常精緻。,,幼膩
,永遠,永久、無窮盡地。,,永久
,本領,本事。處理事情的能力。,,才能
,平靜,形容平和安靜。,,平和
,本錢,經營事業所用的資本。,,本金
,本錢,用來生利息的本金。,,本金
,母錢,本錢、本金。,,本金
,布頭,布料剪裁之後剩下的零碎布塊。,,布尾
,失體面,丟臉、沒面子。,,無面子
,甘,甜美的、美好的。,,甜
,甘,值得疼惜。,,疼
,甘,值得疼惜。,,惜
,生,活著。,,生存
,生,活著。,,活
,生,計算一輩子的單位。,,世
,目𥍉仔,轉眼、瞬間。形容時間很短。,,目𥍉仔久
,石仔,碎石。細碎的小石子。,,細粒石頭
,皮包仔,錢包、皮夾子、手提包。,,皮包
,生囡仔,生產、分娩。生孩子。,,抾囝
,生狂,做事慌慌張張的樣子。,,生猴
,瓦杮仔,碎瓦片。,,瓦杮
,生長,發育成長。,,成長
,白帶魚,魚類。體特長，兩側扁平，如同帶子，色銀白，無腹鰭。,,白魚
,石舂臼,用來舂米的石臼。,,臼
,田蛤仔,田蛙、青蛙。兩棲類動物。頭寬扁、闊嘴、大眼。背部呈青綠色，腹部灰白，表皮光滑。有蹼，善跳躍、游泳。,,田雞
,白滾水,不添加其他物而且經過煮沸的開水。,,白茶
,目箍,眼眶。,,目墘
,石頭仔,小石頭、小石子。石頭的小碎塊。,,石頭
,生檨仔,橫痃。病名。性病引起的腹股溝淋巴腺發炎及腫大，為第一期梅毒病癥。,,橫痃
,先生,教師。,,老師
,先生,醫生。,,醫生
,先生,醫生。,,大夫
,先生,對知識份子、有德行或專門技能者、道士的尊稱。,,道士
,光景,風景。,,風景
,光榮,光彩榮耀，指很有面子。,,光彩
,交際,人與人之間彼此往來的聚會應酬。,,社交
,份額,額度。占有額，每一份應有的固定數目。,,額數
,同心,一心、齊心。同樣的意志、想法。,,一心
,同心,一心、齊心。同樣的意志、想法。,,齊心
,囡仔疕,小毛頭。指小孩，但含有貶意。,,遛精仔
,囡仔嬰,嬰孩。,,嬰
,吐目,突眼、鼓眼泡。眼球突出。這種外觀特徵除了天生遺傳以外，大多是甲狀腺亢進或腦部、眼部病變引起。,,金魚目
,在地人,本地人。居住在當地的人。,,本地人
,吊死,上吊自殺。,,自殺
,同志,志趣、志向相同的人。,,有志
,冰角,冰塊。,,霜仔角
,合股,合夥。幾個人集合資本共同經營事業。,,倚股
,同門,連襟。稱謂，指姊妹的丈夫彼此互稱。,,同門的
,在室女,處女、閨女。未出嫁的女子。,,處女
,名望,名譽和聲望。,,名譽
,向望,盼望、希望。,,期望
,吊脰,上吊自殺。,,自殺
,回答,回應、回話。,,回話
,再會,再見。道別時的客套話。,,閣再來
,再會,再見。道別時的客套話。,,再見
,吊槔,桔槔。在井旁的樹上或架子上用繩子掛一個杠杵，一端綁著水桶，另一端綁在大石頭上，一起一落，打水時比較省力。,,加轆
,因端,原因、緣故。,,因致
,因端,原因、緣故。,,原由
,因端,原因、緣故。,,原因
,同齊,同時一起。,,一齊
,吊頷,上吊自殺。,,自殺
,名聲,名譽、名望。,,名譽
,名額,限定的人數。,,限額
,好,表示完成、結束。,,了
,好,表示完成、結束。,,完
,尖,眼睛敏銳。,,利
,尖,銳利、刻薄。形容說話聲音高亢而令人不舒服，或是指言語刻薄。,,利
,地方,區域、地區。,,角勢
,地方,區域、地區。,,地區
,地皮,供建築房屋使用的土地。,,地面
,字典,一種記載如何使用某種特定文字的工具書。以字為單位，按照一定的體例編目和排版，並對文字的形、音、義、用法及來源等等加以解釋。,,詞典
,年紀,年齡。,,年齡
,奸雄,奸詐、狡猾。,,奸詐
,好勢,事情順利推演。,,順利
,好勢,事情順利推演。,,順事
,年歲,年齡、年紀。,,年齡
,地號名,地名。,,地名
,字劃,筆畫、字畫。指字跡的一筆一畫，皆為組合成字的要件。,,字畫
,奸險,奸詐、陰險。,,奸詐
,好額,富裕、富有。,,有錢
,早日,從前。,,早時
,早日,提早。比預定的時程早。,,提早
,有身,懷孕。,,有囡仔
,有身,懷孕。,,有矣
,收泔,利用開大火或靜置的方式，將稀飯中的水分減少。,,頓泔
,早起時仔,早上。,,早起時
,早起,早上、早晨。,,上午
,早起,早上、早晨。,,下早仔
,早起,早上、早晨。,,頂晡
,早起,早上、早晨。,,早起時
,早起,早餐。,,早起頓
,早起,早餐。,,早頓
,有通,行得通、可行的。,,會通
,收場,指一件事情的結局，或者一個人的下場。,,收山
,收場,指一件事情的結局，或者一個人的下場。,,收尾
,收場,結束。,,散場
,死路,不能通行的路。,,無路
,曲盤,唱片。一種利用機械錄音方法記錄聲音的膠製圓片。上有細溝，放在留聲機或電唱機上旋轉時，沿著槽紋滑動的唱針尖端發生機械振動，通過唱頭還原為聲音或轉換為電子信號。,,唱片
,成親,結婚、成婚。男女嫁娶，成為夫婦。,,結婚
,有應公,無主孤魂。也就是孤魂野鬼，大多為凶死而不知其籍貫姓名或沒有後嗣的枯骨。常就地掩埋並建小祠供人祭拜。,,百姓公
,有應公,無主孤魂。也就是孤魂野鬼，大多為凶死而不知其籍貫姓名或沒有後嗣的枯骨。常就地掩埋並建小祠供人祭拜。,,金斗公
,有應公,無主孤魂。也就是孤魂野鬼，大多為凶死而不知其籍貫姓名或沒有後嗣的枯骨。常就地掩埋並建小祠供人祭拜。,,萬姓公
,有應公,無主孤魂。也就是孤魂野鬼，大多為凶死而不知其籍貫姓名或沒有後嗣的枯骨。常就地掩埋並建小祠供人祭拜。,,萬善公
,老人目,老花眼。,,老歲仔目
,肉丸仔,泛指所有用獸肉做成的丸子。,,肉丸
,至少,最少、最低限度。,,上起碼
,行春,拜年。過年時到親友家拜訪。這是較古雅的說法，現在也用「拜年」(pài-nî)。,,拜年
,行春,拜年。過年時到親友家拜訪。這是較古雅的說法，現在也用「拜年」(pài-nî)。,,拜正
,行春,拜年。過年時到親友家拜訪。這是較古雅的說法，現在也用「拜年」(pài-nî)。,,賀正
,自動車,汽車。源自日語「自動車（じどうしゃ）」。,,汽車
,行短路,自殺、尋短見。,,自殺
,西藥房,販賣西洋藥物的商店。,,西藥店
,作,從事農耕。,,做
,但是,不過、可是。連接兩個具有相反因果關係的詞語或句子。,,不過
,作弊,用不正當的方法取得不法的利益。一般多指考試的不法行為。,,偷做手
,免數想,休想、甭想。,,免想
,免錢飯,牢飯。不用花錢就有飯吃，是一種調侃的說法。,,無錢飯
,免錢飯,牢飯。不用花錢就有飯吃，是一種調侃的說法。,,櫳仔飯
,利,形容器物或五官的能力很尖銳。,,尖
,利,利息。,,利息
,吸石,磁鐵、磁石。以天然磁鐵礦加工製成，或以鋼、合金鋼經磁化後製成的磁體。具有吸引鐵、鈷、鎳等金屬的性質。,,吸鐵
,利益,好處。,,好處
,利純,利潤。借自日語「利潤（りじゅん）」。,,利潤
,別款,別的樣式。,,別種
,別項,別的項目。,,別種
,坎仔,地面上突起的小臺階。,,碣仔
,告示,政府於特定的公共處所張貼的文書或通告。,,公告
,囥歲,指一個人外表看起來比實際年齡年輕。,,𠢕囥歲
,尿帕仔,尿布。,,尿裙仔
,尿帕仔,尿布。,,屎尿布
,尪姨,靈媒、巫婆。能通鬼神，以替人祈福消災、占卜等為職業的女子。,,媽姨
,尿苴仔,尿布。包裹在嬰兒的屁股，以承接屎尿的布。,,尿裙仔
,尿苴仔,尿布。包裹在嬰兒的屁股，以承接屎尿的布。,,屎尿布
,妥當,穩當、適當。,,穩的
,扶,捧、托。用手托著或扶起來。,,捧
,扶,奉承、巴結。,,扶𡳞
,扮仙,傳統戲劇中，正戲開演前的開場戲。多半在廟會慶典與祝壽喜慶等時候應用。,,排仙
,扭尻川,扭屁股。,,搖尻川花
,快車,加快行駛速度或是減少停靠站以節省行車時程的火車或公共汽車。,,快班車
,形狀,外形、模樣。,,形款
,形狀,外形、模樣。,,款式
,快活,愉快、舒服。,,快樂
,忍耐,按捺住某種衝動而不宣洩出來。,,忍受
,扮笑面,賠笑臉。,,激笑面
,序細,晚輩、後輩。,,下沿
,序細,晚輩、後輩。,,晚輩
,志願,自願而做、主動。,,自願
,杓仔,杓子。用來舀取液體的器具。,,桸仔
,杓仔,杓子。用來舀取液體的器具。,,鱟杓
,改良,改善、改進。把原本不好的地方加以改進，使它變好。,,改善
,改良,改善、改進。把原本不好的地方加以改進，使它變好。,,改進
,杜定,蜥蜴、石龍。爬蟲類動物。尾巴細長易斷，雄體背面是青綠色，雌體背面是淡褐色，腹部則都呈現淡黃色。棲息於草叢中，捕食昆蟲和其他小動物，會冬眠。,,四跤蛇
,批殼,信封、信套。裝信件的袋子。,,批橐仔
,抄寫,照原文謄寫。,,抄錄
,批囊,信封。,,批橐仔
,私下,暗地裡、不公開地、不欲人知地。,,私底下
,牡丹,木科植物。落葉灌木，葉子呈羽狀，春季發葉後開花，有紅、白、黃、紫等顏色。除供觀賞外，其根還可做為藥用。,,富貴花
,私奇,私房錢。個人私下儲存的積蓄。,,私奇錢
,秀梳仔,細竹子。竹子分支處，乾燥後彈性佳，過去常被用來當作體罰的器具。,,秀箠仔
,見,會面。,,看
,赤,顏色名。紅棕色。,,紅
,身,計算神像的單位。,,尊
,身,計算蠶隻的單位。,,隻
,豆仔薯,豆薯。根莖類。地下生有肉質的大塊根，形狀像甘薯，薯肉呈白色，味道甜而多汁，富含養分，可以生吃。莢果扁平線狀，有毛，種子紅褐色，約十粒，近扁圓形，有毒，種子油可以製殺蟲劑。,,葛薯
,赤目,眼紅、嫉妒。看到好的事物，心裡很想得到。,,目赤
,赤目,眼紅、嫉妒。看到好的事物，心裡很想得到。,,目紅
,芋冰,指用芋頭製成的冰棒或冰品，或者特指芋頭口味的冰淇淋。,,芋仔冰
,豆油膏,醬油膏。,,膏豆油
,走袂離,脫逃不了或閃躲不及。,,走袂過手
,走唱,跑江湖賣唱。,,那卡西
,車鼓戲,一種流行於閩南及臺灣的表演戲劇。劇目取材來自民間故事，音樂則以閩南流行的民歌小調為主，是迎神廟會重要的活動。,,車鼓
,身軀邊,身邊、身旁。,,身邊
,身軀邊,身上、隨身。,,身軀頂
,身軀邊,身上、隨身。,,身上
,使,命令、驅使。,,叫
,使,示意、傳達。,,傳
,使,放任、放縱。,,發
,來往,來回。,,來回
,來往,交際、往來、交往。,,往來
,佩服,欽佩、敬佩。,,欽佩
,佩服,欽佩、敬佩。,,感服
,佮喙,合胃口。適合自己個人的飲食習慣。,,合口味
,卸世眾,丟人現眼。,,卸面子
,初初,起初、起先。剛開始的時候。,,起初
,初初,起初、起先。剛開始的時候。,,起先
,受苦,吃苦、受難。遭受痛苦、困難或遭受磨難。,,受難
,卸面皮,丟臉、丟人現眼。,,卸面子
,叔孫,叔侄。,,叔孫仔
,呿呿嗽,咳個不停。,,喀喀嗽
,周圍,環繞在物體四周的部分。,,四周圍
,咒罵,詛咒、謾罵。用惡毒的話斥責他人。,,咒詈
,姑不而將,不得已、無可奈何。,,姑不二三將
,孤毛絕種,咒罵人絕子絕孫、孤老無依。,,絕囝絕孫
,官員,官吏。具有一定職等的政府工作人員。,,公務員
,官員,官吏。具有一定職等的政府工作人員。,,官吏
,宗祠,宗祠、家廟。祠堂，同一宗族的人供奉祖先神主的祠廟。,,家廟
,底細,人或事的根源、內情、背景。,,真相
,定期,預定或固定的日期或期限。,,活期
,幸運,好運氣。,,好字運
,宗親,同一個祖先，有血緣關係的親族。,,同宗的
,性,生物的種別或是事物的類別。,,性別
,性,指性情、脾氣。,,個性
,彼一日,那一天。,,彼工
,彼一日,那一天。,,彼日
,性地,脾氣、性情。,,個性
,往復,來回、往返。,,往回
,往復,來回、往返。,,來回
,忽然,突然。一種動作或事物出乎意外的迅速出現。,,突然間
,彼搭,彼處、那裡。離說話者比較遠的地方。,,彼位
,性質,本質、特質。個人與生俱來的特性、氣質。,,個性
,性質,本質、特質。個人與生俱來的特性、氣質。,,性情
,延遲,延後、耽誤。,,耽誤
,延遲,延後、耽誤。,,延後
,延遲,延後、耽誤。,,延誤
,拄才,剛才、不久以前。,,拄仔
,放工,下班、下工。,,下班
,拍拚,努力。,,用功
,拍抐涼,閒扯、講風涼話。沒有內容的隨興閒談。,,無話講茭荖
,放送,廣播。廣泛的傳播。源自日語「放送（ほうそう）」。,,廣播
,放送,廣播。一種利用音波和電波傳達訊息的大眾傳播媒介，或特指廣播節目。源自日語「放送（ほうそう）」。,,廣播
,拉圇仔燒,溫溫的。微溫而不熱。,,拉圇燒
,拍殕仔光,黎明。,,天欲光
,拍殕仔光,黎明。,,黎明
,拄著,碰到、遭遇。語氣完結時唸作tú--tio̍h。,,遭遇
,拍滂泅,指小孩子戲水或是游泳時打水花。,,游泳
,拍種,交配、交尾。動植物雌雄兩性交合或行人工受精。,,配種
,拖磨,辛苦操勞。,,折磨
,拗彎,把東西從直的折成彎的。,,拗彎曲
,抽鬮,抽籤、抓鬮。從預先做好記號的紙捲或紙團中取一個，以取決事情。,,拔虎鬚
,東倒西歪,形容亂七八糟的樣子。,,亂七八糟
,服務,為社會、別人做事。,,服侍
,服務,任職。,,食頭路
,服務,任職。,,做代誌
,服從,順從、遵從。聽從命令、吩咐。,,遵循
,林菝仔,番石榴、芭樂。瓜果類。葉對生，花白色，可以食用，富含維生素C。,,林菝
,沿海,靠近海邊的地區。,,海邊
,治病,醫治、醫療。治療疾病，使恢復健康。,,醫療
,油滓,油渣。沉積在油的底部的渣滓。,,油渣
,狗母魚,魚名。狗母魚科。活動於沿岸沙泥海域，有時會進入河口，因肉質較差，刺又多，常用來做成魚鬆等加工品。,,大頭狗母
,空厝間,空房間。,,空間
,空腹,空著肚子，沒有進食。,,飯前
,空腹,空著肚子，沒有進食。,,空心
,空縫,空隙、孔穴。,,空隙
,空縫,指把柄、漏洞或錯誤。,,空隙
,股,計算繩線的單位。,,扣
,花花仔,還可以，還過得去。,,度會過
,花菜,花椰菜。葉菜類。莖硬而肥大，葉寬大，基部鈍形，邊緣呈波狀。花部成肉質塊狀，可供食用。,,花仔菜
,花轎,舊時結婚時新娘子所乘坐的大紅轎子。,,紅轎
,花轎,舊時結婚時新娘子所乘坐的大紅轎子。,,綵轎
,金,形容物體的顏色澄黃或是閃閃發亮。,,金爍爍
,金,錢。,,金錢
,金,珍貴的。,,珍貴
,金斗,骨罈、骨灰罈。用來盛裝死者骨灰或骨頭的容器。,,黃金斗甕
,金斗,骨罈、骨灰罈。用來盛裝死者骨灰或骨頭的容器。,,黃金甕仔
,金斗甕仔,骨罈、骨灰罈。用來盛裝死者骨灰或骨頭的容器。,,黃金斗甕
,金斗甕仔,骨罈、骨灰罈。用來盛裝死者骨灰或骨頭的容器。,,黃金甕仔
,阿伯,伯父。稱謂。父親的哥哥。,,伯仔
,阿伯,尊稱父輩中年紀較大的男子。,,伯仔
,長尾星,彗星。環繞太陽運行的小質量天體。主要分為彗核、彗髮和彗尾三部分。其外貌和亮度均隨著與太陽距離的遠近而發生變化。軌道是以太陽為中心的圓錐曲線。以拋物線居多，橢圓次之，雙曲線最少。解體後轉化為小行星或流星群。,,疶屎星
,金棗,金橘、金柑。瓜果類。因果實色金黃、形圓而長似棗而稱之。皮甜肉酸，常加工做蜜餞、果醬或茶飲，亦可連皮直接食用。宜蘭為主要產地，常加工做成各種食品，如「金棗糕」。,,金柑
,金棗,金橘、金柑。瓜果類。因果實色金黃、形圓而長似棗而稱之。皮甜肉酸，常加工做蜜餞、果醬或茶飲，亦可連皮直接食用。宜蘭為主要產地，常加工做成各種食品，如「金棗糕」。,,金柑仔
,金滑,光亮滑潤。,,光滑
,虯儉,節儉、節約、儉省。,,儉用
,虯儉,節儉、節約、儉省。,,儉省
,長輩,輩分高、年紀長的人。,,頂沿
,便當篋仔,盛飯裝菜的盒子。「便當」源自日語「弁当（べんとう）」。,,便當盒仔
,便藥仔,成藥。藥料加工調製完成的藥物。明示劑量、效能、用法，經藥劑師建議後，即可供治療疾病用。,,熟藥
,前日,前幾天。,,前幾工
,南爿,南邊。南方。,,南方
,前世,上輩子。,,頂世
,保正,相當於現今的村、里長。在日治時代，十戶為一甲，十甲為一保，保正為一保的民政事務管理人。,,里長
,保正,相當於現今的村、里長。在日治時代，十戶為一甲，十甲為一保，保正為一保的民政事務管理人。,,村長
,保生大帝,為傳統民間信仰的神明，又稱為大道公、吳真人。俗名為吳夲，北宋太宗年間福建泉州府同安縣人，以醫藥為業，得道後又以除瘟疫為聖行，中醫藥業常供奉為行業神。也是臺灣同安籍人士信奉的鄉土保護神。在臺灣以臺北大龍峒保安宮、蘆洲保和宮和臺南學甲慈濟宮最為著名之主祀廟宇。,,吳真人
,俗名,通俗的名稱、非正式名稱。,,土名
,俗語,俚語、俚諺。指流傳已久，通俗且廣泛使用的定型短句，反映出生活或人生的經驗與願望。,,俗諺
,俗語話,俚語、俚諺。指流傳已久，通俗且廣泛使用的定型短句，反映出生活或人生的經驗與願望。,,俗諺
,前驛,車站的前站。「驛」源自日語「駅（えき）」。,,前站
,厚,指數量多的。,,多
,厚,指數量多的。,,濟
,哀爸叫母,罵人如喪父喪母般吵吵嚷嚷、鬼吼鬼叫、呼天搶地。,,叫天叫地
,屎桮齒,門牙。屎桮是早期沒有衛生紙的時代，用來刮屁股的竹片，以此稱呼門牙是帶有嘲笑意味的。,,前齒
,客棧,旅館、旅舍。「旅館」(lí-kuán)以前的說法。,,客店
,客棧,旅館、旅舍。「旅館」(lí-kuán)以前的說法。,,販仔間
,屎礐仔蟲,蛆蟲。,,推屎蟲
,屎礐仔蟲,蛆蟲。,,礐仔蟲
,建議,意見、辦法。,,意見
,後代,後世，未來的世代。,,後裔
,拭仔,板擦。擦拭黑白板上字跡的用具。,,烏枋拭仔
,拭仔,橡皮擦。用橡皮製成，可擦掉筆跡的文具。,,樹奶拭仔
,拭仔,橡皮擦。用橡皮製成，可擦掉筆跡的文具。,,擦仔
,拭仔,橡皮擦。用橡皮製成，可擦掉筆跡的文具。,,石拭仔
,後世人,下輩子、來世、來生。,,下世人
,後世人,下輩子、來世、來生。,,後世
,後出世,下輩子、來世、來生。,,下世人
,後出世,下輩子、來世、來生。,,後世
,後坐,臀尖肉、臀肉。豬的後腿上方的臀肉，肉質較嫩，大多為瘦肉，且有彈性，可以做火腿。,,後坐肉
,後坐,臀尖肉、臀肉。豬的後腿上方的臀肉，肉質較嫩，大多為瘦肉，且有彈性，可以做火腿。,,腿庫肉
,後尾門,後門。,,後尾門仔
,後尾門,後門。,,後門
,思念,想念、掛念。,,掛念
,扁魚,小魚乾。曬乾的小魚，魚片。,,魚乾
,後壁,背面、後面。,,後尾
,後壁,背面、後面。,,後面
,後擺,下次、下回。,,下回
,後擺,下次、下回。,,下改
,後驛,車站的後站。「驛」源自日語「駅（えき）」。,,後站
,後齻,泛稱所有的臼齒。,,後齻齒
,後齻,智齒。也就是第三大臼齒，因為該齒位於上下顎最深處，通常由門牙正中算起第八顆的牙齒就稱為智齒。由於其萌出之時間常在十六至二十歲左右，恰好是發育過程中邁入成人，智慧較成熟的階段，故稱為智齒。,,後齻齒
,指紋,人手指尖內側表面的紋路。,,指頭仔痕
,挂紙,掃墓祭拜後，放置紙錢於墓上。或稱「硩墓紙」(teh-bōng-tsuá)、「獻紙」(hiàn-tsuá)。,,挂紙錢
,挂紙,掃墓祭拜後，放置紙錢於墓上。或稱「硩墓紙」(teh-bōng-tsuá)、「獻紙」(hiàn-tsuá)。,,獻紙
,按脈,把脈。一種診察脈象的方法。用食指、中指和無名指三指端，按在被檢查者橈動脈約手掌後一寸的地方，探查脈象變化。,,摸脈
,按算,打算、預算。事先計算、考慮思量、預先籌畫。,,估計
,指頭拇公,大拇指。,,大拇公
,指頭拇公,大拇指。,,大拇翁
,春聯,門聯。農曆新年時，以紅紙書寫的吉祥話，常張貼在門的兩側。,,門聯
,政權,人民管理政府的權力。相對於「治權」(tī-khuân)而言。包括選舉、罷免、創制、複決。,,治權
,染,傳染。指疾病由一個體侵入另一個體。,,穢
,查某,女人、女性、女生。,,穿裙的
,查某𡢃,婢女、丫鬟。專門聽命僱主做事的女性僕人。一般還分專門侍奉年長者的「老𡢃」(lāu kán)、伺候小姐也兼做其他瑣細工作的「幼𡢃」(iù kán)和專門做廚房伙食，洗衣打掃等笨重粗活的「粗𡢃」(tshoo kán)。,,𡢃婢
,查某雨,太陽雨、陰陽雨。天空在出現太陽時，還一邊下雨，稱為「查某雨」。,,三八雨
,查某雨,太陽雨、陰陽雨。天空在出現太陽時，還一邊下雨，稱為「查某雨」。,,雨白
,查某間,妓院、娼寮。妓女接客的房舍。,,妓女戶
,查埔人,丈夫、老公。,,先生
,查埔祖,曾祖父。稱謂。稱祖父的父親。,,太公
,洘旱,大旱、旱災。長期不雨所造成的嚴重乾旱。,,大旱
,洘旱,大旱、旱災。長期不雨所造成的嚴重乾旱。,,亢旱
,歪哥,貪汙或以不正當的手法取得利益或財物。,,提紅包
,洋蔥,草本植物。原產在地中海東岸、西亞細亞、伊朗。葉子中空，形狀像蔥但很細。花小，色白。長在地下的鱗莖也稱為「洋蔥」，為扁球狀，紅紫色或白、褐等色，可供食用。,,大頭蔥
,流水,潮水、海潮。受潮汐影響而定期漲落的水流。,,水流
,流產,流產。,,小產
,流產,流產。,,走胎
,玲瑯鼓,波浪鼓。一種兒童玩具。在小鼓兩旁用短線各拴一顆墜子，握住手把轉動，鼓面會因墜子敲擊而發出咚咚的聲響。以前賣貨郎也拿來搖弄，以代替叫賣。,,玲瑯仔
,玲瑯鼓,波浪鼓。一種兒童玩具。在小鼓兩旁用短線各拴一顆墜子，握住手把轉動，鼓面會因墜子敲擊而發出咚咚的聲響。以前賣貨郎也拿來搖弄，以代替叫賣。,,搖鼓
,活潑,生動而不呆板。,,活跳
,炸藥,一種含有高能量的火藥，在引爆時會產生瞬間高熱和高壓。,,火藥
,相欠債,相欠。互有虧欠，彼此債務不清。,,相欠數
,相欠債,源自佛教的因果說，指這輩子會成為親子或夫妻，是因為上輩子有未了的債務。,,相欠數
,相仝,相同。,,相同
,相仝,相同。,,相親像
,相捌,相識。彼此認識。,,相識
,珍惜,珍重愛惜。,,愛惜
,相舂,相撞。,,相撞
,相連紲,連續、連串。一個接著一個，接連不斷。,,連相紲
,畏寒,打冷顫。,,驚惶
,看破,看開。對不如意的事想得開、達觀；或是無可奈何而順其自然去做某件事。,,看開
,看會起,看重、看得起；一般視為離合詞。,,看上目
,紅目,眼紅、嫉妒。因他人勝過自己而心生妒恨。,,目紅
,紅豆仔,豆類。葉為複葉，由三枚小葉組成，莢細長，表面光滑無毛，內含七至十粒暗紅色種子，此種子即為「紅豆仔」。,,紅豆
,致使,導致，以致於。,,致到
,致使,導致，以致於。,,造成
,紅菜,紅鳳菜。葉菜類。為多年生宿根草本菊科植物，莖幹分枝繁多，葉呈橢圓形或倒披針形，葉背為紫紅色，且煮熟後的汁液亦呈紫紅色，因此大都稱做「紅菜」。,,紅鳳菜
,紅蔥仔頭,紅蔥頭。以珠蔥植珠，成熟時會結出肥大的蔥球，等蔥葉乾紅了就可以採收。顏色偏紅，供食用，一般主要用來爆香、包餡。,,紅蔥頭
,茄,瓜果類。果實稱「茄子」，多呈細長條狀，皮深紫色，也有白、綠、黃等色，可炒食或煮食。,,紅皮菜
,苦毒,虐待。以苛刻殘暴的態度對待他人。,,虐待
,若準,如果、倘若。,,如果
,衫仔弓,衣架。,,衫弓仔
,衫仔弓,衣架。,,衫仔架
,衫仔弓,衣架。,,衫架仔
,重重疊疊,層層累積相疊。,,重疊
,訃音,訃告、訃聞。通知死亡的書狀。,,訃聞
,訂婚,文定。男女雙方在結婚前締定婚約的儀式。原應寫為「定婚」，今從華語寫法寫為「訂婚」。,,文定
,訂婚,文定。男女雙方在結婚前締定婚約的儀式。原應寫為「定婚」，今從華語寫法寫為「訂婚」。,,過定
,重視,注重。特別注意。,,看上目
,重陽節,我國傳統民俗節日之一。農曆九月九日，故又稱九九重陽。起源於為了除去瘟疫，在這天要配戴茱萸葉子、飲菊花酒、舉家登高。臺灣則盛行於此日放風箏，並定為敬老節。,,九月重陽
,重陽節,我國傳統民俗節日之一。農曆九月九日，故又稱九九重陽。起源於為了除去瘟疫，在這天要配戴茱萸葉子、飲菊花酒、舉家登高。臺灣則盛行於此日放風箏，並定為敬老節。,,重陽
,要點,重點。言詞或書籍等的重要處。,,重點
,風邪,受到外界風寒溼熱侵身，引起的各種疾病，多指傷風感冒。,,傷風
,食苦,吃苦。,,受難
,香案,放置香爐、燭臺或者其他祭品的長條形桌子。,,香案桌
,風神,炫耀、愛現。形容說話誇張，喜歡炫耀。,,愛展
,食飯廳,飯廳。專供吃飯的廳堂。,,餐廳
,首領,領袖。,,𤆬頭的
,面憂面結,愁眉苦臉。形容憂傷、愁苦的神色。,,面憂面虯
,面模仔,臉龐、臉蛋，臉的輪廓。,,面框
,食錢,收賄、貪汙。,,貪汙
,面頭前,眼前、面前。,,面前
,風聲,傳聞、傳說。,,傳聞
,修養,品德、風度。,,教養
,凊,冷的、涼掉的、冷漠的。,,冷
,冤仇人,仇人、冤家。,,仇人
,倒向,往後傾倒。倒栽蔥。仰面摔倒，整個身體往後傾而摔倒。,,倒栽
,候脈,把脈。一種診察脈象的方法。用食指、中指和無名指三指端，按在被檢查者橈動脈約手掌後一寸的地方，探查脈象變化。,,摸脈
,倒退,倒退。往後退。,,向後
,凍喙齒,吃到冰冷的東西，牙齒因而感到刺激，有時會酸痛。,,𫝏喙齒
,倒貼,虧本、賠本。,,虧本
,倒彈,厭惡噁心、情緒的反彈。,,反彈
,倒彈,物體碰到障礙物而彈回來。,,反彈
,倒頭栽,倒栽蔥、四腳朝天。人摔倒的時候，雙腳朝天的動作。,,倒栽
,凍霜,形容一個人吝嗇、小氣，過分節省。,,鹹閣澀
,凍霜,形容一個人吝嗇、小氣，過分節省。,,鹹澀
,哭呻,訴苦，講出不平。,,哭苦
,哭呻,訴苦，講出不平。,,哭冤枉
,哭爸哭母,罵人如喪父喪母般吵吵嚷嚷、鬼吼鬼叫、呼天搶地。,,叫天叫地
,厝稅,房租。租賃房屋的租金。,,房租
,厝稅,房租。租賃房屋的租金。,,租金
,哪會,怎麼會。,,盍會
,厝跤,房客。租房屋住的人。,,厝佃
,原諒,寬恕諒解。,,寬恕
,原頭,原先、起初。,,寢開始
,夏,一年中的第二季。,,夏天
,夏,一年中的第二季。,,夏季
,娘仔樹,桑樹。木本植物。葉子可以用來飼養蠶，果實可以生吃或是釀酒，葉、果、皮、根都可以用來入藥。,,桑仔樹
,娘仔樹,桑樹。木本植物。葉子可以用來飼養蠶，果實可以生吃或是釀酒，葉、果、皮、根都可以用來入藥。,,桑材仔
,娘仔樹,桑樹。木本植物。葉子可以用來飼養蠶，果實可以生吃或是釀酒，葉、果、皮、根都可以用來入藥。,,娘仔欉
,娘仔繭,蠶繭。,,娘仔觳
,娘仔繭,蠶繭。,,娘繭
,套話,用話設計引誘別人說出真相。,,套口供
,套話,用話設計引誘別人說出真相。,,釣話
,套話,用話設計引誘別人說出真相。,,抐話頭
,島,海中或湖中被水圍繞的陸地。,,島嶼
,孫仔,孫子。兒子的兒子或泛稱兒女的子女。,,孫
,孫仔,姪子、姪女。稱兄弟或同輩男性親友的兒子或泛稱姪女兒。,,姪
,師仔,指徒弟或小學徒。,,門人
,害去,壞掉。,,歹去
,家私,做工用的工具或道具，也泛指具有一定功能的工具。,,家私頭仔
,展風神,炫耀、誇耀。,,愛展
,徒弟,門生、學徒。指跟從師傅學習的人。,,門人
,徒弟,門生、學徒。指跟從師傅學習的人。,,門徒
,旅行,遊歷。為遊覽或辦事到各地去。,,遊覽
,時辰,時候。,,時候
,時辰,時候。,,時機
,捙拚,指兩方人馬彼此之間的拚鬥較勁，多半帶有挑釁的意味。,,大捙拚
,旅客,旅行的人。,,遊客
,挽救,補救。,,補救
,捌想,懂事、明辨、思慮。,,捌代誌
,料算,預料、推算。,,推算
,桑材,桑樹。木本植物。葉子呈卵形，葉緣有粗鋸齒狀，可以用來飼蠶。樹皮可以製作紙張，材質堅硬，可以製作家具。果實可食用和製成中藥。,,桑材仔
,桑材,桑椹、桑葚。桑樹的果實。,,桑材仔
,柴桶,木桶。用木柴做成的水桶、水盆。,,水桶
,柴桶,木桶。用木柴做成的水桶、水盆。,,捾桶
,浮石,一種可以浮在水中或是水面的石頭，質地輕而且堅硬，是火成岩的一種，或是由胞孔動物的骨骼所形成。工業應用上可以用來做過濾器、隔音牆、擦拭金屬的材料，也可以作中藥。,,冇石
,海埔,海埔地、潮埔。潮流搬運沙泥堆積於潮間帶，所形成寬闊平坦的泥地。,,海塭
,海島,海洋上的島嶼。,,島嶼
,浴桶,浴缸。洗澡用的大木桶。,,浴池
,浪費,沒有節制、無益的耗費。,,債挩
,烏油,機油。機器的潤滑油。,,機油
,特殊,特別。不同於一般，不平常的事物。,,非常
,狸猫,狸子。哺乳動物。體型大小像貓，頭部有黑色條紋，身體有黑褐色斑點，尾部有橫紋，性情凶猛，捕食鳥、鼠、蛇、蛙等小動物。,,山狸仔
,疼某菜,牛蒡。草本植物。根及嫩葉可食，種子、根還可用做藥物，能降火解毒。因有滋陰補陽的功效，丈夫可多買給妻子吃，為妻子補身，且自己食用，也有助於房事，所以稱為「疼某菜」。,,牛蒡
,真心,誠心。真實的心意。,,誠心
,破布子,朴子、樹子。植物名。紫草科破布子屬。落葉喬木。初夏結子，滿樹纍纍如小粒佛珠般。依成熟度的差異，果實分為黃、橙、青等色，以黃色成熟度最佳，青色較生澀。醃漬後可當做佐飯的配菜或做為烹調用的調味，富含膠質。,,甘樹子
,破布子,朴子、樹子。植物名。紫草科破布子屬。落葉喬木。初夏結子，滿樹纍纍如小粒佛珠般。依成熟度的差異，果實分為黃、橙、青等色，以黃色成熟度最佳，青色較生澀。醃漬後可當做佐飯的配菜或做為烹調用的調味，富含膠質。,,朴子
,破格,八敗命、掃把星。形容人在命理上有缺陷，常帶來霉運將事情搞砸，或是常說負面的言語。和華語中的「破格」意思不同。,,八敗
,神主牌仔,靈牌、神主。設位致祭時所用的死者或祖先的靈牌。多為木製，狹長形，上面書寫死者姓名；後來泛指一切作為祭祀對象的牌位。,,神主牌
,神主牌仔,靈牌、神主。設位致祭時所用的死者或祖先的靈牌。多為木製，狹長形，上面書寫死者姓名；後來泛指一切作為祭祀對象的牌位。,,牌位
,笑容,笑嘻嘻的面容、含笑的面容。,,笑面
,笑桮,陽筊。祭祀或占卜擲杯筊，兩個都是平面向上的情況。「笑」是借音字，為「面朝上」之意。民間則有「說明不清、神佛主意未定，所以微笑以對」的詮釋。,,無桮
,納稅,繳納稅賦。,,完租
,納稅,繳納稅賦。,,完稅
,粉腸仔,豬的十二指腸。腸內有白色粉狀物，吃起來口感特別，為臺灣小吃攤中常見的小菜。,,粉腸
,罟,漁網。,,罟仔
,罟,撈。用漁網在水中撈魚蝦。,,撈
,罟,撈。用工具在水中撈東西。,,撈
,翁,丈夫。女人稱與自己有婚姻關係的男子。,,夫婿
,紡車,紡紗機。由輪軸帶動、轉動的紡紗器具。,,紡車仔
,翁某,夫妻、夫婦、伉儷。,,翁婆
,紙條,用來留言、備忘的便條紙。,,便條紙
,紙牌,紙製的娛樂用品，可以當作賭具，如撲克牌、四色牌等。,,十胡仔牌
,紙牌,紙製的娛樂用品，可以當作賭具，如撲克牌、四色牌等。,,雜色牌
,臭丸,樟腦丸。用樟腦製成的小球。方便攜帶，可以殺蟲、避臭氣。,,樟腦丸
,草地人,鄉下人、村夫。指住在鄉下的人。,,庄跤人
,臭油,煤油、燈油。從石油提煉出來，可以用來照明的油。,,水油
,臭油,煤油、燈油。從石油提煉出來，可以用來照明的油。,,燈油
,草埔,草坪、草場。長滿青草的平地。,,草坪
,草埔,草坪、草場。長滿青草的平地。,,草場
,草埔,草坪、草場。長滿青草的平地。,,草仔埔
,草索仔,草繩。,,草索
,臭殕,發霉。東西因為受潮而長出黑色的菌絲體。,,臭菇
,臭溝仔,稱疏通流水、排洩汙水的溝道。,,水溝仔
,臭煬,神氣、臭屁。常用於對他人的貶詞。,,愛展
,草蓆,用乾藺草編織而成的蓆子。,,蓆仔
,草霸王,牛筋草。草本植物。生命力特別強，只要有土的地方，都可以看到它的蹤跡。,,牛繏棕
,送上山,跟隨喪家的行列，將靈柩送到山上的墓地安葬。,,送上山頭
,財主,富翁。指有錢人。,,金主
,豈有此理,那有這種道理。通常用來表示憤怒。,,莫名其妙
,逃命,逃離危險環境以保全性命。,,避難
,財物,錢財和物品的總稱。,,資源
,討契兄,偷漢子。婦女與人通姦。,,偷咬雞
,退後,後退。向後移動。,,向後
,退婚,解除婚約。,,退親
,討債,浪費、蹧蹋。沒有節制、無益的耗費。,,無站節
,財源,錢財的來源。,,錢空
,起落,上下。,,上落
,退熱,退燒。,,退燒
,起碼,至少。,,上少
,討論,兩個人以上一起對事物等探討、研究並且尋求結論。,,研討
,起雞母皮,起雞皮疙瘩。因寒冷、害怕或聽到刺耳的聲音，皮膚上泛起小米般的小疙瘩。,,起毛管
,酒矸,酒瓶。,,酒罐仔
,酒配,下酒菜、酒菜。喝酒時用來配酒的小菜，如豆干、海帶等。,,酒菜
,酒瓶,裝酒用的瓶子。,,酒罐仔
,酒樓,供人飲酒或舉辦宴會的地方。,,大飯店
,酒樓,供人飲酒或舉辦宴會的地方。,,餐廳
,配頭,配料。烹煮食物時所用的配菜。,,菜跤
,高麗菜,葉菜類。葉子又寬又厚，互相抱合成圓形或者圓錐形，可以食用。特別是可以用來醃製泡菜，味道十分鮮美。,,包心菜
,高麗菜,葉菜類。葉子又寬又厚，互相抱合成圓形或者圓錐形，可以食用。特別是可以用來醃製泡菜，味道十分鮮美。,,玻璃菜
,做大水,水災、淹水。,,做水災
,做生理,做生意。經營商業，買賣物品。,,做買賣
,偷咬雞仔,紅杏出牆。指已婚婦女與其他男子有不正常的交往關係。,,偷咬雞
,偷食步,作弊、投機取巧。利用時機、不守規定、不按部就班而獲取利益。,,暗計
,偃倒,推倒。,,捒倒
,偏偏,故意、唱反調。,,故意
,假銀票,偽鈔。,,假錢
,動土,挖地。指開始土木工程。,,破土
,區別,差別。,,差別
,匏桸,匏瓜曬乾挖空製成的水瓢。,,葫蘆瓢
,商量,交換意見。,,協商
,參詳,商量、交換意見。,,研討
,啖糝,零食、零嘴。,,啖糝仔
,夠工,夠本。付出勞力後所得的工資值回代價。,,夠本
,國內,本國。國家領土以內的範圍。,,本國
,堆肥,含有肥力的動、植物、礦物質與化學肥料等混合堆積，經過腐化而成的肥料。,,有機肥
,堅乾,乾枯變硬。,,堅痡
,埠頭,沿海的市鎮或是鄉野間的商業地區、市鎮。,,市鎮
,將近,十分靠近、快要接近。,,欲倚
,將近,十分靠近、快要接近。,,接近
,專權,專橫、專斷。,,獨占
,得勢,得到權位、獲得有利的形勢。,,占風頭
,帶膭,懷孕。,,掛膭
,挲,安撫、打圓場、平息紛爭。,,安搭
,情形,事情所呈現的狀態。,,情況
,情形,事情所呈現的狀態。,,狀況
,徛屏,屏風。室內用來擋風、隔間或遮蔽的用具。,,屏風
,情勢,事情的狀況發展和趨勢。,,形勢
,情勢,事情的狀況發展和趨勢。,,狀況
,徛算,可以算作。就算作……、就當作……。,,權算
,徛算講,就好像說、也就是說。,,當做講
,捻,植物的果實和莖或枝相連接的部位。,,捻頭
,掀,翻閱書本。,,反
,掀,翻閱書本。,,翻
,救人,救命。,,救命
,採用,選取任用。,,採取
,掠痧,刮痧。一種傳統民俗醫療方式。用錢幣或小圓餅狀的東西蘸水或油刮擦患者的胸部、背部和頸部，使皮膚紅紫，局部充血，以減輕中暑現象和疼痛。其原理就是利用按摩人體的胸腺而增加血液循環及產生免疫力。,,掠痧筋
,掃塗跤,掃地。,,掃地
,掛意,掛念、介意。心中有繫念，將不愉快或憂慮之事存於心中，而不能釋懷。,,掛念
,掃墓,上墳。祭掃墳墓。大多是在清明節前後到先人的墳墓打掃、祭拜。閩南地區的風俗還有壓墓紙，表示幫先人換屋瓦。有一些在墓地附近放牛羊的牧童會前來乞討祭品，稱作「挹墓粿」(ip-bōng-kué)。,,上墓
,掃墓,上墳。祭掃墳墓。大多是在清明節前後到先人的墳墓打掃、祭拜。閩南地區的風俗還有壓墓紙，表示幫先人換屋瓦。有一些在墓地附近放牛羊的牧童會前來乞討祭品，稱作「挹墓粿」(ip-bōng-kué)。,,揫墓
,探墓厝,掃墓。,,行山
,探墓厝,掃墓。,,祭墓
,捲螺仔旋,漩渦。,,絞螺仔水
,桸,杓子。用來舀水的器具。,,桸仔
,桶仔,桶子。圓柱形的盛物器具，用木頭、鐵皮、塑料等製成。,,水桶
,桶仔,桶子。圓柱形的盛物器具，用木頭、鐵皮、塑料等製成。,,亞鉛桶
,桶柑,瓜果類。橘子的一種品種，皮厚汁少，原產於大陸嶺南，裝在桶子裡出售，所以叫「桶柑」，因為它生產的時間剛好在春節的前後，所以又叫「年柑」(nî-kam)。,,年柑
,涼水,清涼的飲料。,,冰水
,淮山,山藥。根莖類。一種高級的薯類食品，為中藥帖所謂四神之一，以往曾以中國河南淮陽的淮山地區所產山藥最具代表性，於是將山藥稱為淮山。,,山藥薯
,淮山,山藥。根莖類。一種高級的薯類食品，為中藥帖所謂四神之一，以往曾以中國河南淮陽的淮山地區所產山藥最具代表性，於是將山藥稱為淮山。,,山藥
,淮山,山藥。根莖類。一種高級的薯類食品，為中藥帖所謂四神之一，以往曾以中國河南淮陽的淮山地區所產山藥最具代表性，於是將山藥稱為淮山。,,柱薯
,清心,清爽、愉快。,,清爽
,清寒,清貧、貧寒。,,貧戶
,清數,算帳。清理帳目。,,清算
,淡薄仔,一點點。微量的、些微的。,,淡薄
,猛火,極為強烈的大火。,,熱火
,現世,丟臉、丟人現眼。,,卸面子
,猛將,勇將。勇猛的戰將，常用來稱讚某人很有魄力等。,,勇將
,現象,事情的發展狀況、東西的狀態。,,狀況
,眼力,見識。辨別事物是非好壞的能力。,,目識
,略仔,稍微、約略。,,小略仔
,盒仔餅,訂婚禮餅。指盒裝禮餅、喜餅禮盒。現代人大多以西餅為主，用西式或日式的喜餅來代替傳統的大餅。,,觳仔餅
,眼前,目前、現在。,,現在
,略略仔,稍微、約略、些許。,,小略仔
,甜蜜,形容食物的味道甜得像蜂蜜一樣。大多比喻生活過得幸福愉快。,,蜜甜
,窒倒街,到處都有、充斥四處。貨物多到把整條街塞得滿滿的，用來比喻東西非常多。,,規大堆
,細,小。,,小
,粗俗貨,便宜貨。品質不高、不精細，價值又不貴的貨品。,,俗仔貨
,粗俗貨,便宜貨。品質不高、不精細，價值又不貴的貨品。,,俗物仔
,脫箠,出差錯、出狀況。個人在無意間出差錯、發生不合常理的行為或狀況。,,出箠
,設緣投,指女人養小白臉。,,搧緣投
,逝,路程、路途。,,途
,透日,整天、整日。,,規日
,這站,這陣子、現在。說話當時的前後一段時間或一個節點。,,現在
,連紲,連續、接連不斷。,,相紲
,這過,這次。,,這擺
,這聲,這下子、這回。這一次、就在這時候。,,這改
,這聲,這下子、這回。這一次、就在這時候。,,這擺
,部下,部屬、屬下。軍隊或團體裡被統率的人。,,屬下
,部下,部屬、屬下。軍隊或團體裡被統率的人。,,部屬
,部份,全體中的局部；整體裡的一些個體。,,局部
,頂勻,上輩。上一輩、上一代。,,頂沿
,頂日,前幾天、前幾日。前天往前算的幾天。,,前工
,頂月,上個月。,,頂月的
,頂月,上個月。,,頂個月
,頂月日,上個月。,,頂個月
,頂冬,去年。,,頂年
,陷坑,陷阱。為捕捉野獸而挖掘的深坑。引申為害人的計謀。,,陷阱
,陰桮,陰筊。求神擲筊時，平面的兩面都朝下，表示未獲神的認可或允諾。,,無桮
,陰間,民間傳說人死後靈魂所去的地方。,,地府
,陰間,民間傳說人死後靈魂所去的地方。,,陰府
,陰曆,陰曆。根據月球繞地球公轉的周期所制定的曆法，又稱為「太陰曆」。如回教世界通行的回曆，一年有三百五十四或三百五十五天。漢族傳統的農曆則屬於「陰陽合曆」。,,農曆
,麻油酒,麻油雞。以薑及大量的麻油、米酒燉雞，是一道常見食補，產婦坐月子時必備的藥膳。,,麻油雞
,傑出,才能出眾，高出一般人之上。,,出人前
,喙下斗,下巴、下顎。,,下斗
,喙下斗,下巴、下顎。,,下頷
,喙水,口才。,,口才
,喜劇,有圓滿結局的戲劇或是用誇張手法引人發笑的戲劇。,,喜齣
,割稻仔尾,坐享其成。原意為收割稻子，引申為罵人不勞而獲。,,斬稻仔尾
,喙瀾,口水、唾液。由口腔黏膜與唾腺分泌液混合而成的黏液。,,喙瀾水
,喉鐘,小舌、懸雍垂。口腔內軟顎中央的一個圓錘形物體。,,嚨喉鐘仔
,圍巾,圍在脖子上的長條形領巾。具有保暖、禦寒、裝飾等功用。,,領巾
,報仇,報復。用行動來打擊仇敵以發洩心中的怨恨。,,報冤仇
,單身,獨身無家室之累的人。,,獨身
,單身,獨身無家室之累的人。,,羅漢跤仔
,單身,獨身無家室之累的人。,,獨身仔
,報復,報仇。對傷害自己的人以類似的手段進行反擊。,,報冤仇
,圍牆,護牆。房屋的護牆，用來分界的牆。,,竹圍
,就是,就是、正是。表示確定的語氣詞。,,正是
,寒衫,冬衣、冬裝。冬天所穿的厚重衣服。,,寒天衫
,寒著,著了涼，傷風感冒。,,傷風
,悲哀,悲傷，哀痛。,,哀傷
,悶悶,形容身體不舒服、微微發痛的樣子。,,悶悶仔
,悲傷,悲哀、傷痛。,,哀傷
,悲慘,形容很悽慘、不幸的狀況。,,不幸
,悲劇,以不幸遭遇為主題的戲劇；在情節布局中主角的命運往往產生逆轉，而引起觀眾的同情。也可用來比喻悲慘的事物。,,哭齣
,掌握,控制。在權限範圍內支配運用。,,控制
,提頭,發起、帶頭。,,發起
,提頭,發起、帶頭。,,𤆬頭
,惡霸,惡棍、地痞。獨霸一方的壞人。在地方上為非做歹，欺壓民眾的人。,,地頭蛇
,散,零星的。,,小票
,散工,下班。工作結束。,,下班
,散工,零工。沒有固定工作地點或是固定雇主的工人。,,短工
,握手,彼此伸手互相握住，是見面時的禮節，也可以表示親近或信任。,,扲手
,景色,風景、景致、景物。,,風景
,散赤,貧窮、窮困。缺乏錢財，生活拮据困乏。,,散食
,散食人,窮人。指收入所得比一般水準來得低的人。又作「散赤人」(sàn-tshiah-lâng)。,,散赤人
,斑馬,哺乳動物。馬的一種。毛淡黃或銀白色，身上有二色相間的斑紋，是群棲動物。非洲為主要產地。,,花斑馬
,散票,零鈔、小鈔。小額的紙幣，不包含硬幣。,,細百
,摒貨底,把存貨用極低的價格賣掉，通常為出清存貨。,,大俗賣
,散學,放學、下課。,,放學
,揣頭路,找工作。,,覓頭路
,棑仔頭,渡頭、碼頭、船埠。渡船靠岸的地方。,,渡船頭
,期待,希望、盼望。,,盼望
,期限,某一個限定的時間點。,,限期
,期間,在特定的期限內。,,限期
,渡口,渡口、渡頭。有船筏擺渡的碼頭。,,渡船頭
,減省,儉省、節省。,,儉用
,減省,儉省、節省。,,儉省
,欺負,欺悔、欺凌。,,侮辱
,渡頭,渡口。渡船的碼頭。,,渡船頭
,無大無細,沒大沒小、沒禮貌。,,無禮貌
,無大無細,沒大沒小、沒禮貌。,,無禮數
,無代無誌,沒事、沒怎樣。通常用在說人反應過度或做了多餘、不該做的事。,,無按怎
,無半絲,全無。一點兒也沒有，是加重語氣的用法。,,攏無
,無半項,一樣東西都沒有。引申指人一無所知、一無是處、無能的樣子。,,攏無
,無所謂,不要緊、沒關係。,,袂要緊
,無空,沒道理。無意義、不合情理的。,,無空榫
,無相干,不相干、沒有關係。,,無關係
,煮食裙仔,圍裙。煮飯時圍在身上防止弄髒衣服的掛布。,,圍身裙
,無夠重,不夠重、重量不足，也引申為看不起人。,,看人無點
,無張持,突然、冷不防。形容情況發生急促且出人意料之外。,,突然間
,無張持,不小心。沒注意到。,,無小心
,無張持,不小心。沒注意到。,,無注意
,無細膩,不小心。,,生猴
,無傳,無子嗣。傳統觀念認為若沒有生下男孩就不算有後代，無法傳續家中的香火。,,絕嗣
,無較縒,沒有用。,,無效
,無論,不論、不管。,,不管
,滋養,滋補保養。,,保養
,無鹹無纖,形容食物淡而無味，過於清淡。,,無鹹無汫
,無攬無拈,無精打采、沒精神，提不起勁的樣子。,,無聊無賴
,番,未開化之人，或指外族。,,番仔
,番仔火,火柴。細小的短木條；以蘸有磷、硫等易燃物質那端摩擦外物，便能燃出火來。,,火拭仔
,番仔火,火柴。細小的短木條；以蘸有磷、硫等易燃物質那端摩擦外物，便能燃出火來。,,火擦
,畫巡,畫線。,,畫痕
,畫巡,畫線。,,畫逝
,畫尪仔,畫圖。以畫人偶泛稱畫圖。,,畫圖
,發性地,發脾氣、發怒。,,發火
,番麥,玉米、玉蜀黍。穀類。一年生草本植物，莖高兩、三公尺，葉子長而大，果實可供食用或製成澱粉。,,玉米
,番薑仔,辣椒。草本植物。品種有辛辣、甜味兩種，富含維他命C及胡蘿蔔素。辛辣品種的果實成熟時呈紅色，可以用來調味；甜味品種果粒大，可以當作蔬菜食用。,,辣椒
,番薑仔,辣椒。草本植物。品種有辛辣、甜味兩種，富含維他命C及胡蘿蔔素。辛辣品種的果實成熟時呈紅色，可以用來調味；甜味品種果粒大，可以當作蔬菜食用。,,薟薑
,硯,磨墨用的石盤。,,墨硯
,硬篤,困難、艱鉅。,,麻煩
,結合,彼此相聯合。通常用來指男女雙方聯姻。,,結婚
,結果,事物的最後結局或歸宿。,,結局
,翕熱,悶熱。,,熇熱
,菝仔,番石榴、芭樂。瓜果類。葉對生，花白色，可以食用，是富含維生素Ｃ的水果。,,林菝
,菠薐仔,菠菜。葉菜類，葉子略呈三角形，根部紅色，葉嫩綠，有甜味，含有豐富的鐵質。可供作蔬菜食用。,,菠薐
,菠薐仔,菠菜。葉菜類，葉子略呈三角形，根部紅色，葉嫩綠，有甜味，含有豐富的鐵質。可供作蔬菜食用。,,菠薐仔菜
,菜擴,大頭菜。根莖類。甘藍菜的一種，莖部肥大成圓球狀，口感如同瓜果，可煮湯。,,結頭菜
,蛤仔,田蛙、青蛙。兩棲類動物。頭寬扁、闊嘴、大眼。背部呈青綠色，腹部灰白，表皮光滑。有蹼，善跳躍、游泳。,,四跤魚
,貿工,承包、包攬。由個人或公司承辦一切工作，且須按所有議定的條件和期限完成。,,包工程
,貿工,承包、包攬。由個人或公司承辦一切工作，且須按所有議定的條件和期限完成。,,貿工事
,貿工,承包、包攬。由個人或公司承辦一切工作，且須按所有議定的條件和期限完成。,,貿工程
,貴重,寶貴、珍貴。,,珍貴
,貴氣,指因為價值高，而會被特別珍惜。,,粗氣
,超過,過分。超越適當的分量。,,過份
,進口,入口、輸入。外國或外地的東西輸入、賣到本地。,,入口
,鄉土,家鄉、故鄉。原意為家鄉的土地，借指家鄉。,,家鄉
,鄉里,家鄉、故鄉。,,家鄉
,鄉里,家鄉、故鄉。,,家園
,間,表示二者之中。,,之間
,閒仔話,閒話。評論他人是非的言語。,,閒話
,量其約,大概、大約。,,量其約仔
,量其約,大概、大約。,,量約仔
,陽曆,陽曆。根據地球繞太陽公轉的周期所制定的曆法，又稱為「太陽曆」。,,國曆
,閒錢,多餘不急用的錢。,,閒仔錢
,閒錢,多餘不急用的錢。,,冗剩錢
,順利,未遭到困難而完成。,,順事
,黃豆,大豆。曬乾的毛豆。表皮呈現黃色的豆類，可用來製做豆腐、豆漿等食物。,,大豆
,順風,送行、餞別。也用來祝人旅途順利。,,送行
,階級,社會學上稱社會中地位、生活標準與價值觀念相近的群體。,,階層
,階級,等級、層級。,,階層
,順從,遵從、依從。,,順服
,黃魚,魚名。多分佈在中國大陸東南海域，體側及背部灰黃色，腹部金黃色，肉質鮮美，各種烹調皆適宜，臺灣沿海較少見，馬祖海域較常捕獲。目前市面上販售者大多為養殖的黃魚。,,黃瓜
,飯菜,食物。米飯和菜餚，主食和副食的合稱。,,菜飯
,飯篋仔,飯盒、便當盒。,,便當盒仔
,飯篱,笊篱。一種用來舀飯去米汁，有篩孔的杓子。,,笊籬
,勢力,權勢。權力、威勢。,,權勢
,亂使,胡亂、隨便。,,亂亂
,亂來,胡鬧。隨便、胡為亂做。,,亂使來
,傳後嗣,傳宗接代。,,傳香煙
,傳染,疾病由某一個體侵入另外一個個體。可分為直接接觸的直接傳染，以及需靠媒介傳播病菌的間接傳染。,,穢
,亂鐘仔,鬧鐘。,,琴鐘仔
,亂鐘仔,鬧鐘。,,鬧鐘仔
,嫁娶,男婚女嫁之事。結婚。,,結婚
,搬厝,搬家。,,徙厝
,搬運,把東西移動或運送到別的地方。,,移徙
,新曆,本國採用之世界通行新曆法，屬「陽曆」的一種，以別於漢族傳統通行的「舊曆」。,,國曆
,暗光鳥,貓頭鷹。禽鳥類。頭部有角狀的羽毛，眼睛大，白天潛伏，夜晚才出來覓食，以麻雀、老鼠等動物為食，常在夜裡發出淒厲的叫聲，迷信的人認為是不吉利的一種鳥。,,鴣黃
,暗班,晚班。於夜晚工作的班次，多指深夜工作。,,夜工
,暗班,晚班。於夜晚工作的班次，多指深夜工作。,,夜班
,暗眠摸,黑漆漆、一片漆黑。形容很黑很暗，什麼都看不到。,,暗墨墨
,會得通,可以、得以、能夠。,,會通
,暗漠漠,黑漆漆。形容非常黑暗的樣子，完全看不見。,,暗墨墨
,暗趖趖,黑漆漆。形容漆黑一片。,,暗墨墨
,暗趖趖,黑漆漆。形容漆黑一片。,,暗挲挲
,歇工,停工。,,停工
,溝仔,水溝。疏通流水的溝道。,,水溝仔
,溪仔墘,河岸、溪畔。溪河的岸邊。,,溪墘
,歇冬,放寒假。,,放冬
,溢奶,漾奶。嬰兒由於發育未成熟，胃和食道間不能完全阻隔，所以胃裡的奶水易反流而從嘴溢出。,,吐奶
,溢刺酸,指人體中胃酸逆流的現象。,,呃刺酸
,準拄好,扯平。互不相欠，有「算了」的意思。,,兩抵償
,溫柔,溫和柔順。,,溫和
,溪哥仔,溪哥、粗首。魚名。屬鯉科，體型約十五公分長，成雄魚身上有約十條的淺藍色條紋。分佈於臺灣各溪流中下游及湖泊，是臺灣特有的溪魚。,,石兵仔
,歁歁,呆呆笨笨的。,,歁大呆
,溫馴,溫順、溫和。溫和馴良、平和不粗野。,,溫和
,歲頭,歲數、年齡。指年齡的大小。,,年齡
,溫罐,熱水瓶、保溫瓶。一種日常用品。外殼通常以鐵皮或塑料等做成，內裝瓶膽。瓶膽由雙層玻璃製成，夾層中的兩面鍍上水銀等金屬，中間抽成真空，瓶口有塞子，可在較長時間內保持瓶內溫度。,,燒水罐
,溫罐,熱水瓶、保溫瓶。一種日常用品。外殼通常以鐵皮或塑料等做成，內裝瓶膽。瓶膽由雙層玻璃製成，夾層中的兩面鍍上水銀等金屬，中間抽成真空，瓶口有塞子，可在較長時間內保持瓶內溫度。,,燒罐
,溫罐,熱水瓶、保溫瓶。一種日常用品。外殼通常以鐵皮或塑料等做成，內裝瓶膽。瓶膽由雙層玻璃製成，夾層中的兩面鍍上水銀等金屬，中間抽成真空，瓶口有塞子，可在較長時間內保持瓶內溫度。,,溫瓶
,照呼照行,依約行事。依照之前說好的來進行。,,照品照允
,照呼照行,依約行事。依照之前說好的來進行。,,照品照行
,碌硞馬,小孩子所乘坐的玩具木馬，能夠前後晃動。,,碌硞馬仔
,義子,經由收養或拜認而非親生的兒子。,,義囝
,義子,經由收養或拜認而非親生的兒子。,,螟蛉
,節省,節約。,,儉用
,節省,節約。,,儉省
,節脈,把脈。一種診察脈象的方法。用食指、中指和無名指三指端，按在被檢查者橈動脈約手掌後一寸的地方，探查脈象變化。,,摸脈
,經跤經手,指做起事來纏手纏腳的。,,纏跤纏手
,腡,手指上螺旋狀的指紋。,,指頭仔痕
,腸,腹腔消化器官之一，有消化及吸收的功能。,,胃腸
,落,花時間、下工夫。,,下
,落䈄,竹子或甘蔗等的節距較長。,,落目
,落人的喙,落人口實。即遭受他人的批評。,,犯人欹
,落尾手,後來、最後。,,煞尾
,落南,南下。到南方、向南方行進。,,回南
,落屎,拉肚子、腹瀉。,,瀉腹
,落屎星,流星、賊星。星名。夜晚快速飛越天空的輝亮星體。原為太空中漂浮的塵埃、碎片，進入地球大氣層後，與空氣摩擦燃燒發光，而形成如箭的光跡。,,疶屎星
,落屎星,流星、賊星。星名。夜晚快速飛越天空的輝亮星體。原為太空中漂浮的塵埃、碎片，進入地球大氣層後，與空氣摩擦燃燒發光，而形成如箭的光跡。,,流星
,落胎,流產。,,小產
,落胎,流產。,,走胎
,落第,留級。學生的學業成績未達升級標準，而留在原來的年級重讀。,,留級
,落臉,丟臉、沒面子。,,失面子
,落臉,丟臉、沒面子。,,無面子
,葉,植物的一部分。生於枝幹上，專營呼吸、蒸發等作用。,,樹葉
,試看,試一試、試試看。,,試覓
,試看覓,試試看。,,試覓
,試鹹汫,試味道。,,試鹹淡
,跤手,手段、伎倆。,,奸計
,跤仔,嘍囉、部下。小角色、跑腿的。,,細漢的
,資本,本錢、本金。,,財本
,跤帛,裹腳布。舊時女子纏足用的布條。,,纏跤布
,誠意,真心、誠心。,,誠心
,誠實,真實的、真的。,,真的
,跤鼻臁,腳的脛骨。,,跤臁
,跤頭趺,膝蓋。大腿與小腿相連處的外部關節。,,跤頭碗
,誠懇,老實、忠厚。形容對人真誠而懇切的樣子。,,誠心
,過,傳染。,,穢
,較大面,可能性比較大。,,大約
,過手,過關、完成目標。,,過關
,較早,以往、以前。,,早日
,較早,以往、以前。,,當年
,較車,飆車。,,飆車
,過往,過去。,,過去
,過面,過關、脫離險境、平安通過難關。,,過關
,過時,退流行，不合時宜。,,退時行
,道理,事情的真理。,,真理
,道理,理由、事由。,,理由
,過喙,傳話、轉述。,,寄喙
,過磅,指超過了基本的數量或規定。,,超過
,過磅,指超過了基本的數量或規定。,,過度
,過磅,指超過了基本的數量或規定。,,過頭
,閘屏,屏風。室內用來擋風或隔間、遮蔽的用具。,,屏風
,頓手,握手。,,扲手
,頓椅頓桌,用力捶桌子、椅子，表示強烈的抗議、反對。,,搭椅搭桌
,頓椅頓桌,用力捶桌子、椅子，表示強烈的抗議、反對。,,摔椅摔桌
,隔轉工,翌日、隔天。,,第二工
,電罐,熱水瓶、保溫瓶。一種日常用品。外殼通常以鐵皮或塑料等做成，內裝瓶膽。瓶膽由雙層玻璃製成，夾層中的兩面鍍上水銀等金屬，中間抽成真空，瓶口有塞子，可在較長時間內保持瓶內溫度。,,燒水罐
,鼓勵,用言語或舉止來鼓舞勉勵別人。,,鼓舞
,摖,刷子。指可捏在手中的小型刷洗用具。又稱「摖仔」。,,摖仔
,慢火,文火、微火或小火。,,䆀火
,慷慨,大方而不吝嗇。,,大手面
,慢慢仔,緩緩地、緩慢地。,,勻仔
,慢慢仔是,慢慢來。安撫人的話語，叫人別著急。,,勻勻仔是
,慢慢仔是,慢慢來。安撫人的話語，叫人別著急。,,聊聊仔是
,敲電話,打電話。,,摃電話
,敲電話,打電話。,,鼓電話
,歌手,以唱歌為業的人。源自日語「歌手（かしゅ）」。,,歌星
,滾水罐,熱水瓶、保溫瓶。一種日常用品。外殼通常以鐵皮或塑料等做成，內裝瓶膽。瓶膽由雙層玻璃製成，夾層中的兩面鍍上水銀等金屬，中間抽成真空，瓶口有塞子，可在較長時間內保持瓶內溫度。,,燒水罐
,漆,油漆。,,油漆
,漩尿,小便。男子排尿的動作。,,放尿
,漩尿,小便。男子排尿的動作。,,小便
,演講,演說、講演。,,演說
,演講,演說會。,,演說
,漢醫,中醫。,,中醫
,漢藥,中藥。中醫所用的藥物。,,中藥
,漢藥店,中藥鋪。中醫診治疾病和販賣中藥材的地方。,,中藥店
,漚鬱熱,悶熱。天氣熱，空氣不流通。,,漚翕熱
,算袂和,划不來。不合算、不值得。,,袂和盤
,管區的,在負責的管區內，執行例行巡邏勤務的警察。,,警察仔
,算無盤,不划算、划不來。,,袂和盤
,綴會仔,跟會。參加民間的互助會。,,份會仔
,蝕月,月蝕、月食。地球運行到太陽與月球之間，三者正好成一直線時，地球陰影遮蔽月球，使月亮上出現黑影的現象。又作「月蝕」(gue̍h-sit/ge̍h-sit)。,,天狗食月
,說謝,道謝。用言語表示謝意。,,道謝
,遠,時間、空間的距離大，或是血統、交情等關係不近。,,偏遠
,遠,時間、空間的距離大，或是血統、交情等關係不近。,,遙遠
,遛手,失手，握不住物體。,,走手
,遛疕仔,小鬼、小鬼頭。對小孩不客氣的稱呼。,,小鬼
,遛疕仔,小鬼、小鬼頭。對小孩不客氣的稱呼。,,囡仔鬼
,銀票,鈔票。也就是紙幣。,,紙字
,輕視,歧視、看不起。用不公平的眼光、角度看待別人。,,看無目地
,踅踅唸,喋喋不休。一直重複嘮叼不停，說來說去都是說一樣的話。,,㴙㴙唸
,骰仔,骰子。一種遊戲或賭博用的小方塊。六面分別刻上一、二、三、四、五、六點，一、四漆紅色，其餘為黑色。,,三六仔
,儉儉仔用,節用、節儉、節省。,,儉用
,儉儉仔用,節用、節儉、節省。,,儉省
,噗,東西凸起來。,,膨
,噗,形容東西凸凸的。,,膨
,影,看一眼、注意一下。,,看
,廚子,廚師。掌理廚房烹飪事務，並以此為職業的人。,,煮食師傅
,廟公,廟祝。主管廟內香火事務的人。,,宮公
,廟公,廟祝。主管廟內香火事務的人。,,廟祝
,廟寺,寺廟、寺院。佛寺的通稱。,,寺院
,寬寬仔是,慢慢來。叫人不要著急。,,勻勻仔是
,寬寬仔是,慢慢來。叫人不要著急。,,聊聊仔是
,撞,碰擊、擊打。,,挵
,數念,想念、掛念、懷念。,,掛念
,熟似,熟識。素來認識。,,相識
,澎湖菜瓜,稜角絲瓜、角瓜。瓜果類。是澎湖特產的絲瓜，外表有條溝狀花紋，下大上小，呈圓錐狀。質脆味美，和臺灣絲瓜大相逕庭。因為有十個稜角，所以又叫「十捻」，和「雜唸」諧音，有句歇後語「澎湖菜瓜──十捻」，就是從這個意象引申出來的。,,角瓜
,潤餅𩛩,春捲。將麵糰攤薄烙熟後，捲包五花肉絲、豆芽、香菜、紅蘿蔔絲及筍絲等製成的食品。,,潤餅
,瘦卑巴,瘦巴巴、瘦骨如柴。,,瘦疕疕
,盤話,爭論、鬥嘴。,,觸喙
,窮,貧乏、貧困。,,貧
,窮,貧乏、貧困。,,貧
,稻草,稻子收成之後剩下的枯莖，可以用來編織、蓋屋、造紙或做為飼料、燃料等。,,稻稿草
,磕袂著,動不動就……。,,磕未著
,緣故,因由、原因。,,原因
,寸棗,寸棗。一種中式油炸點心，長度大約一寸。在過年時，常和「冬瓜糖」(tang-kue-thn̂g)、「生仁」(sing-jîn)、「糕仔」(ko-á)等混在一起成為點心拼盤。,,糋棗仔
,練痟話,胡說八道、隨便亂說話。,,講戇話
,線路,路線。交通工具所經過的途徑。,,路線
,蝦米,去殼晒乾的小蝦子。,,金鉤蝦
,蔥頭,洋蔥。草本植物。原產在地中海東岸、西亞細亞、伊朗。葉子中空，形狀像蔥但很細。花小，色白。長在地下的鱗莖也稱為「洋蔥」，為扁球狀，紅紫色或白、褐等色，可供食用。,,大頭蔥
,褒嗦,恭維。用正面、肯定的言語對別人稱讚、誇獎。,,褒囉嗦
,調養,調理保養。,,保養
,請,邀約。,,邀約
,踏斗,睡床前的踏腳臺。,,跤踏枋
,豬母奶仔,馬齒莧。草本植物。莖下部匍匐，平臥地面，葉小，呈倒卵形，上面深綠，下面較淡，邊有薄翅，性耐旱，味酸性寒。多生於路旁、荒地，以前的養豬人家多常用來餵豬，以促進泌乳。,,豬母奶
,豬母奶仔,稜果榕。木本植物。樹皮灰白色，光滑，葉有柄，呈卵形或橢圓形，葉面有透明腺點。果實為扁球形，綠色，表面有稜和多數斑點，因為乳汁很多，所以稱為「豬母奶仔」。,,豬母奶
,趣味,興趣。,,興趣
,踏枋,舊式床鋪前所放置的長形小凳子或小櫃子，可以蹬腳，也可以當作鞋櫃使用。,,跤踏
,踏枋,舊式床鋪前所放置的長形小凳子或小櫃子，可以蹬腳，也可以當作鞋櫃使用。,,跤踏枋
,豬油粕仔,用高溫把豬的肥肉爆出豬油之後剩下的脂肪渣滓。,,豬油粕
,豬跤麵線,豬腳麵線。豬腳與麵線一起煮成的食物，民間習俗認為吃豬腳麵線可以去除霉運。過生日的時候也常食用豬腳麵線，象徵長壽。,,壽麵
,遷居,搬移住所。,,徙厝
,養的,對養子女的泛稱。,,乞的
,養的,對養子女的泛稱。,,分的
,養的,對養子女的泛稱。,,抱的
,齒抿仔,牙刷。,,齒抿
,魟魚,"魟魚。魚類。身體扁平，略呈圓形或菱形，尾部細長呈鞭狀，有毒，被刺中會疼痛。喜歡棲息在泥砂底層的海域。澎湖諺語「一魟、二虎、三沙門、四板午……」(it hang, jī hóo, sann sua-mn̂g, sì pán-ngóo……)，意思是凡是被這幾種魚刺到，都會令人吃不消，而排名第一的就是「魟魚」。",,魟仔魚
,噯仔,嗩吶。樂器名，一種吹奏樂器。以木管為身，由細漸粗，上開八孔。木管上端為一細銅管，前端可套以葦製哨子，木管末端套接一個喇叭形的銅管。音色高亢宏亮。,,小吹
,噯仔,嗩吶。樂器名，一種吹奏樂器。以木管為身，由細漸粗，上開八孔。木管上端為一細銅管，前端可套以葦製哨子，木管末端套接一個喇叭形的銅管。音色高亢宏亮。,,笛仔
,擔,以肩挑物。,,扛
,擂鼓,打鼓。,,拍鼓
,燒金,燒紙錢。祭拜之後將供奉的紙錢拿去焚燒，獻給鬼神。一般分燒金紙與燒銀紙；前者祭拜神明，稱為「燒金sio-kim」；後者獻給鬼魂，稱「燒銀紙sio gîn-tsuá/sio gûn-tsuá」。,,燒紙錢
,燒金,燒紙錢。祭拜之後將供奉的紙錢拿去焚燒，獻給鬼神。一般分燒金紙與燒銀紙；前者祭拜神明，稱為「燒金sio-kim」；後者獻給鬼魂，稱「燒銀紙sio gîn-tsuá/sio gûn-tsuá」。,,燒銀紙
,獨獨,僅僅、只有。,,單單
,糖含仔,一種含在嘴裡的小糖球。,,含仔糖
,興衰,興盛與衰微。,,衰旺
,興衰,興盛與衰微。,,興敗
,膨鼠,松鼠。外形像老鼠但大些，尾巴長且膨鬆，常棲於樹上，吃果實。,,膨尾鼠
,褪齒,換牙。乳齒逐一脫落，由恆齒長出替換的現象。一般人在六歲到八歲時開始換牙，十二歲到十四歲時全部換成恆齒。,,換喙齒
,諞仙仔,騙子、郎中。指用謊話或詭計去陷害別人的人。,,諞仙
,親密,親近。關係親近密切。,,接近
,親戚,血親和姻親的總稱。,,血親
,親愛,關係密切、情感深厚。,,心愛
,貓頭鳥,貓頭鷹、夜鴞。禽鳥類。眼睛大而圓，肉食性，晝伏夜出，捕捉鼠、麻雀等小動物。,,鴣黃
,貓頭鳥,貓頭鷹、夜鴞。禽鳥類。眼睛大而圓，肉食性，晝伏夜出，捕捉鼠、麻雀等小動物。,,貓頭鷹
,貓霧光,曙光出現時的光亮。,,天欲光
,扮公伙仔,扮家家酒。一種常見的兒戲。小孩間各自扮演家庭腳色，擬構各種情節進行遊戲，可單人玩，也可以多人玩。,,扮公家伙仔
,扮公伙仔,扮家家酒。一種常見的兒戲。小孩間各自扮演家庭腳色，擬構各種情節進行遊戲，可單人玩，也可以多人玩。,,扮家伙仔
,遺書,死者所遺留下來的文字。,,手尾字
,遺產,人死後所遺留下來的一切財產。,,祖公屎
,遺產,人死後所遺留下來的一切財產。,,祖公產
,鋸鑢仔,銼刀。用鋼鐵製成，上面有細齒，可用來磨銅、鐵、竹、木等物品的工具。,,鋸鑢
,錯手,失手。不小心而造成的錯誤。,,走手
,錢桌仔,指小錢莊、錢攤子。,,七洋八洋
,錢桌仔,指小錢莊、錢攤子。,,錢架仔
,錦蛇,爬蟲類動物。身體有美麗的花紋，體型巨大，常達三公尺以上，不具毒性，通常用身體將獵物勒死後吞食。多分布於熱帶森林中。,,山剌
,錦蛇,爬蟲類動物。身體有美麗的花紋，體型巨大，常達三公尺以上，不具毒性，通常用身體將獵物勒死後吞食。多分布於熱帶森林中。,,蝻蛇
,錢袋仔,錢袋、錢包。,,錢橐仔
,錢袋仔,錢袋、錢包。,,錢囊仔
,錢筒仔,撲滿、存錢筒。,,錢筒
,錢櫃,金櫃、金庫。,,金櫃
,頭,居前的領導人物。,,王
,頭人,首領、領袖。,,𤆬頭的
,骿支骨,肋骨。人或高等動物胸腔兩側弓形的扁骨。前端有軟骨連接兩邊，後端和脊柱相接，形成胸廓，有保護胸腔內臟及控制呼吸的作用。,,排仔骨
,頭牙,土地公生日。漢族傳統民俗節日之一。農曆二月初二。這天是土地公生日，也是農曆年後第一次祭祀土地公，所以該次的祭祀土地公稱做「頭牙」。,,土地公生
,頭前,前面、前方。指空間、次序上比較先的。,,面前
,頭疼,比喻事情很麻煩、難以解決，令人感到煩惱或討厭。,,頭殼疼
,頭陣,最前面的隊伍、先鋒。,,先鋒
,骿條骨,肋骨。人或高等動物胸腔兩側弓形的扁骨。前端有軟骨連接兩邊，後端和脊柱相接，形成胸廓，有保護胸腔內臟及控制呼吸的作用。,,排仔骨
,頷頸,脖子。,,頷仔頸
,優美,優雅、美好。形容人、事物、動作優婉嫻雅，令人產生舒服的美感。,,優雅
,優點,好處、長處。,,好處
,應公仔,在墓場的某處發現的無主骨灰，供起來參拜的對象。,,百姓公
,應公仔,在墓場的某處發現的無主骨灰，供起來參拜的對象。,,萬善公
,應用,實用。,,實用
,彌補,補足、補償。,,補償
,檢查,檢驗查看。,,查驗
,濟少,多多少少。,,多少
,牆仔,圍牆。頂端無蓋，不能擋風雨，只做為分界的牆。,,牆圍仔
,牆圍,圍牆。,,牆圍仔
,糞口,肛門。,,尻川空
,糞口,肛門。,,尻川頭
,總計,合計。,,合計
,總舖師,指大廚師。,,煮食師傅
,總舖師,指大廚師。,,總舖
,總額,總數、合計。統括合計的數目。,,總數
,罾,漁網。以數條繩索綁住網子數點，再將繩索集中吊起漁網，漁網中放誘餌再沉入水裡，一段時間後把漁網拉起，即有魚蝦困在漁網內。,,魚罾
,聲勢,聲威和氣勢。,,範聲
,薟薑仔,辣椒。,,辣椒
,薟薑仔,辣椒。,,薟薑
,趨,傾斜。,,斜
,謄本,文件的抄本或副本。,,戶口抄本
,講白賊,說謊、撒謊。,,講嘐潲
,講嘐潲話,吹牛、說大話、胡說八道。,,講嘐潲
,講演,演講。向大眾講述自己對於某個問題的見解。,,演說
,蹊蹺,怪異、違背常情。,,憢疑
,蹊蹺,怪異、違背常情。,,怪奇
,隱瞞,遮瞞。隱藏事實的真象，不讓別人知道。,,瞞崁
,黜塗機,挖土機、推土機。可以挖掘沙土或岩石的機械車，通常也可以進行堆積搬運的作業。,,𣁳仔車
,鼢鼠,鼴鼠。哺乳動物。一種體型較大的鼠類，能潛地而行。以甘薯、花生、豆類等植物的地下部分為食。對農牧業的危害很大。,,鼢地鼠
,黏黐黐,黏答答。形容黏黏溼溼的樣子。,,𣻸捋捋
,擲㧒捔,丟掉。,,摒挕捒
,擲㧒捔,丟掉。,,擲挕捒
,檫仔,掛軸、掛像。,,掛軸
,斷腦筋,大腦出血性中風。病名。因中風引起腦出血，導致不省人事或身體癱瘓，甚至死亡的疾病。,,腦充血
,舊曆,農曆。漢族傳統通行的曆法，屬「陰陽合曆」的一種。大月三十天，小月二十九天；平年一年十二個月，閏年十三個月。,,農曆
,翻頭,回頭再來。,,翻箍
,藏水沬,潛水。,,藏沬
,轉來,回來。,,倒轉來
,醬瓜仔,用醬醃漬的瓜類食品。,,醬瓜
,雞卵卷,蛋卷。用雞蛋、麵粉等原料調勻烘培，捲成長圓形的食品。,,捲枝仔
,雜差仔工,非正式、不固定的打雜工作。,,工友
,雜差仔工,非正式、不固定的打雜工作。,,雜差仔
,雜貨,什貨。日常生活中各式各樣的零星貨品。,,雜貨仔
,雞榆,臺灣櫸木。木本植物。臺灣上等木材名稱。,,雞油
,鎮煞,鎮邪。用法術或符咒鎮壓邪魔鬼怪。,,制煞
,額頭,眉毛上方，頭髮下方的部分。,,頭擴
,鯉魚,魚類。嘴的外觀呈鈍圓形，有長短觸鬚各一對。脊鰭長、尾鰭分叉。以水草及魚蝦貝類為食物。現在大多以人工飼養為主，主要做為食用魚。,,𩸙魚
,鯊魚,魚類。身體為紡錘形，稍扁，胸、腹鰭大，尾鰭發達。生活在深海中，性凶猛，行動敏捷，經濟價值高。,,大鯊
,嚨喉空,咽喉、喉管。位於嘴、鼻孔後面；食道和氣管之間，具有多個孔道的囊狀區域。,,喉空
,嚨喉蒂仔,小舌、懸壅垂。位於口內上顎，軟口蓋後端的小肌肉，呈圓錘形狀。,,嚨喉鐘仔
,懶屍,懶惰。,,貧惰
,懶屍,懶惰。,,貧惰骨
,懷胎,懷孕。,,有囡仔
,懷胎,懷孕。,,有矣
,簽約,雙方訂定合約，並在合約上簽名蓋章，以表示同意。,,契約
,羅漢跤仔,無家可歸的流浪漢。,,單身
,羅漢跤仔,無家可歸的流浪漢。,,獨身仔
,寶惜,珍惜、愛惜。,,惜寶
,寶惜,珍惜、愛惜。,,愛惜
,瀾垂,指掛在胸前，用來防止口水滴落的圍巾。,,流瀾垂
,瀾垂,指掛在胸前，用來防止口水滴落的圍巾。,,食巾仔
,瀾垂,指掛在胸前，用來防止口水滴落的圍巾。,,瀾垂仔
,競爭,為了自己方面的利益或目的，而與人爭勝。,,鬥相賽
,競爭,為了自己方面的利益或目的，而與人爭勝。,,鬥贏
,贏面,上風、勝算、優勢。指處於有利的形勢或環境。,,較有面
,警察,依法維持公共秩序，保護社會安寧的治安人員。,,警察仔
,饒赦,饒恕、原諒、寬恕。,,寬恕
,鰗鰡,泥鰍。溫帶淡水魚類。體形圓長，腹部扁平，背部蒼黑色，腹部淡褐色或灰黃色，用腸管吸氣，肛門排氣。全身無鱗片，黏滑難捉。,,魚鰡
,鰗鰡,泥鰍。溫帶淡水魚類。體形圓長，腹部扁平，背部蒼黑色，腹部淡褐色或灰黃色，用腸管吸氣，肛門排氣。全身無鱗片，黏滑難捉。,,旋鰡
,攝屎,小氣、吝嗇。,,鹹掛澀
,鐵枝路,鋪設鐵軌，供火車、電車通行的道路。,,鐵路
,鰮仔魚,沙丁魚。魚名。下顎較上顎略長，背蒼腹白，肉質鮮美，多製為罐頭食品。,,鰮
,鰮仔魚,沙丁魚。魚名。下顎較上顎略長，背蒼腹白，肉質鮮美，多製為罐頭食品。,,臭肉鰮
,囉嗦,囉哩囉嗦。一直說個不停。,,囉哩囉嗦
,籠,關。,,關
,籠,套。,,疊
,讀冊人,文人、讀書人、知識份子。,,文人
,變更,改變。變動更改。,,變動
,變空,搞鬼、耍花招、做手腳。,,變空變榫
,體諒,設身處地為別人著想，並且能諒解對方。,,體念
,鱙仔魚,俗名為「鱙仔」。魚類。體延長成圓筒狀，腹部圓而無稜鱗，吻尖圓，上頜短，延長止於上鰓蓋骨前緣，腹鰭位於背鰭起點前方，臀鰭短，鰓耙細長發達。背青黑色，腹面銀白，各鰭半透明。多製成魚乾，炒辣椒或煮湯調味用。,,白骨鱙
,箅仔骨,肋骨。人或高等動物胸腔兩側弓形的扁骨。前端有軟骨連接兩邊，後端和脊柱相接，形成胸廓，有保護胸腔內臟及控制呼吸的作用。,,排仔骨
,鱸鰻,流氓。破壞社會秩序或組織幫派的不法分子。,,扦仔
,戇呆,愚蠢、愚笨。,,歁呆
,戇錢,用得毫無意義的錢。,,冤枉錢
,𡳞𦉎,雄性動物被包皮包覆的陰莖。,,𡳞鳥頭
,𡳞𦉎,雄性動物被包皮包覆的陰莖。,,戛仔頭
,𡳞核,睪丸。雄性生殖器官的一部分，形如卵狀，藏在陰囊中，是製造精子的地方。,,𡳞核仔子
,𡳞神,形容男性個性起伏大、不正經，帶點輕佻。,,𡳞神氣
,𩵱仔,馬鱍魚。魚類。喜歡棲息在沙泥底質地形中，在臺灣沿岸、河口、紅樹林等半淡鹹水域中可以看到蹤跡。每年秋末到來年初春是主要的漁期，是高經濟價值魚種。,,𩵱仔魚
,𪁎雞,公雞、種雞。發春期的公雞。,,𪁎雞鵤
,䆀指,無名指。,,老指
,𨑨迌囡仔,小混混、不良少年。,,浮浪貢的
,𨑨迌囡仔,小混混、不良少年。,,浪蕩囝
,㨑,逮到、捉到。通常用在抓到別人的把柄。,,張
,㨑,逮到、捉到。通常用在抓到別人的把柄。,,掠
,𤶃,青春痘、面皰。,,𤶃仔子
,𤶃仔,青春痘。病名。因皮脂腺分泌過多脂肪，及皮膚毛囊的角質異化使角質素、細菌堵塞毛孔，而在皮膚上產生小痘或黑頭的疾病。,,𤶃仔子
,𦊓,漁網的一種，為固定式的長網。,,𦊓仔
,㴘麵,用熱水燙煮過又涼掉的麵。,,煮麵
,𩸙,鯉魚。魚類。嘴的外觀呈鈍圓形，有長短觸鬚各一對。脊鰭長、尾鰭分叉。以水草及魚蝦貝類為食物。現在大多以人工飼養為主，主要做為食用魚。,,𩸙魚
,𩸙仔,鯉魚。魚類。嘴的外觀呈鈍圓形，有長短觸鬚各一對。脊鰭長、尾鰭分叉。以水草及魚蝦貝類為食物。現在大多以人工飼養為主，主要做為食用魚。,,𩸙魚
,𣁳,杓子、水瓢。,,瓢
,䢢拄䢢,正巧、碰巧、剛剛好。,,拄拄仔好
,𤺪,身體上疲倦、疲憊的樣子。,,𤺪𤺪
,𤺪,身體上疲倦、疲憊的樣子。,,𤺪頭
,𤺪,心理上覺得厭倦、厭煩。指經常或過多的接觸而產生。,,𤺪𤺪
,𤺪,心理上覺得厭倦、厭煩。指經常或過多的接觸而產生。,,𤺪頭
,一大拖,一大堆、很多。,,一大堆
,大端,大方、賢淑、端莊。,,大範
,大端,大方、賢淑、端莊。,,大段
,五四三,沒有意義、沒有內容的話。,,冇談
,半中央,中央，中間。,,半上路下
,半中央,中央，中間。,,半中途
,本居地,本籍。源自日語。,,本居
,本居地,本籍。源自日語。,,本籍
,含血霧天,含血噴人。用不實的指控、惡毒的言語誣蔑陷害人。,,含血噴天
,沙耙,沙耙。耙沙的耙子。,,沙耙仔
,牢鼎,沾鍋。煎炒烹煮食物時，因為油太少、火候不當、翻攪不足等因素而導致部份食材燒焦，沾黏在鍋子上。,,夾鼎
,牢鼎,沾鍋。煎炒烹煮食物時，因為油太少、火候不當、翻攪不足等因素而導致部份食材燒焦，沾黏在鍋子上。,,夾鍋
,定親,訂婚、文定。男女雙方在結婚前締定婚約的儀式。,,過定
,拊仔,橡皮擦。用橡皮製成，可擦掉筆跡的文具。,,樹奶拭仔
,拊仔,橡皮擦。用橡皮製成，可擦掉筆跡的文具。,,擦仔
,拊仔,橡皮擦。用橡皮製成，可擦掉筆跡的文具。,,石拭仔
,拍火車,消防車、救火車。裝備有各種消防工作的機械器具，為搶救火災及其他災害而設計的汽車。,,消防車
,拍火車,消防車、救火車。裝備有各種消防工作的機械器具，為搶救火災及其他災害而設計的汽車。,,消防組車
,明品,事前口頭明確約定。,,明呼明唱
,雨撇仔,雨刷。,,雨捽仔
,雨撇仔,雨刷。,,雨抿仔
,前世人,前世、上輩子。,,頂世
,後過,下次。將來。,,後改
,後過,下次。將來。,,後回
,挕捒,扔掉、丟棄。,,摒挕捒
,挕捒,扔掉、丟棄。,,擲掉
,倒退攄,旭蟹，又名海臭蟲。因其行走時以尾殼方向倒著走，而得名「倒退攄」，或稱作「倒退鱟(tò-thè-hāu)」。,,蝦蛄頭
,高長,高大、大塊頭。,,高長大漢
,高長,高大、大塊頭。,,高長四壯
,鬥榫,安裝榫卯。,,穿榫
,接神,迎接神佛。,,接尪
,晚冬,二期稻作。,,穩仔冬
,晚冬,二期稻作。,,穩冬
,晚冬,二期稻作。,,十月冬
,晚冬,二期稻作。,,下冬
,涼的,冷飲或冰品的總稱。,,冰水
,涼的,冷飲或冰品的總稱。,,冰的
,淋碭,上釉。,,敆釉
,淘井,清浚井中的沉積物。,,清井
,硩年錢,壓歲錢。,,過年錢
,筊場,賭場。,,筊窟
,筊場,賭場。,,跋筊場
,塗沙粉,灰塵。也常說「塗沙粉仔」。,,塗粉仔
,塗沙粉,灰塵。也常說「塗沙粉仔」。,,塗沙粉仔
,新正年頭,農曆春節期間。,,新年頭
,會失禮,賠不是。,,坐不是
,會失禮,賠不是。,,會不是
,靴管,雨鞋。,,雨鞋
,實頭,頭腦不靈光。,,實頭實腦
,算會和,划算、划得來。,,會和盤
,管仔粿,紅豆餅、車輪餅。,,車輪粿
,管仔粿,紅豆餅、車輪餅。,,紅豆餅
,粿模,粿印。專門用來做糕粿類食品的印模。,,糕仔印
,澹水地,沼澤地。,,湳仔
,澹水地,沼澤地。,,湳地
,趨冰,溜冰。,,跙冰
,懶性,懶散。拖拖拉拉的性情，做事不積極。,,懶相
,鰇魚鬚,以魷魚的觸手製成的零食。,,鰇魚絲
,鬱熱,悶熱。,,漚翕熱
,鬱熱,悶熱。,,漚熱
,鬱熱,悶熱。,,漚翕
,鬱熱,悶熱。,,齷齪熱
,菜鹹,醃漬物。常用來當做開胃的小菜。,,菜母
,菜鹹,醃漬物。常用來當做開胃的小菜。,,鹹淘
,一疕仔,一小片、一點點。形容微不足道，帶有貶義。,,一絲仔
,人額,人數。也指人數相應的份額。,,人份
,人額,人數。也指人數相應的份額。,,人數
,人懸漢大,大塊頭。形容人的身材高大。,,高長大漢
,三角六肩,走路的時候聳動肩膀，使高低變化而大搖大擺，好像很跩的姿態。,,三角肩
,上無,至少、起碼。,,上少
,下晝頓,午飯、午餐。,,下晝飯
,大人大種,老大不小。常用來指責人行為舉止不夠成熟。,,大母人大母種
,大人大種,指責舉止不像成人的成人。,,大母人大母種
,大百,大筆錢、大把鈔票。形容金額很大筆。,,大錢
,大百,大鈔。大面額的鈔票。,,大百的
,大百,大鈔。大面額的鈔票。,,大張
,大身大命,身懷六甲、大腹便便。形容懷孕的女人行動變得遲緩不方便的樣子。,,大身命
,大注,巨款。,,大注錢
,大細腎,連襟。稱謂。姊妹的丈夫彼此互稱。,,同門的
,大細腎,連襟。稱謂。姊妹的丈夫彼此互稱。,,大細仙
,大嚨喉空,形容說話的聲音很大。,,大聲野喉
,反口供,翻供。改變原來的供詞。,,反供
,反口供,翻供。改變原來的供詞。,,翻口供
,反形,異於平時的狀況、態度等。,,反相
,反形,性格、行為一反常態。,,反相
,天公地道,天地間原本如此而不容改變的道理。非常公平公道。,,直理直路
,少年人,年輕人。,,少年的
,心狂火熱,心急如焚。,,心狂燥熱
,手蹄仔,手心。手的中心部分。也說成「手蹄」(tshiú-tê)。,,手心
,手縫櫳,手指間的縫隙大，民俗命理認為有這種手相的人容易漏財。引申形容出手大方，愛花錢的人。,,手縫疏
,月圍箍,月暈。月亮周圍有月暈。月亮周圍出現光圈。,,月戴笠
,歹吉兆,凶兆。壞的預兆。,,歹彩頭
,歹吉兆,凶兆。壞的預兆。,,歹頭彩
,毋成囡仔,發育不良的小孩。,,黃酸囡仔
,水尺,水準尺。測看物體表面是否水平的水準尺。,,水秤
,水尺,水準尺。測看物體表面是否水平的水準尺。,,水平尺
,水窟仔,水坑。,,水窟
,水鉎,水鏽、水垢。,,水垢
,牛角𨂿仔,天牛。昆蟲名。,,牛角𨂿
,牛角𨂿仔,天牛。昆蟲名。,,山牛犅
,牛貫,耕牛的穿鼻環。,,牛鼻環
,牛貫,耕牛的穿鼻環。,,牛鼻圈仔
,牛聲馬喉,破嗓子。形容人歌聲難聽。,,狗聲乞食調
,仝心,同心、齊心。,,𫝛心
,仝沿,同輩、同儕、平輩。可指同年齡層或同輩份。,,仝勻
,仝沿,同輩、同儕、平輩。可指同年齡層或同輩份。,,仝輩
,冊局,書局。,,書店
,冊局,書局。,,書局
,半丁,不成材的人。,,䆀才
,半丁,不成材的人。,,軟母仔
,半丁,病夫。體質孱弱容易生病的人。,,破病丁
,半丁,病夫。體質孱弱容易生病的人。,,病猴
,去倒,往返、來回。,,往回
,去倒,往返、來回。,,來回
,司公仔象桮,字面上說一個是道士，一個是筊杯，用來比喻形影不離的兩個好朋友或關係密切的人。,,司公象桮結相黏
,司公仔象桮,字面上說一個是道士，一個是筊杯，用來比喻形影不離的兩個好朋友或關係密切的人。,,童乩桌頭
,司公仔象桮,字面上說一個是道士，一個是筊杯，用來比喻形影不離的兩個好朋友或關係密切的人。,,褲帶結相黏
,外埠頭,外地、外鄉鎮。,,外庄頭
,布幼仔,碎布。,,布尾
,白虎湯,通稱猛藥，引申指不得已時所採取的激烈手段。,,尾帖藥
,白虎湯,通稱猛藥，引申指不得已時所採取的激烈手段。,,拍拚藥
,目空赤,眼紅、嫉妒。,,目赤
,目空赤,眼紅、嫉妒。,,目紅
,目睭遮,眼罩。,,目睭掩
,交落身,流產。,,小產
,交落身,流產。,,走胎
,在室的,沒有性經驗的。,,在室女
,在膽,膽子大、不畏怯。,,有膽
,在膽,膽子大、不畏怯。,,有膽量
,在欉的,指水果剛從樹上摘下來。,,現挽的
,在欉的,指水果剛從樹上摘下來。,,在欉黃的
,在欉的,指水果剛從樹上摘下來。,,在欉紅的
,好代,好事、善行事。,,好事
,好代,好消息。,,好事
,成格,室內隔間裝潢。,,間格
,成格,室內隔間裝潢。,,造作
,收煞,收場。,,收場
,有路無厝,"單身漢。""有路""是指單身一個人時想做什麼、想到哪裡，都隨時可以去做或前往；""無厝""代表的是還沒有一個穩定的家庭。因此引申為單身狀況。",,羅漢跤仔
,有路無厝,"單身漢。""有路""是指單身一個人時想做什麼、想到哪裡，都隨時可以去做或前往；""無厝""代表的是還沒有一個穩定的家庭。因此引申為單身狀況。",,羅漢跤
,死殗殗,死翹翹、往生。屬於較為俚俗的說法。,,死翹翹
,死體,屍體。源自日語「死体（したい）」。,,屍體
,竹模,竹叢。,,竹部
,肉幼仔,肉屑。,,肉屑
,肉幼仔,亦指息肉或皮贅。,,零星肉
,肉繭仔,用網紗油裹肉餡後油炸的一種肉卷。「肉繭仔」為南部人的稱呼。,,繭仔
,肉繭仔,用網紗油裹肉餡後油炸的一種肉卷。「肉繭仔」為南部人的稱呼。,,肉卷
,肉繭仔,用網紗油裹肉餡後油炸的一種肉卷。「肉繭仔」為南部人的稱呼。,,網紗卷
,佛手柑,佛手柑。又稱香櫞。植物名，芸香科，常綠喬木。葉互生，長橢圓形。花白色而厚，有芳香。果實成熟時會分裂成細長彎曲的果瓣，狀如手指，故名佛手柑。可做藥物或食品原料，果皮與花均可提取香油。,,香櫞
,冷嗽,因風寒引起的咳嗽，患者的痰多是白色而且稀薄，流出鼻涕也如清水。,,凊嗽
,呔會,怎麼會、豈會。為偏漳腔地區詞彙。,,盍會
,坐毋著,賠不是。,,坐不是
,坐毋著,賠不是。,,會不是
,孝尾囝,遺腹子。婦人懷孕之後，丈夫不久過世，所生的子女。,,孝尾
,孝尾囝,遺腹子。婦人懷孕之後，丈夫不久過世，所生的子女。,,孝尾仔
,孝尾囝,遺腹子。婦人懷孕之後，丈夫不久過世，所生的子女。,,孝尾仔囝
,見效,收效。指一種方式產生了效果。,,見功效
,赤焱焱,炎熱。常用於形容陽光酷烈。,,炎熱
,走標,賽跑。,,鬥走
,走學,逃學、翹課。,,走書
,車斗,機車的置物箱。,,車箱仔
,卸世卸眾,丟人現眼。,,卸面子
,卸世卸眾,丟人現眼。,,卸世上
,孤佬,孤僻。,,孤孀
,孤鳥,孤落單的鳥。比喻孤獨的人。,,孤雞仔
,彼當陣,那時、那陣子。常合音為「向陣」hiàng-tsūn。,,彼當陣仔
,彼當陣,那時、那陣子。常合音為「向陣」hiàng-tsūn。,,向陣仔
,抽懸,抽高。人在發育期明顯長高。,,拔骨
,抾肉幼仔,引申坐享其成。,,抾便的
,拍鳥帽,英國式鴨舌帽、狩獵帽。本詞源自日語「鳥打帽」(とりうちぼう)。帽頂平，向前方下斜，前沿底下有稍微突出的帽舌。日治時代引進臺灣，風行一時。,,拍鳥帽仔
,放銃,開槍。,,開銃
,武車,指早期以載貨功能為主，車身較大、較重，貨架也較大，騎乘時較為穩定的腳踏車或機車。,,載貨車
,武車,指必須以腳踏打檔的機車。,,拍速車
,狗鯊,向婦人講性騷擾的話。,,痟貓
,花條馬,斑馬。,,花斑馬
,金鑠鑠,形容物體的顏色閃閃發亮。,,金閃閃
,金鑠鑠,形容物體的顏色閃閃發亮。,,金爍爍
,門口埕,前庭、前院。,,門埕
,門口埕,前庭、前院。,,前埕
,門口埕,前庭、前院。,,頭前埕
,門後臼,傳統漢式建築中，門柱後用來承接門軸的下門臼。,,門下臼
,門後臼,傳統漢式建築中，門柱後用來承接門軸的下門臼。,,門下栿
,𨑨迌印仔,一般的印章。不是做為證明、有法律效用的印鑑。,,便印仔
,咱人,指農曆。可以說是「咱人的曆日」(lán-lâng ê la̍h-ji̍t)的簡略說法，是臺灣人原本使用的傳統曆法，相對於日治時代日本人引進的新式曆法。,,農曆
,品並,誇耀、現寶。,,品寶
,客滿,客滿。,,滿員
,屎面,板著臉。難看、不悅的臉色。,,歹面腔
,巷仔內的,行家、內行人。「巷仔內」本指巷子裡，和「行仔內」(hâng-á-lāi)諧音相關，用於指某行業、領域內的行家、專家。,,內行人
,硩墓紙,掃墓祭拜後，將墓紙壓置於墳塋上的慣俗；或泛指整個「掃墓」的習俗。,,獻紙
,硩墓紙,掃墓祭拜後，將墓紙壓置於墳塋上的慣俗；或泛指整個「掃墓」的習俗。,,硩紙
,硩墓紙,掃墓祭拜後，將墓紙壓置於墳塋上的慣俗；或泛指整個「掃墓」的習俗。,,挂墓紙
,柝仔頭,吝嗇鬼、小氣鬼。一毛不拔，捨不得出錢的人。,,竭仔頭
,柝仔頭,吝嗇鬼、小氣鬼。一毛不拔，捨不得出錢的人。,,竭仔哥
,柿霜,柿霜。柿子的果糖在柿餅上結的霜狀粉末，可以做藥，能止咳、化痰。,,柿霜粉
,流汗流洘,汗流浹背。,,流汗糝滴
,流汗流洘,汗流浹背。,,汗流汁滴
,為非糝做,胡作非為、為非作歹。,,為非作歹
,相揣,聯絡、互訪。,,相揣坐
,看袂上目,看不上眼、輕視。,,看無目地
,苦齣,悲劇、苦情戲。,,慘齣
,限時批,限時信。郵政用語，寄送時間較平信為短的信件。,,限時的
,香櫞瓜,佛手瓜。瓜果類，有塊狀根，葉子是五角的掌狀葉，葉心有卷鬚。果實為長橢圓形，形狀像佛手，顏色為淡綠色或淺黃色，可以食用。嫩莖和葉心卷鬚也可以食用，是土生龍鬚菜材料。,,香瓜仔
,原全,完整無缺、維持原樣。,,完整
,挽筋,一種民俗療法，遇人有中暑、頭暈、腹脹等痧症時，用雙指沾水為其捏擰肩頸或脊椎兩側的筋絡，使皮膚紅紫、局部充血，以增進氣血循環、舒緩症狀。類似「刮痧」療法的效果。,,掠痧筋
,捙倒,推翻。用力將豎立著的東西推倒，推翻。,,捒倒
,時計果,百香果。瓜果類。屬西番蓮科，多年生常綠蔓性植物，果肉酸甜可口。,,時鐘瓜
,烏白切,一種小吃。白水燙豬內臟、紅色粉腸、鯊魚煙、涼筍、章魚、透抽、魚卵、冷蟹、沙拉筍等等小菜，種類千變萬化，切塊沾蒜茸醬油吃。,,滷熟肉
,笑微微,笑瞇瞇。,,笑吻吻
,草地倯,土包子、鄉巴佬。戲稱沒見過世面、不懂規矩的鄉下人。,,庄跤倯
,草地倯,土包子、鄉巴佬。戲稱沒見過世面、不懂規矩的鄉下人。,,內山倯
,草囷,農家在屋外空地堆疊成的乾稻草堆。約一兩層樓高，通常是底圓上尖的涼亭狀，可隨時抽取一些乾草來做薪火、飼料、覆蓋菜畦等用途。,,草棚
,草囷,農家在屋外空地堆疊成的乾稻草堆。約一兩層樓高，通常是底圓上尖的涼亭狀，可隨時抽取一些乾草來做薪火、飼料、覆蓋菜畦等用途。,,草垺
,草囷,農家在屋外空地堆疊成的乾稻草堆。約一兩層樓高，通常是底圓上尖的涼亭狀，可隨時抽取一些乾草來做薪火、飼料、覆蓋菜畦等用途。,,草堆
,荏身命,天生體質虛弱，容易生病。,,虛身荏底
,起豹飆,拔腿狂奔。,,起豹風
,退流,退潮。,,水洘
,退流,退潮。,,水退
,退時,過氣、不再流行、不再受歡迎。,,退時行
,酒矸仔嫂,酒女、酒家女。在酒家陪客人飲酒的女子，是稍微客氣的說法。,,酒女
,酒矸仔嫂,酒女、酒家女。在酒家陪客人飲酒的女子，是稍微客氣的說法。,,酒家女
,鬼頭刀,鯕鰍。魚類。屬遠洋魚類，常活動在溫暖水域表層，體長可達一公尺多，是食用魚，肉白色，味道較淡，可做成生魚片、魚丸、魚鬆等加工食品。常追逐獵食飛魚，故有「飛烏虎」(pue-oo-hóo)的別名。,,飛烏虎
,剪蟲,衣魚、蠹魚。昆蟲名。以書的背膠、紙張或衣服纖維為食物，對人類造成困擾。,,剪蟲仔
,剪蟲,衣魚、蠹魚。昆蟲名。以書的背膠、紙張或衣服纖維為食物，對人類造成困擾。,,剪蚻
,剪蟲,衣魚、蠹魚。昆蟲名。以書的背膠、紙張或衣服纖維為食物，對人類造成困擾。,,冊龜仔
,捾定,男方擇定吉日，第一次向女家致送訂婚聘禮。,,過定
,捾定,男方擇定吉日，第一次向女家致送訂婚聘禮。,,小定
,捾定,男方擇定吉日，第一次向女家致送訂婚聘禮。,,小聘
,敗馬,出軌、拋錨。車子脫軌或因車胎爆裂而傾倒。,,跋馬
,敗馬,出軌、拋錨。車子脫軌或因車胎爆裂而傾倒。,,跋落馬
,欲晝仔,傍晌、晌午。接近中午的時候。,,日欲晝
,涵空龜,井底之蛙。涵洞裡的烏龜，比喻老是待在家裡，不愛出門的人；或是見識淺薄、孤陋寡聞的人。,,踮空龜
,涵空龜,井底之蛙。涵洞裡的烏龜，比喻老是待在家裡，不愛出門的人；或是見識淺薄、孤陋寡聞的人。,,鼓井水雞
,涵空龜,井底之蛙。涵洞裡的烏龜，比喻老是待在家裡，不愛出門的人；或是見識淺薄、孤陋寡聞的人。,,井底鮕鮘
,涼腔,風涼話。,,涼腔仔話
,清彩,形容人神清氣爽、舒暢愉快。,,精彩
,笨跤笨手,笨手笨腳。,,鈍跤鈍手
,規工,一整天、成天。,,規日
,規家伙仔,全家人。,,規家口仔
,設使,假使、如果。,,準若
,豚母,蔑稱不能生育的婦女。較文雅的說法是「石女」(si̍k-lú　又唸作tsio̍h-lú)。,,石女
,軟市,市場交易不熱絡。,,鈍市
,透底,澈底、透澈。,,澈底
,透濫,參雜混合。,,摻濫
,博士博,諷刺人愛賣弄知識。,,博土
,惡質,惡劣、邪惡、壞透、居心不良。,,毒心
,提囡仔,墮胎。,,墮胎
,敨放,解放。解除束縛，使自由發展。,,解放
,斑芝,木棉樹。木本植物。樹幹有瘤刺，枝條成輪狀向四周平伸開展。葉片平滑，花於初春開放，花朵豔麗，為橙紅色系。果子呈現橢圓形，種子上被棉毛，棉毛富有彈性，適合做枕頭、沙發等填充材料。,,斑芝樹
,湳仔地,溼地、沼澤地，也通稱含水份較多的土地。,,湳仔
,湳仔地,溼地、沼澤地，也通稱含水份較多的土地。,,湳地
,著獎,得獎。獲得獎賞。,,著等
,著獎,中獎。因彩券、獎券或統一發票等對中號碼，而獲得獎品或獎金。,,中獎
,貿貨底,把貨商賣剩的存貨用低價全部買下來。,,窮貨底
,韌命,有韌性、生命力強，經得起磨難。,,耐命
,順行,慢走、走好。客套話。送客或道别時，祝福要離去的對方一路順風。,,寬行
,黃目子,無患子，植物名。果皮可以用來做肥皂。,,黃目樹
,搝後跤,扯後腿、在背後阻撓、破壞，使人無法達到目的。,,扶後跤
,摃鼓,打鼓。,,拍鼓
,會毋著,賠不是。,,坐不是
,會跤,參加民間儲蓄互助會的一般會員，相對於發起人「會頭」(huē-thâu)而言。,,會仔跤
,歇睏日,假日。,,假日
,歇睏時仔,假日。,,歇睏日
,歇睏時仔,假日。,,假日
,準拄煞,算了、當做沒那一回事。,,準煞
,準拄煞,扯平。當做可以互相抵消、互不相欠。,,準煞
,煞煞去,罷了。就這樣算了，不要再計較了。,,煞了代
,矮仔冬瓜,矮冬瓜。對矮小的人的謔稱。,,矮仔猴
,矮仔冬瓜,矮冬瓜。對矮小的人的謔稱。,,矮仔
,矮仔冬瓜,矮冬瓜。對矮小的人的謔稱。,,矮仔鼓
,矮仔冬瓜,矮冬瓜。對矮小的人的謔稱。,,矮鼓丁
,碎鹽鹽,破碎不堪。形容破碎成顆粒狀或細碎片。,,碎溶溶
,禁尿,憋尿。忍住尿意不去小便。,,忍尿
,落漆,出糗、遜掉了。現代年輕人多用以比喻因為表現失常、失誤而令人感到難為情，有時也指小瑕疵、美中不足。,,落殼
,便若,凡是、只要。,,凡若
,恩情人,恩人、對自己有恩的人。,,恩人
,挨挨陣陣,摩肩接踵、擁擠雜沓。眾人成群結隊，場面很熱鬧。,,挨挨𤲍𤲍
,跤胴,膝蓋以下、腳踝以上的小腿前側。,,跤臁
,過鹹水的,舶來品。,,鹹水貨
,閘雨棚,遮雨棚。,,雨閘
,閘雨棚,遮雨棚。,,雨棚
,𠞭花,用刀子在豬腎臟或烏賊片上割劃花紋。這樣較快煮好，外觀、口感也較佳。,,剺花
,墓紙,清明掃墓時，壓在墳塋上，表示墳墓已經掃過的紙錢。,,墓錢
,墓紙,清明掃墓時，壓在墳塋上，表示墳墓已經掃過的紙錢。,,古仔紙
,寢頭,起初、起先。剛開始的時候。,,寢頭仔
,寢頭,起初、起先。剛開始的時候。,,拄開始
,對頭風,迎面而來的逆風。,,對面風
,對頭誤,互相誤解、互相耽誤了對方。,,相耽誤
,歌仔冊,歌仔冊。盛行於清末、日治、民國初期，臺灣、閩南、潮州等地區的民間俗文學，通常為約六十四開小冊，多以七字一句、四句一韻之形式成篇，題材包羅萬象，為臺灣重要俗文學資料。,,歌仔簿
,綿精,鍥而不捨、汲汲營營。為達目的，想盡辦法，堅持到底，有時甚至到糾纏不休惹人厭的程度。,,綿綿精精
,趖跤趖手,形容動作慢吞吞，拖拖拉拉，反應遲鈍。,,鈍跤鈍手
,輕便車,臺車。指以人力做為動力的輕便鐵道車，可用來載客或載少量貨物。它的架構是在路上舖設鐵軌，在木製平臺下裝上四個鋼輪，平臺四個角各插上一根竹竿，駕駛則手握後兩根竹竿藉以推車前進。是日治時代臺灣重要的交通工具。,,輕便
,墜腸,疝氣、脫腸、小腸串氣。,,大𡳞脬
,佈田花,杜鵑花。植物名。常綠灌木或落葉灌木，植株低矮，葉為互生或簇生，喜好陰涼、溼潤的環境。春天插秧時開花，才有「佈田花」之名。因為長滿絨毛的葉片，既能調節水分又能吸住灰塵，不怕都市污濁的空氣，常見栽植於公園或道路旁安全島，發揮清淨空氣的功能。為臺北市、新竹市的市花。,,滿山紅
,佈田花,杜鵑花。植物名。常綠灌木或落葉灌木，植株低矮，葉為互生或簇生，喜好陰涼、溼潤的環境。春天插秧時開花，才有「佈田花」之名。因為長滿絨毛的葉片，既能調節水分又能吸住灰塵，不怕都市污濁的空氣，常見栽植於公園或道路旁安全島，發揮清淨空氣的功能。為臺北市、新竹市的市花。,,報春花
,步頻,突然。,,無張無持
,稽考,考究、研究。,,究勘
,稽考,查究、計較。,,計較
,稽考,查究、計較。,,窮究
,練仙,閒談。,,冇談
,蓮花頭,蓮蓬頭。,,蓮苞頭
,蝦卷,蝦捲。,,蝦繭
,論真,說真的、其實、歸根究底、嚴格說起來。,,究真
,論真,說真的、其實、歸根究底、嚴格說起來。,,窮實
,豬母癲,癲癇。一種反覆出現陣發性的疾病。有時患者會突然昏倒，出現咬牙、口吐白沫、四肢抽搐等症狀。,,羊頭眩
,閬港,開溜。逃離現場。,,閬蹘
,閬港,開溜。逃離現場。,,溜閃
,閬港,開溜。逃離現場。,,辟走
,駐水,把東西的一部份短暫置入水中。,,浸水
,駐水,溺水。,,激水
,駐水,積水。,,積水
,激骨話,故意說與人不同的話。,,孽仔話
,激骨話,故意說與人不同的話。,,孽畜仔話
,燈仔花,朱槿、燈籠花。一種灌木，常用來做圍籬，花朵也是兒童辦家家酒的玩具。,,燈籃仔花
,踮沬,潛水。,,藏沬
,踮沬,潛水。,,沬水
,踮沬,潛水。,,藏水
,踮沬,潛水。,,藏頭沬
,踮沬,潛水。,,鑽沬
,頭較大身,頭部比身軀大。本末倒置。比喻次要的事情比主要的事情還要花費更多的心力、金錢等。,,媒人錢較貴聘金禮
,頭較大身,頭部比身軀大。本末倒置。比喻次要的事情比主要的事情還要花費更多的心力、金錢等。,,加冠禮較濟戲金銀
,頷頸珠,喉結。男性在青春期後，在頸部前面，由甲狀軟骨生成的隆起物。,,雄骨
,䆀氣,時運不佳。也指賭博的手氣不好。,,歹氣
,臨時臨曜,未事先備妥，事到臨頭、一時之間。,,臨時臨陣
,隱痀橋,拱橋。,,圓栱橋
,鮢鱖,鞍帶石斑魚。魚類。俗稱「龍膽石斑」。一種高經濟價值的食用魚，是石斑魚類中體型最大者，故也稱為「斑王」。「鮢鱖」是南部說法，北部講「石斑」。,,鮢鱖魚
,擺撥,擺平。常用於祈求神明解除災禍。,,排解
,舊症頭,老毛病、宿疾。有時也指過去的壞習癖。,,舊症
,舊症頭,老毛病、宿疾。有時也指過去的壞習癖。,,久年病
,薰觳仔,菸灰缸。容放菸灰或菸蒂的器皿。,,薰篋仔
,蟳膏,蟹黃。青蟹體內的卵巢和消化腺。色黃，可食，味道鮮美。,,蟳仁
,蟳膏,蟹黃。青蟹體內的卵巢和消化腺。色黃，可食，味道鮮美。,,蟳仔卵
,雙糕潤,雙糕潤。糯米磨成粉狀，與砂糖揉合，而後蒸製成菱形的飴糖。,,雙糕粿
,雙糕潤,雙糕潤。糯米磨成粉狀，與砂糖揉合，而後蒸製成菱形的飴糖。,,雙糕（仔）
,麒麟鹿,長頸鹿。哺乳動物。原產於非洲撒哈拉沙漠以南的平原地帶。外形與鹿相似，腿和頸部則較一般鹿來得長。毛色為淺黃色，並帶有淺褐色斑點。大多生活於平原和灌木地區，以金合歡屬植物的葉子為主要食物。,,長頭鹿仔
,鹹酸苦汫,泛指鹹味、酸味、苦味、淡味等各種不同的滋味，用以比喻人生的甜美、酸楚、痛苦、順遂、艱困等各種體驗。,,鹹酸苦澀
,攑香綴拜,無主見的人盲目跟隨他人行事。,,相趁相喊
,爛𤶃仔,發炎紅腫，甚至有膿包的青春痘。,,𤶃仔子
,鐵釘挽,拔鐵釘的工具。,,鐵釘夾
,儼硬,堅強。,,硬插
,儼硬,堅強。,,堅強
,聽好,可以、得以、大可。,,聽
,聽好,以便。,,通好
,變啥魍,搞什麼鬼、耍什麼花樣。,,變啥物魍
,變啥魍,搞什麼鬼、耍什麼花樣。,,變啥空
,變啥魍,搞什麼鬼、耍什麼花樣。,,變啥空頭
,變啥魍,搞什麼鬼、耍什麼花樣。,,變啥齣頭
,變無魍,搞不出花樣。,,變無路
,變無魍,搞不出花樣。,,變無空
,變無魍,搞不出花樣。,,變無撚
,豔色,顏色豔麗。,,豔麗
,鹽酸仔,臺灣酢醬草。,,鹽酸仔草
,鹽酸仔,臺灣酢醬草。,,醡母草
,鹽酸仔,臺灣酢醬草。,,醡漿草
,鹽酸仔,臺灣酢醬草。,,山鹽酸
,鑽水沬,潛水。,,藏沬
,鑽水沬,潛水。,,沬水
,鑽水沬,潛水。,,藏頭沬
,𣻸塌塌,非常黏滑、溼滑的樣子。,,𣻸肭肭
,好食睏,吃得下睡得香，過好日子。常引申指稱心如意。,,足心願
,好食睏,吃得下睡得香，過好日子。常引申指稱心如意。,,稱意
,隨人食,分家。,,分食
,隨人食,分家。,,分開食
,隨人食,分家。,,分家伙
,隨人食,分家。,,拆火灶
,隨人食,分家。,,拆火鼎
,大趁錢,發大財、賺大錢。常用來說好話祝福人發大財、賺大錢。,,趁大錢
,落空車,空車行駛。車子的去程或回程不載旅客或貨物。,,放空載
,做肉餅,當擋箭牌、當墊背的、當炮灰。指在利益分配或激烈競爭過程中被犧牲的個人或組織。,,做肉砧
,無局,無聊、乏味。,,無藝
,無局,無聊、乏味。,,無俗
,一時仔,一下子。一段不長的時間。,,一下仔
,山內,山裡、山上。,,山裡
,心內,心裡、心中。,,心肝內
,目尾,指眼神、眼色。,,目色
,目尾,指眼神、眼色。,,目箭
,官廳,衙門、政府機關。舊時常指政府官吏辦公及處理訴訟事項之處，也借指官方或主事的官吏。,,官府
,拄拄,剛好、正好、恰好。,,拄好
,拄拄,剛好、正好、恰好。,,拄拄仔
,拄拄,剛好、正好、恰好。,,拄千
,拄拄,剛剛、剛才、過沒多久。,,拄仔
,拄拄,剛剛、剛才、過沒多久。,,頭先仔
,做伴,作伴、陪伴。,,相伴
,做伴,作伴、陪伴。,,鬥伴
,偷偷仔,偷偷地。在不被他人察覺的情況下行動。,,暗靜
,唸歌,唸謠。隨音韻、平仄演唱歌謠、詞曲，傳統常以月琴、大廣弦伴奏，也有以南管琵琶伴唱。,,唸歌仔
,堅心,堅決。下定決心、意志堅定。,,存意
,堅心,堅決。下定決心、意志堅定。,,立意
,堅心,堅決。下定決心、意志堅定。,,主心定
,無夠,不夠、不到，表示程度上的不足。,,無夠額
,無夠,不夠、不到，表示程度上的不足。,,未到
,無夠,不夠、不到，表示程度上的不足。,,不足
,雞卵面,瓜子臉。,,鴨卵面
,一丈差九尺。,一丈還差了九尺長。即一丈與一尺還差了九尺。形容差得很遠或指完全相反。,,差咧天佮地。
,一丈差九尺。,一丈還差了九尺長。即一丈與一尺還差了九尺。形容差得很遠或指完全相反。,,天差咧地。
,一千賒毋值八百現。,一千元的賒帳不如八百元的現金。意即與其讓人賒帳，不如賣得便宜一點直接取得現金來得實際。,,八百現，毋值六百便。
,一个錢拍二十四个結。,一個錢打二十四個結。譏諷人吝於用錢，視財如命。,,一个錢，一點血。
,一个錢拍二十四个結。,一個錢打二十四個結。譏諷人吝於用錢，視財如命。,,一个錢看做𥴊壺仔大。
,一斗較贏九石。,一斗的量雖比九石的量少，但品質高，勝過大量的劣質品。喻重質不重量。,,好種只要一粒。
,一句話三角六尖。,一句話尖銳帶角。形容講話的時候話中帶刺；也指言語銳利，出言不遜、容易傷人。「三」與「六」只是形容多，非實數。,,講話掛骨。
,一年換二十四个頭家。,一年換了二十四個雇主。形容人做事沒有定性，無法專心學習，時常換工作，最後一事無成。,,一年換二四个頭家，轉來食尾牙赴赴。
,一步棋，一步著。,下棋時，每一步都須謹慎小心，步步為營，才能贏得勝利。意謂做事情要有計畫，深思熟慮，按部就班，才不會出錯，這樣離成功就不遠了。,,甘蔗隨目齧。
,一步棋，一步著。,下棋時，每一步都須謹慎小心，步步為營，才能贏得勝利。意謂做事情要有計畫，深思熟慮，按部就班，才不會出錯，這樣離成功就不遠了。,,鳥鼠趖竹篙，一目過一目。
,一某無人知，兩某相卸代。,只有一個妻子不會受人注意，要是有大小老婆就會爭吵不斷，家醜外揚。形容有妻有妾者家中常有爭執，受人嘲笑。,,家欲齊，置雙犁；家欲破，置雙妻。
,一面抹壁雙面光。,用灰匙將水泥塗抹在牆面，壁面和灰匙都很平滑光亮。比喻為人處事圓融，兩方都不得罪。,,利刀切豆腐――雙面光。
,一隻蝨母嗙甲水牛大。,一隻小蝨子誇大成大水牛。意指小小的東西或事情，誇大其辭，說得天花亂墜。比喻言過其實。,,七腳戲，報萬兵。
,一隻蝨母嗙甲水牛大。,一隻小蝨子誇大成大水牛。意指小小的東西或事情，誇大其辭，說得天花亂墜。比喻言過其實。,,三分病，嗙死症。
,一粒米，百粒汗。,每一粒米都是農夫流下許多汗水，辛苦栽種出來的。指農夫種田辛勞，糧食得來不易，勸人不要任意浪費。,,一欉菜，一百个拜。
,一喙掛雙舌。,一張嘴長兩個舌頭。比喻人口齒伶俐且多話；也指人信口開河，言而無信。,,一喙雙頭出。
,一鄉一俗。,一個鄉鎮一種風俗。指各地有不同的風俗習慣。,,入港隨灣，入鄉隨俗。
,一樣米飼百樣人。,一種米養百種人。人的食物差異不大，但人的個性千差萬別。比喻這個社會上有著各式各樣、形形色色的人。,,十个囡仔十樣生。
,一樣米飼百樣人。,一種米養百種人。人的食物差異不大，但人的個性千差萬別。比喻這個社會上有著各式各樣、形形色色的人。,,有人食臊，有人食菜；有人祈禱，有人拜拜。
,七仔較興八仔。,一個比一個興趣高。形容兩人都有興致。,,擔籠較興藝旦。
,七仔較興八仔。,一個比一個興趣高。形容兩人都有興致。,,親家較興親姆。
,九月颱，無人知。,農曆九月的颱風，沒人料想得到。通常農曆九月以後已經過了颱風季節，故突如其來的颱風常讓人措手不及。,,九月颱，無人知；九月颱，慘歪歪。
,九月颱，無人知。,農曆九月的颱風，沒人料想得到。通常農曆九月以後已經過了颱風季節，故突如其來的颱風常讓人措手不及。,,九月颱，無人知，九月南風隨雨來。
,人心肝，牛腹肚。,人的心肝，牛的肚子。意為人心就像牛的肚子一樣大。「人心肝」指人的慾望，用來比喻人心不足蛇吞象。,,心肝較大過牛肺。
,人心肝，牛腹肚。,人的心肝，牛的肚子。意為人心就像牛的肚子一樣大。「人心肝」指人的慾望，用來比喻人心不足蛇吞象。,,心肝較大過王莽。
,人兩跤，錢四跤。,人只有兩條腿，錢有四條腿，兩條腿跑得慢，四條腿跑得快，兩條腿的人永遠追不上四條腿的錢。比喻賺錢不易。,,人兩輪，錢四輪。
,人的喙，掩袂密。,人們通常無法管住別人的嘴巴。亦即難杜悠悠之口。,,喙較密過菜籃。
,人的喙，掩袂密。,人們通常無法管住別人的嘴巴。亦即難杜悠悠之口。,,喙較密過米篩目枋。
,人的喙，掩袂密。,人們通常無法管住別人的嘴巴。亦即難杜悠悠之口。,,眾人喙僫掩。
,人的喙，掩袂密。,人們通常無法管住別人的嘴巴。亦即難杜悠悠之口。,,做粿袂掩得人喙。
,人的喙，掩袂密。,人們通常無法管住別人的嘴巴。亦即難杜悠悠之口。,,做粿袂掩人的喙。
,人飼人，一支骨；天飼人，肥朒朒。,人養人，瘦巴巴；天養人，胖嘟嘟。意即成事在天，有上天的庇蔭，人才有好日子可以過；如果風不調雨不順，光是靠人的努力，成效也不彰。,,千變萬化，毋值得造化。
,人飼人，一支骨；天飼人，肥朒朒。,人養人，瘦巴巴；天養人，胖嘟嘟。意即成事在天，有上天的庇蔭，人才有好日子可以過；如果風不調雨不順，光是靠人的努力，成效也不彰。,,人𠢕毋值天做對頭。
,人飼人，一支骨；天飼人，肥朒朒。,人養人，瘦巴巴；天養人，胖嘟嘟。意即成事在天，有上天的庇蔭，人才有好日子可以過；如果風不調雨不順，光是靠人的努力，成效也不彰。,,千算萬算，毋值得天一劃。
,人濟話就濟，三色人講五色話。,人多話就多，各種人說各種意見。比喻人多意見多，莫衷一是。,,十喙，九貓。
,入人門，順人意。,指進入別人的家門，順從別人的意見。原指女子出嫁後，應當順從丈夫、公婆之意，後延伸到別的地域或單位機構，應順從該地之風俗規定。,,入港隨灣，入鄉隨俗。
,十囝十新婦，賰一个老寡婦。,十個兒子娶了十個媳婦，卻留下一個年老守寡的媽媽沒人照料。形容兒子大了各自成家，年老守寡的母親卻無人願意照顧。,,濟囝餓死爸，濟新婦磨死大家。
,十囝十新婦，賰一个老寡婦。,十個兒子娶了十個媳婦，卻留下一個年老守寡的媽媽沒人照料。形容兒子大了各自成家，年老守寡的母親卻無人願意照顧。,,濟囝濟擘腹，濟新婦濟推捒。
,三分人，七分妝。,人的外表三分是靠天生的長相，七分是靠適當的裝扮。提醒人要注意穿著打扮，更能增添個人的魅力。,,人重妝，佛重扛。
,三年一閏，好歹照輪。,三年一次閏月，好壞輪流來。農曆每二、三年會有一個閏月，多出來的這個月按曆法分派到不同月份，所以說「好歹照輪」。這句話指風水輪流轉，人生的際遇，不會永遠順利，也不會永遠困窘。,,三年水流東，三年水流西。
,三年一閏，好歹照輪。,三年一次閏月，好壞輪流來。農曆每二、三年會有一個閏月，多出來的這個月按曆法分派到不同月份，所以說「好歹照輪」。這句話指風水輪流轉，人生的際遇，不會永遠順利，也不會永遠困窘。,,有時星光，有時月光。
,上踏枋，上眠床，無洗跤睏中央。,踩上床前的踏板，接著上了床，不但沒洗腳還睡在床中央。比喻得寸進尺，欺人太甚。,,豆油分伊搵，連碟仔煞提去。
,上踏枋，上眠床，無洗跤睏中央。,踩上床前的踏板，接著上了床，不但沒洗腳還睡在床中央。比喻得寸進尺，欺人太甚。,,贏馬閣想欲贏馬奴。
,乞食也有三年好運。,乞丐也有三年的好運。說明人不會一生都是落魄的，勉勵人毋須因一時的挫折、低潮而灰心喪志，即使潦倒如乞丐，也會有運氣好轉的時候。比喻風水輪流轉。,,圓人會扁，扁人會圓。
,乞食也有三年好運。,乞丐也有三年的好運。說明人不會一生都是落魄的，勉勵人毋須因一時的挫折、低潮而灰心喪志，即使潦倒如乞丐，也會有運氣好轉的時候。比喻風水輪流轉。,,三年水流東，三年水流西。
,乞食也有三年好運。,乞丐也有三年的好運。說明人不會一生都是落魄的，勉勵人毋須因一時的挫折、低潮而灰心喪志，即使潦倒如乞丐，也會有運氣好轉的時候。比喻風水輪流轉。,,有時星光，有時月光。
,乞食趕廟公。,寺廟的廟祝收容乞丐，提供他們吃住，沒想到乞丐非但不知感激，甚至還得寸進尺、忘恩負義，將廟祝趕走霸占寺廟。比喻喧賓奪主。,,鵁鴒占便空。
,千金買厝，萬金買厝邊。,千金買房子，萬金買好鄰居。形容敦親睦鄰之重要，或指擇鄰而處，好的鄰居對居住品質的影響很大。,,起厝好厝邊，作田好田墘。
,千途萬途，毋值得翻田塗。,相較於各行各業，耕田才是最務實的行業。反映早期重農輕商的思想。,,百般武藝，毋值鋤頭落地。
,千途萬途，毋值得翻田塗。,相較於各行各業，耕田才是最務實的行業。反映早期重農輕商的思想。,,生理錢三十年，流汗錢萬萬年。
,千算萬算，毋值天一劃。,形容人百般算計仍敵不過老天爺的輕輕一筆，把之前的努力都一筆勾銷。說明人再如何汲汲營營算計，遇見天災或意外，還是不敵自然的力量。也指人的經營算計不敵命運的捉弄。,,千變萬化，毋值得造化。
,千算萬算，毋值天一劃。,形容人百般算計仍敵不過老天爺的輕輕一筆，把之前的努力都一筆勾銷。說明人再如何汲汲營營算計，遇見天災或意外，還是不敵自然的力量。也指人的經營算計不敵命運的捉弄。,,人𠢕毋值天做對頭。
,大甲溪放草魚──有準無。,在大甲溪邊流放魚苗，一旦放出去就不會回頭，形容東西離手了，就再也不會回來。比喻肉包子打狗，有去無回。,,掠雞寄山貓。
,大甲溪放草魚──有準無。,在大甲溪邊流放魚苗，一旦放出去就不會回頭，形容東西離手了，就再也不會回來。比喻肉包子打狗，有去無回。,,塗牛入海――一去不回。
,大目新娘無看見灶。,大眼睛的新娘沒看到灶。通常用於揶揄人眼睛雖大，但卻看不到顯而易見的物品。,,大目新娘揣無灶。
,大目新娘無看見灶。,大眼睛的新娘沒看到灶。通常用於揶揄人眼睛雖大，但卻看不到顯而易見的物品。,,大目新娘，有看見鼎，無看見灶。
,大鼎未滾，細鼎沖沖滾。,大鍋裡的湯還沒滾，小鍋裡的湯就滾得要掀開鍋蓋了。也就是滿瓶水不響，半瓶水響叮噹，形容有才學的人話少，一知半解的人說個不停。,,有的毋講，無的品捧。
,六月芥菜假有心。,芥菜產季在每年十一月到次年四月，大約是農曆十月到次年二月，六月既非芥菜產季，當然也不會有芥菜心，所以說有心必定是假的。指人的言語或行為虛情假意；或用來譏諷偽君子，表面仁慈關懷，其實不懷好意。,,六月芥菜假有心，菜籃仔捾水予哥啉。
,六月芥菜假有心。,芥菜產季在每年十一月到次年四月，大約是農曆十月到次年二月，六月既非芥菜產季，當然也不會有芥菜心，所以說有心必定是假的。指人的言語或行為虛情假意；或用來譏諷偽君子，表面仁慈關懷，其實不懷好意。,,無心假有心，菜籃擔水予人啉。
,天公疼戇人。,老天爺疼惜憨厚的人。實事求是、按部就班者，往往得到上天的眷顧。,,戇人有戇福。
,天頂天公，地下母舅公。,天上地位最崇高的就屬玉皇大帝，而人世間則是舅舅。這說明了在臺灣舅舅的地位崇高，故每逢子女婚嫁時或有舅舅會出席的場合，都要請他坐大位。,,母舅公，較大三界公。
,天頂天公，地下母舅公。,天上地位最崇高的就屬玉皇大帝，而人世間則是舅舅。這說明了在臺灣舅舅的地位崇高，故每逢子女婚嫁時或有舅舅會出席的場合，都要請他坐大位。,,第一天公，第二母舅公。
,少年若無一擺戇，路邊哪有有應公。,若非年少時傻過一次，路邊哪來有應公廟。「有應公」或稱無緣佛、萬善公，是對無主孤魂的尊稱，也指臺灣民間信仰中，收容孤魂的小祠廟，通常不知道主祀者、也沒有神像。引申為勸誡年輕人勿逞血氣之勇，需珍惜自身性命。,,世間若無戇，路邊哪有有應公。
,日頭赤焱焱，隨人顧性命。,在熾熱的陽光底下，每個人以保全自己的性命為要，已無暇顧及他人。形容人遇到患難或在艱困的環境裡，以顧全自己為先。,,兄弟是兄弟，隨人顧家己。
,日頭赤焱焱，隨人顧性命。,在熾熱的陽光底下，每個人以保全自己的性命為要，已無暇顧及他人。形容人遇到患難或在艱困的環境裡，以顧全自己為先。,,先顧腹肚，才顧佛祖。
,欠錢怨債主，不孝怨爸母。,欠錢怨債主，不孝怨父母。意即自己欠別人錢，還反過來埋怨債主來討債；自己不孝順，還反過來抱怨父母對自己不好。比喻不知反省，只會把責任推到他人身上。,,不孝怨爸母，欠錢怨債主，股票跋輸怨政府。
,歹竹出好筍，好竹出痀崙。,不好的竹子生出好的筍子，好的竹子生出奇形怪狀的竹子。比喻出身不好的人也能養成好的後代，富貴之人也會出不成才的子孫。,,龍身借狗腹出世。
,歹竹出好筍。,壞竹子卻長出好筍子。比喻在惡劣的外在環境下仍能養成優秀的人。,,龍身借狗腹出世。
,歹船拄著好港路。,破舊的船遇到好的航路。比喻外在環境大好，本身雖不濟，卻也能安然度過。,,青盲雞啄著蟲。
,牛就是牛，牽到北京也是牛。,把窮鄉僻壤的牛，牽到人文薈萃的京城，固執的牛脾氣還是依舊。形容人的個性不可能改變，縱使換了環境還是原來的樣子。,,山可移，性不可改。
,牛就是牛，牽到北京也是牛。,把窮鄉僻壤的牛，牽到人文薈萃的京城，固執的牛脾氣還是依舊。形容人的個性不可能改變，縱使換了環境還是原來的樣子。,,白翎鷥飛到胭脂巷，也是白。
,仙拚仙，害死猴齊天。,眾仙人互相爭鬥，反而害一旁的孫悟空受到牽連。比喻兩方拼鬥，卻禍延無辜的第三者，亦即殃及池魚。,,龍虎交戰，魚鱉受災。
,仙拚仙，害死猴齊天。,眾仙人互相爭鬥，反而害一旁的孫悟空受到牽連。比喻兩方拼鬥，卻禍延無辜的第三者，亦即殃及池魚。,,火燒厝，燒過間。
,兄弟若仝心，烏塗變成金。,兄弟若能同心，黑土也能變黃金。意謂兄弟同心耕作，可種出大量作物，賺足金錢，就像是把田裡烏黑的泥土變成黃金一樣。鼓勵手足之間應通力合作，便能得到耀眼的成果。,,三人仝一心，烏塗變成金。
,兄弟若仝心，烏塗變成金。,兄弟若能同心，黑土也能變黃金。意謂兄弟同心耕作，可種出大量作物，賺足金錢，就像是把田裡烏黑的泥土變成黃金一樣。鼓勵手足之間應通力合作，便能得到耀眼的成果。,,三兄弟股一條瓊麻索。
,未曾學行先學飛，未曾掖種想挽瓜。,還不會走路就想學飛，尚未播種竟妄想收成瓜果。指人要循序漸進的學習與按步就班的耕作才會有所收穫，絕無一步登天或不勞而獲的道理。,,未上三寸水，就欲扒龍船。
,甘蔗無雙頭甜。,甘蔗沒有頭尾都是甜的。比喻世事無法兩全其美，凡事有利就有弊，人不可能佔盡所有好處。,,甘蔗無雙頭甜，月娘無逐日圓。
,生囝師仔，飼囝師傅。,生孩子是學徒，養育孩子是師傅。比喻生小孩瓜熟蒂落算不上本事，要把孩子養育成有用的人才是真本領。,,生囝簡單，飼囝困難。
,生囝師仔，飼囝師傅。,生孩子是學徒，養育孩子是師傅。比喻生小孩瓜熟蒂落算不上本事，要把孩子養育成有用的人才是真本領。,,生囝容易，教囝難。
,用別人的拳頭拇舂石獅。,用別人的拳頭去揍石獅子。利用別人去做自己不願意做的事情，比喻犧牲他人來成就自己。,,別人的桌頂，夾肉飼大家。
,用別人的拳頭拇舂石獅。,用別人的拳頭去揍石獅子。利用別人去做自己不願意做的事情，比喻犧牲他人來成就自己。,,用別人的𡳞鳥做火夾。
,白白布染甲烏。,白布硬要染成黑色。比喻刻意汙衊抹黑，顛倒是非。,,冤枉觀音媽偷食鹹膎。
,目睭掛斗概，看人物就愛。,眼睛掛著平斗的木概，看到別人的東西就想要。用來形容人過於貪心。以前用「斗」來測量穀物豆類等東西的份量，斗概是一長形木條，用來把斗口高出的部分撥平以得到準確的量。販售商人的習慣是只往內撥、不往外撥，有招財之意。所以用眼睛掛著斗概，來比喻想把別人的東西納為己有的貪婪心態。,,目睭帶斗概，看著逐項愛。
,目睭掛斗概，看人物就愛。,眼睛掛著平斗的木概，看到別人的東西就想要。用來形容人過於貪心。以前用「斗」來測量穀物豆類等東西的份量，斗概是一長形木條，用來把斗口高出的部分撥平以得到準確的量。販售商人的習慣是只往內撥、不往外撥，有招財之意。所以用眼睛掛著斗概，來比喻想把別人的東西納為己有的貪婪心態。,,目睭掛斗概，看會著的攏欲愛。
,好也一句，歹也一句。,好聽的也是一句話，難聽的也是一句話。一句話的好壞會影響聽者日後的行為，所以與人交談不可不慎。,,講話中人聽，較好大細聲。
,好也一句，歹也一句。,好聽的也是一句話，難聽的也是一句話。一句話的好壞會影響聽者日後的行為，所以與人交談不可不慎。,,好話一句若璇石，歹話一句若毒藥。
,好好鱟刣甲屎那流。,好好的鱟，竟然被宰殺得一團糟。「鱟」是海中的節肢動物，為古代的活化石，個性溫和，被宰殺時也不會掙扎抵抗；「屎那流」指屎尿都流出來了。譏諷人做事不得要領，將簡單之事弄得一團糟。,,好好柴刣到曲。
,好酒沉甕底。,好酒會沉到酒甕的底部，愈陳愈香。比喻好的、精彩的事物，總是留在最後面才出現。,,好酒沉甕底，好戲佇戲尾。
,收瀾收離離，明年招小弟。,收口水收得乾乾淨淨，明年又可以招來一個小弟弟。臺灣民間習俗，嬰兒出生滿四個月的那一天，要舉行「收瀾」（收涎）的儀式，當天用紅線把12塊、24塊或48塊中間有圓孔的小餅乾串在嬰兒頸上，由母親抱著到親友鄰居處走動，親友掰下一塊口酥餅，在嬰兒嘴邊擦一、兩下，口中就一邊唸著這句吉祥話。過去農業社會重男輕女，故以「招小弟」祝福其家可再添男丁。,,收瀾收焦焦，明年生𡳞脬。
,有一好，無兩好。,世界上的事情有利必有弊，很難兩全其美，意即魚與熊掌不可兼得。,,一好佮一䆀，無兩好相排。
,有一好，無兩好。,世界上的事情有利必有弊，很難兩全其美，意即魚與熊掌不可兼得。,,有一好無兩好，有新婦無牛母。
,有唐山公，無唐山媽。,有來自唐山的父系祖先，沒有來自唐山的母系祖先。清初在渡臺禁令下，來臺開墾者多為單身的男性，往往與當時母系社會的平埔族女性通婚，而產生此現象。,,有平埔媽，無唐山媽。
,有唐山公，無唐山媽。,有來自唐山的父系祖先，沒有來自唐山的母系祖先。清初在渡臺禁令下，來臺開墾者多為單身的男性，往往與當時母系社會的平埔族女性通婚，而產生此現象。,,有平埔媽，無平埔公；有唐山公，無唐山媽。
,有喙講甲無瀾。,嘴巴說得口水都乾了。比喻費盡脣舌，還是沒辦法說服別人。,,一百句，五十雙。
,有量就有福。,有度量就有福氣。指有度量的人自然會受到上天眷顧，得到賜福。,,大海毋驚大水。
,死蛇活尾溜。,蛇被打死了，尾巴還在蠕動。形容事情雖然已經結束，但還留下一個殘局未收拾。,,死蛇活尾溜──死趖。
,老人毋講古，少年毋捌寶。,老年人不說故事，年輕人得不到寶貴經驗。形容老年人有很多值得年輕人學習的經驗。,,講甲你捌，喙鬚好拍結；講甲你會，頭毛喙鬚白。
,耳仔生兩葉，家己看袂著。,耳朵雖然有兩片，但自己卻無法看見自己的耳朵。意指人看不見自己的缺點。或指人不會反省自己的缺點，卻偏要談論別人的缺失。,,目睭看無目睫毛。
,西瓜倚大爿。,西瓜哪邊比較大就靠向那邊。意指人看哪一邊得勢，就向那邊，形容人趨炎附勢。,,狗綴屁走，人綴勢走。
,忍氣求財，激氣相刣。,忍一時之氣可以求得財利，意氣用事可能招致糾紛，甚至互相殺伐。比喻和氣生財。,,忍啊忍，忍著一个金石盾。
,拍人喝救人。,打人的人反而喊救命。比喻為逃避責任或轉移焦點，做壞事的人反而誣告別人做壞事。,,拍人喝救人，做賊的喝掠賊。
,拍人喝救人。,打人的人反而喊救命。比喻為逃避責任或轉移焦點，做壞事的人反而誣告別人做壞事。,,賊較惡人。
,罔趁較袂散。,多少賺一點，才不致於陷入窮困。說明即使利潤非常小，也應積極賺取。,,加減趁，袂散；加減抾，就免借。
,近廟欺神。,指住在廟旁的百姓，對神的敬意反而不如遠地的人。比喻貴遠賤近。,,遠遠刣雞鵤，近近相穢目。
,青盲貓咬著死鳥鼠。,瞎眼的貓咬到死老鼠。比喻誤打誤撞，通常用在表示運氣很好。,,青盲雞啄著蟲。
,俗物無好貨。,便宜沒好貨。指一般人常存有貪小便宜的心態，見到便宜貨，便受低價位誘惑而購買，卻忽略物品本身的品質，導致買到劣質品。,,俗物無好貨，好貨毋賣俗。
,俗物無好貨。,便宜沒好貨。指一般人常存有貪小便宜的心態，見到便宜貨，便受低價位誘惑而購買，卻忽略物品本身的品質，導致買到劣質品。,,貪俗買狗鯊。
,會咬人的狗袂吠。,會咬人的狗不會叫。比喻城府甚深之人少言，不易流露其情緒。,,陰鴆狗，咬人袂吼。
,會咬人的狗袂吠。,會咬人的狗不會叫。比喻城府甚深之人少言，不易流露其情緒。,,會咬人的狗袂吠，會吠的狗袂咬人。
,春雺曝死鬼，夏雺做大水。,春天起霧曬死鬼，夏天起霧鬧水災。此為前人經過長期觀察、累積經驗而來的氣象諺語。春天早晨若大霧籠罩，濕氣很重，霧氣一旦散開後就會是大晴天甚至是大熱天；夏天早晨若大霧籠罩，白天時空氣對流旺盛下，暖空氣上升，容易形成大雷雨甚至造成水災。,,春雺，日頭公；夏雺，水底摸。
,春雺曝死鬼，夏雺做大水。,春天起霧曬死鬼，夏天起霧鬧水災。此為前人經過長期觀察、累積經驗而來的氣象諺語。春天早晨若大霧籠罩，濕氣很重，霧氣一旦散開後就會是大晴天甚至是大熱天；夏天早晨若大霧籠罩，白天時空氣對流旺盛下，暖空氣上升，容易形成大雷雨甚至造成水災。,,春雺若毋開，著該幔棕蓑。
,春雺曝死鬼，夏雺做大水。,春天起霧曬死鬼，夏天起霧鬧水災。此為前人經過長期觀察、累積經驗而來的氣象諺語。春天早晨若大霧籠罩，濕氣很重，霧氣一旦散開後就會是大晴天甚至是大熱天；夏天早晨若大霧籠罩，白天時空氣對流旺盛下，暖空氣上升，容易形成大雷雨甚至造成水災。,,雺開，曝死鬼；雺無開，穿棕蓑。
,胡蠅舞屎桮。,蒼蠅想舞動用來擦拭屁股的竹片。恥笑人做事不自量力，妄想改變無法改變的事實，非但徒勞無功反而淪為笑柄。,,四兩人講半斤話。
,胡蠅舞屎桮。,蒼蠅想舞動用來擦拭屁股的竹片。恥笑人做事不自量力，妄想改變無法改變的事實，非但徒勞無功反而淪為笑柄。,,關帝爺面前弄大刀。
,胡蠅舞屎桮。,蒼蠅想舞動用來擦拭屁股的竹片。恥笑人做事不自量力，妄想改變無法改變的事實，非但徒勞無功反而淪為笑柄。,,牛屎龜，牚石枋。
,胡蠅舞屎桮。,蒼蠅想舞動用來擦拭屁股的竹片。恥笑人做事不自量力，妄想改變無法改變的事實，非但徒勞無功反而淪為笑柄。,,田嬰扶石柱。
,胡蠅舞屎桮。,蒼蠅想舞動用來擦拭屁股的竹片。恥笑人做事不自量力，妄想改變無法改變的事實，非但徒勞無功反而淪為笑柄。,,鴨母拖秤錘。
,胡蠅舞屎桮。,蒼蠅想舞動用來擦拭屁股的竹片。恥笑人做事不自量力，妄想改變無法改變的事實，非但徒勞無功反而淪為笑柄。,,剃頭刀剉大樹。
,食米毋知米價。,吃米飯不曉得米的價錢。形容只知享受，不知生活疾苦的人。,,食飯坩中央。
,食米毋知米價。,吃米飯不曉得米的價錢。形容只知享受，不知生活疾苦的人。,,跤焦手焦，毋免入灶跤。
,食果子拜樹頭；食米飯拜田頭。,吃水果，要拜謝樹根；吃米飯，要拜謝田地。指人要懂得感恩，飲水思源，不可忘本。通常僅單用「食果子拜樹頭」一句。,,飲水思源頭，食果子拜樹頭。
,食著藥，青草一葉；食毋著藥，人參一石。,吃對藥，一葉的藥草就能見效；吃錯藥，吃再多高價珍貴的人參也無效。比喻做事要能切中要點、掌握關鍵，才不會徒勞無功，而能有事半功倍之效。,,食著藥，青草一葉；食毋著藥，廳邊睏草蓆。
,食著藥，青草一葉；食毋著藥，人參一石。,吃對藥，一葉的藥草就能見效；吃錯藥，吃再多高價珍貴的人參也無效。比喻做事要能切中要點、掌握關鍵，才不會徒勞無功，而能有事半功倍之效。,,食著藥，青草一葉；食毋著藥，像捾水沃石。
,食飯皇帝大。,吃飯的時候跟皇帝一樣大。意為吃飯最重要，不管什麼事都不得干擾，等用餐完畢後，再行處理。,,趕人生，趕人死，趕人食飯無情理。
,食碗內，說碗外。,吃碗內的東西，卻說碗外的東西好。享受親近的人給予的好處，到最後卻為外人說話，暗諷人吃裡扒外，不知感恩。,,食家己的米，講別人的話。
,食碗內，說碗外。,吃碗內的東西，卻說碗外的東西好。享受親近的人給予的好處，到最後卻為外人說話，暗諷人吃裡扒外，不知感恩。,,食曹操米，講劉備話。
,食緊挵破碗。,吃得太快打破碗。用來比喻人做事情若只一心求快，反而容易造成反效果。,,緊行，無好步；緊走，無好路；緊揣，無好頭路。
,食緊挵破碗。,吃得太快打破碗。用來比喻人做事情若只一心求快，反而容易造成反效果。,,緊事，三分輸。
,食緊挵破碗。,吃得太快打破碗。用來比喻人做事情若只一心求快，反而容易造成反效果。,,緊炊，無好粿。
,枵鬼假細膩。,明明嘴饞想吃卻又客氣推辭。諷刺人表裡不一，惺惺作態。,,枵鬼假細膩，愛食假客氣。
,枵鬼假細膩。,明明嘴饞想吃卻又客氣推辭。諷刺人表裡不一，惺惺作態。,,乞食假細膩，奸臣假義氣。
,枵鬼假細膩。,明明嘴饞想吃卻又客氣推辭。諷刺人表裡不一，惺惺作態。,,海龍王辭水――假細膩。
,倖豬夯灶，倖囝不孝。,寵豬頂灶，寵兒不孝。豬不關好，放任牠自由進出，可能連灶都被豬翻了；小孩子太受寵愛，就不懂得孝順父母。比喻子女要適度管教，不能一味溺愛，否則會不懂得孝順。,,倖豬夯灶，倖囝不孝，倖查某囝，袂落人家教。
,倒吊無墨水。,把人倒掛卻連一滴墨水都流不出來。形容人沒學問，胸無點墨。,,腹內無膏。
,時到時擔當，無米才煮番薯湯。,時候到了再看著辦，沒有米可以煮飯就拿地瓜煮湯。形容事情自然有因應之道，如果一事不成，也另有替代之道。,,到彼號時，攑彼號旗。
,桌頂食飯，桌跤放屎。,人家請你吃飯，卻在桌底下排泄糞便。引申為受人恩惠而不知報答，反而做出對不起恩人的事情。,,橋過，枴仔挕捒。
,氣死驗無傷。,生氣而死也驗不出傷痕。用來告誡人勿逞血氣，以免傷身。,,聽毋見，失一片；聽入見，腹肚滇。
,烏仔魚搢水。,烏魚逆水向前游。比喻不畏困難，積極向上。,,烏仔魚搢水――毋認輸。
,烏矸仔貯豆油。,黑色罐子裝醬油。這是歇後語，帶出「看袂出」三個字，黑色醬油裝在黑色罐子裡難以分辨，以「看不出來」的雙關語，比喻看走眼或人不可貌相。,,恩主公食燒酒，看袂出。
,烏矸仔貯豆油。,黑色罐子裝醬油。這是歇後語，帶出「看袂出」三個字，黑色醬油裝在黑色罐子裡難以分辨，以「看不出來」的雙關語，比喻看走眼或人不可貌相。,,烏矸仔貯豆油，無地看。
,神明興，弟子窮。,神明香火興旺，信徒便窮困。勸人敬拜神明花費要節制，以免導致生活困窘。,,尪顯，弟子落臉。
,翁仔某是相欠債。,今世有緣結為夫妻，乃因前世因果，互相欠債所致。夫妻意見不合相互爭吵時，常用這句話來勸雙方姻緣前定，應以和為貴。,,翁欠某債，某欠翁債。
,翁仔某是相欠債。,今世有緣結為夫妻，乃因前世因果，互相欠債所致。夫妻意見不合相互爭吵時，常用這句話來勸雙方姻緣前定，應以和為貴。,,無冤無家，不成夫妻。
,翁仔某是相欠債。,今世有緣結為夫妻，乃因前世因果，互相欠債所致。夫妻意見不合相互爭吵時，常用這句話來勸雙方姻緣前定，應以和為貴。,,前世無相欠債，這世袂做夫妻。
,草地親家坐大位。,城裡人家辦喜宴時，來自鄉村的親家雖然衣著較寒酸，仍請他坐上位。即不因他人身世背景，而輕忽了待客之道。,,草地親家坐大位――人戇禮袂戇。
,草地親家坐大位。,城裡人家辦喜宴時，來自鄉村的親家雖然衣著較寒酸，仍請他坐上位。即不因他人身世背景，而輕忽了待客之道。,,草地母舅坐大位――人俗禮不俗。
,做公親，貼本。,為別人做仲裁，還賠上自己的老本。比喻賠了夫人又折兵。,,做媒人貼聘金。
,做公親，貼本。,為別人做仲裁，還賠上自己的老本。比喻賠了夫人又折兵。,,生理無夠精，媒人貼聘金。
,做官騙厝內，做生理騙熟似。,當官的矇騙家人，做生意的欺騙熟人。意謂為官無不詐，經商無不奸。,,跋筊郎君，買賣賊。
,做官騙厝內，做生理騙熟似。,當官的矇騙家人，做生意的欺騙熟人。意謂為官無不詐，經商無不奸。,,熟似騙厝內。
,惜花連盆，疼囝連孫。,愛惜花朵亦會連帶珍惜花盆；疼愛子女，也會連同孫輩一起疼惜。意指疼愛一個人時，也會連帶關愛與其相關的人事物。比喻愛屋及烏。,,愛花連枝愛，疼查某囝著疼囝婿。
,捷罵袂聽，捷拍袂疼。,常罵不聽話，常打不怕痛。意為頻繁的打罵教育，其懲罰效果就會愈來愈低。,,捷見官袂畏，捷食酒袂醉。
,掃地掃壁角，洗面洗耳空。,打掃房間，要注意清潔牆角周圍；洗臉時，要注意耳朵周圍或耳後容易藏污納垢的地方。指做事要澈底實在，不要馬虎隨便。,,刣魚刣到鰓，做事做透機。
,細空毋補，大空叫苦。,破洞還小的時候不及時縫補，等破洞大到無法挽救時才在哀號。,,鳥鼠空變成圓栱門。
,這溪無魚，別溪釣。,釣魚時，這條溪釣不到魚，不要氣餒，可到另一條溪釣釣看。比喻某處無法謀生時，可到別處另尋出路。,,東港無魚，西港拋。
,陰鴆陰鴆，咬人三寸深。,性格陰險的人工於心計，平時不動聲色，一旦發狠咬人，就會咬得很深，毫不留情。勸戒人要謹防陰險狠毒之徒。,,陰鴆狗，咬人袂吼。
,惡馬惡人騎。,意為很難馴服的馬，總會有比牠更凶惡的騎士來馴服。比喻壞人自有比他更凶惡的人來懲治他，即一物剋一物。,,惡馬惡人騎，胭脂馬拄著關老爺。
,攑頭三尺有神明。,抬起頭三尺高處就有神明察看著。告誡人們做事前要三思，因為冥冥之中都有神在監督著我們的一言一行，千萬別做虧心事，否則將招致報應。,,光人毋知，暗的也知。
,敢做匏桸，就毋通驚水燙。,既然做了瓠瓜勺子，就不能怕被滾水燙。意指既然承擔了責任就要敢做敢當，不要畏首畏尾，也用來自我表示負責到底的意思。,,敢做，敢擔當。
,無三不成禮。,送禮、致敬要一而再，再而三。比喻禮多人不怪。,,有一就有兩，有兩就有三，無三不成禮。
,無日毋知晝，無鬚毋知老。,沒出太陽，不知已經到中午了；沒留鬍子，不易察覺人已老邁。比喻光陰易逝，很容易在不知不覺中荒廢。,,無日毋知晝，無鬚毋知老，無死毋知臭。
,無毛雞假大格。,發育不良羽毛稀疏的雞假冒成體格高大。比喻一個人明明沒錢還裝闊；或指人明明沒有才能，還裝出很有本事的樣子。,,無毛雞假大格，無米留人客，無食假拍呃。
,無枷夯交椅。,沒有枷鎖等刑具可披枷帶鎖，竟然將太師椅扛在身上。比喻自找麻煩，庸人自擾。,,無代無誌，掠一尾蟲擽尻川。
,無枷夯交椅。,沒有枷鎖等刑具可披枷帶鎖，竟然將太師椅扛在身上。比喻自找麻煩，庸人自擾。,,搬石頭硩家己跤盤。
,無枷夯交椅。,沒有枷鎖等刑具可披枷帶鎖，竟然將太師椅扛在身上。比喻自找麻煩，庸人自擾。,,坐毋坐，欲惹禍。
,無魚，蝦嘛好。,捉不到魚，捉到蝦子也好。比喻退而求其次，聊勝於無。,,無魚撈蝦，無蝦撈田螺。
,無魚，蝦嘛好。,捉不到魚，捉到蝦子也好。比喻退而求其次，聊勝於無。,,有，揀選；無，不管。
,無禁無忌，食百二。,形容人百無禁忌，毫無忌諱，便能長壽活到一百二十歲。通常是觸碰禁忌者用來自我安慰的說法。,,無禁無忌，食百二；無見無古，食甲做公兼做祖。
,猴也會跋落樹跤。,猴子也會跌落樹下。說明經驗再豐富，動作再熟練的人，也有失手的時候，喻人不可大意。,,老旦跋落戲棚跤。
,趁錢有數，性命愛顧。,賺錢數量有限，生命要照顧。意思是賺錢要適可而止，身體健康更為重要，不可為了多賺錢而不顧生命。,,錢欲大百，人就無肉。
,趁錢有數，性命愛顧。,賺錢數量有限，生命要照顧。意思是賺錢要適可而止，身體健康更為重要，不可為了多賺錢而不顧生命。,,錢大百，人落肉。
,圓人會扁，扁人會圓。,世事本無常，旺氣之人亦會有落衰之時；反之，衰微之人如能奮發向上亦會有出人頭地之日。「圓」應指旺氣，「扁」為衰微。形容人的機運有起有落。,,有時星光，有時月明。
,愛拚才會贏。,要努力才會贏。比喻唯有努力奮鬥，才能克服困難，成就一番事業。,,無行袂出名。
,腹肚若水櫃，胸坎若樓梯。,肚子像水箱一樣凸起，胸前的肋骨像樓梯一根根突現。形容人營養不良，骨瘦如柴，卻又挺個大肚子的模樣。,,瘦甲賰一支骨。
,腹肚若水櫃，胸坎若樓梯。,肚子像水箱一樣凸起，胸前的肋骨像樓梯一根根突現。形容人營養不良，骨瘦如柴，卻又挺個大肚子的模樣。,,瘦閣薄板。
,腹肚若水櫃，胸坎若樓梯。,肚子像水箱一樣凸起，胸前的肋骨像樓梯一根根突現。形容人營養不良，骨瘦如柴，卻又挺個大肚子的模樣。,,瘦枝落葉。
,落塗時八字命。,出生的時辰就決定一個人的命運。從前的人迷信人的命運在呱呱墜地時，就已經註定好了。這句話常用來要人接受現狀，不要埋怨或強求。,,命運天註定。
,落水平平沉，全無重頭輕。,一旦落入水中，同樣都會往下沉，沒有輕重的差別。說明大難來時大家的命運相同，沒有任何差別。,,仝船仝條命。
,過時賣曆日。,過了適當的時機賣日曆。用來指事物已經失去時效。,,六月賣火籠。
,過時賣曆日。,過了適當的時機賣日曆。用來指事物已經失去時效。,,火過，才炰芋。
,過橋較濟你行路，食鹽較濟你食米。,走過的橋比你走過的路還多，吃過的鹽比你吃過的米還多。年長者常以此來自誇經驗豐富，倚老賣老。,,毋捌看過馬，嘛捌看過馬蹄。
,飼鳥鼠，咬布袋。,餵養老鼠，老鼠卻咬破布袋偷吃米。比喻善待親信卻遭其背叛，亦即養虎貽患。,,飼鳥鼠，咬布袋，頇顢先生教落第。
,骨力食栗，貧惰吞瀾。,勤勞的人，有栗子可吃，懶惰的人只有吞口水的份。喻只要辛勤付出，就會有好的食物；而不事生產者，只能眼巴巴看著人家享用收穫。比喻一分耕耘，一分收穫。,,有跪才有飽穗。
,骨力食栗，貧惰吞瀾。,勤勞的人，有栗子可吃，懶惰的人只有吞口水的份。喻只要辛勤付出，就會有好的食物；而不事生產者，只能眼巴巴看著人家享用收穫。比喻一分耕耘，一分收穫。,,無跪，袂出穗。
,骨力食栗，貧惰吞瀾。,勤勞的人，有栗子可吃，懶惰的人只有吞口水的份。喻只要辛勤付出，就會有好的食物；而不事生產者，只能眼巴巴看著人家享用收穫。比喻一分耕耘，一分收穫。,,無下種，無收成。
,僥倖錢，失德了；冤枉錢，跋輸筊。,不義之財，會因為做不道德的事而花光；冤屈人家所得到的橫財，也會賭博全輸光。誡人勿貪非分及不義之財，不義之財，怎麼來就怎麼去。,,歪哥錢世眾了，僥倖錢跋輸筊，快活錢快開銷，不義錢居袂牢。
,僥倖錢，失德了；冤枉錢，跋輸筊。,不義之財，會因為做不道德的事而花光；冤屈人家所得到的橫財，也會賭博全輸光。誡人勿貪非分及不義之財，不義之財，怎麼來就怎麼去。,,跋筊錢，袂過暝。
,僥倖錢，失德了；冤枉錢，跋輸筊。,不義之財，會因為做不道德的事而花光；冤屈人家所得到的橫財，也會賭博全輸光。誡人勿貪非分及不義之財，不義之財，怎麼來就怎麼去。,,跋筊錢袂做得家伙。
,慢牛厚屎尿。,行動遲緩的牛屎尿多。比喻懶惰的人做事不乾脆，常找藉口逃避或延遲該盡的責任。,,水牛過溪──厚屎尿。
,盡人事，順天意。,凡事盡力而為，結果就交給老天安排。意即盡人事，聽天命。,,盡人事，聽天命。
,緊紡無好紗，緊嫁無好大家。,匆忙紡紗就織不出好棉紗；急於嫁人就遇不上好婆家。比喻欲速則不達。,,緊行，無好步；緊走，無好路；緊揣，無好頭路。
,緊紡無好紗，緊嫁無好大家。,匆忙紡紗就織不出好棉紗；急於嫁人就遇不上好婆家。比喻欲速則不達。,,緊事，三分輸。
,緊紡無好紗，緊嫁無好大家。,匆忙紡紗就織不出好棉紗；急於嫁人就遇不上好婆家。比喻欲速則不達。,,緊炊，無好粿。
,瘦田𠢕欶水。,貧瘠的農田在灌溉時，需要更多水分才夠飽滿。指瘦小的人食量很大。,,瘦人𠢕食飯，瘦田𠢕欶水。
,豬岫毋值狗岫穩。,豬舍不如狗窩安穩。意即金窩銀窩不如自己的狗窩。,,千好萬好，毋值咱厝好。
,豬頭毋顧，顧鴨母卵。,祭拜鬼神時不顧豬頭，只守著鴨蛋。比喻放著重要的事不管，反而去管次要的。,,牛鼻毋拎，拎牛尾。
,豬頭皮炸無油。,豬頭皮炸不出油來。用來比喻一個人不具真才實學，好吹牛，所言空洞，說不出大道理。,,五百錢豬仔──捾一支喙。
,豬頭皮炸無油。,豬頭皮炸不出油來。用來比喻一個人不具真才實學，好吹牛，所言空洞，說不出大道理。,,便所內彈gì-tà──臭彈。
,豬頭皮炸無油。,豬頭皮炸不出油來。用來比喻一個人不具真才實學，好吹牛，所言空洞，說不出大道理。,,乞食講仙話。
,賣茶講茶芳，賣花講花紅。,賣茶葉的人強調自己賣的茶葉有多香；賣花的人強調自己賣的花顏色有多麼的鮮豔。比喻為了要把自己的產品推銷出去，生意人總會強調其產品具有什麼特色，藉此吸引顧客的目光。比喻老王賣瓜，自賣自誇。,,賣花講花芳，賣酒講酒紅。
,賣茶講茶芳，賣花講花紅。,賣茶葉的人強調自己賣的茶葉有多香；賣花的人強調自己賣的花顏色有多麼的鮮豔。比喻為了要把自己的產品推銷出去，生意人總會強調其產品具有什麼特色，藉此吸引顧客的目光。比喻老王賣瓜，自賣自誇。,,家己擔膎呵咾芳。
,燒瓷的食缺，織蓆的睏椅。,燒製瓷器的人，自己用有缺口的碗吃飯；織草蓆的人，捨不得拿草蓆來睡，反而在椅子上睡覺。比喻人為了賺錢或節儉，捨不得用自己製造的好產品，或者故意使用較無市場價值的瑕疵品。,,賣瓷食缺，編蓆睏椅。
,燒瓷的食缺，織蓆的睏椅。,燒製瓷器的人，自己用有缺口的碗吃飯；織草蓆的人，捨不得拿草蓆來睡，反而在椅子上睡覺。比喻人為了賺錢或節儉，捨不得用自己製造的好產品，或者故意使用較無市場價值的瑕疵品。,,賣西瓜的食歪臍瓜仔。
,鋪面蟶，浸水蚵。,鋪在表面的蟶及泡水膨脹後的牡蠣。小商販把好看的商品擺在表層來吸引人，比喻虛有其表或無心實踐。,,好看，毋好食。
,鋪面蟶，浸水蚵。,鋪在表面的蟶及泡水膨脹後的牡蠣。小商販把好看的商品擺在表層來吸引人，比喻虛有其表或無心實踐。,,金瓜臭腹內。
,鋪面蟶，浸水蚵。,鋪在表面的蟶及泡水膨脹後的牡蠣。小商販把好看的商品擺在表層來吸引人，比喻虛有其表或無心實踐。,,做粿無包餡。
,鋪面蟶，浸水蚵。,鋪在表面的蟶及泡水膨脹後的牡蠣。小商販把好看的商品擺在表層來吸引人，比喻虛有其表或無心實踐。,,大箍菜頭蓬心。
,鋪面蟶，浸水蚵。,鋪在表面的蟶及泡水膨脹後的牡蠣。小商販把好看的商品擺在表層來吸引人，比喻虛有其表或無心實踐。,,大箍人好看頭。
,鋪面蟶，浸水蚵。,鋪在表面的蟶及泡水膨脹後的牡蠣。小商販把好看的商品擺在表層來吸引人，比喻虛有其表或無心實踐。,,遠看白波波，近看就無膏。
,錢四跤，人兩跤。,錢有四條腿，人只有兩條腿。以錢的腿比人腿多，跑得比人快，來比喻賺錢的辛苦與不易。,,錢四跤，人兩跤，仙逐嘛逐袂著。
,頭大面四方，肚大居財王。,指頭大大的、臉形良好又勻稱、肚子大的人，有大富之相。這是命相學的說法，未必可信。,,虎頭燕頷。
,頭燒燒，尾冷冷。,剛開始的時候興沖沖，到了後來卻提不起勁。指人做事情只有三分鐘熱度，沒辦法貫徹始終。,,虎頭鳥鼠尾。
,龜笑鱉無尾，鱉笑龜粗皮。,龜笑鱉沒有尾巴，鱉笑龜皮膚粗。指人只會批評別人的缺點，卻不知自己的缺點也不少。,,一个一斤，一个十六兩。
,龜笑鱉無尾，鱉笑龜粗皮。,龜笑鱉沒有尾巴，鱉笑龜皮膚粗。指人只會批評別人的缺點，卻不知自己的缺點也不少。,,七仔笑八仔。
,龜笑鱉無尾，鱉笑龜粗皮。,龜笑鱉沒有尾巴，鱉笑龜皮膚粗。指人只會批評別人的缺點，卻不知自己的缺點也不少。,,烏鴉笑烏豬。
,閹雞趁鳳飛。,去勢的公雞因體型較為肥大，拙於飛行，卻想模仿鳳凰飛翔。比喻如同東施效顰一樣想模仿別人。,,閹雞趁鳳飛――綴人袂著。
,毛毛仔雨落久，塗嘛會澹。,濛濛細雨下久了，土地也會潮濕。比喻積少成多；或指做事只要能持之以恆、堅持到底，猶如滴水穿石，再大的困難都能克服。,,細細雨落久，塗也會澹。
,毛毛仔雨落久，塗嘛會澹。,濛濛細雨下久了，土地也會潮濕。比喻積少成多；或指做事只要能持之以恆、堅持到底，猶如滴水穿石，再大的困難都能克服。,,霎霎仔雨落久，塗嘛會澹。
,講一个影，生一个囝。,說一個影子，生一個孩子。意即有人說看到一個影子，就有人傳話說成有人生了一個孩子。比喻把沒聽清楚的話，轉述成毫不相關的事。,,講蛇就紲，草索丈外。
,雜唸大家出蠻皮新婦。,婆婆嘮叨久了，媳婦就不在乎責罵。意即有嘮叨的長輩或上司，就會有頑固不化的晚輩或部屬。,,捷見官袂畏，捷食酒袂醉。
,勸恁有孝千萬句，袂曉有孝豬狗牛。,千言萬語奉勸人孝順父母，不懂得孝順就像豬狗牛。勸人要懂得孝順，否則連畜牲都不如。,,人佇世間無偌久，袂曉有孝豬狗牛。
,勸恁有孝千萬句，袂曉有孝豬狗牛。,千言萬語奉勸人孝順父母，不懂得孝順就像豬狗牛。勸人要懂得孝順，否則連畜牲都不如。,,囝兒有孝才有取，不孝較輸豬狗牛。
,爛塗袂糊得壁。,爛泥敷不上牆。指人或東西沒有用，派不上用場。,,菅蓁袂做得枴仔。
,爛塗袂糊得壁。,爛泥敷不上牆。指人或東西沒有用，派不上用場。,,漚柴袂做得公媽龕。
,戇的也有一項會。,笨的人也有一項他會的才能。比喻天生我才必有用。,,荏荏馬嘛有一步踢。
,鹹草,藺草。是莎草科莎草屬的植物，莖稈曬乾可製繩、編草帽及草蓆。,,蓆草
,小使仔,小弟、跑腿的、供人差遣的僕役。,,細漢的
,小使仔,小弟、跑腿的、供人差遣的僕役。,,雜差仔
,中盤,大量購買商品再轉賣給零售商，賺取差額利潤的商人。,,大割
,中盤,大量購買商品再轉賣給零售商，賺取差額利潤的商人。,,大盤
,中盤,大量購買商品再轉賣給零售商，賺取差額利潤的商人。,,割店
,歹過,生活困苦、不易度過。,,艱苦過
,歹過,生活困苦、不易度過。,,僫過
,歹過,生活困苦、不易度過。,,歹過日
,另工,改天、他日。,,別工
,另工,改天、他日。,,後日仔
,失氣,沒面子、出洋相。,,失面子
,失氣,沒面子、出洋相。,,無面子
,坦斜,斜著。,,走斜
,狗母鮻,長體蛇鯔、狗母梭。魚名，合齒魚科，活動於沿岸沙泥海域，有時會進入河口，因肉質粗且多刺，常用來炒製魚鬆。,,大頭狗母
,花貓貓,形容顏色花樣多得讓人受不了。,,花彔彔
,花貓貓,形容顏色花樣多得讓人受不了。,,花哩囉
,骨節,關節。,,骨目
,規半晡,大半天、老半天，指一天當中的一段長時間。,,規半工
,規半晡,大半天、老半天，指一天當中的一段長時間。,,規晡
,規半晡,大半天、老半天，指一天當中的一段長時間。,,規晡久
,頂改,上次、上回。,,頂回
,頂改,上次、上回。,,頂遍
,頂改,上次、上回。,,頂見
,斯當時,那時、當時，就在那個時間點。,,彼當時
,斯當時,那時、當時，就在那個時間點。,,當初時
,塌縫,填補空缺的人事物或時間。,,塌缺
,歇假,放假。,,放假
,歇假,放假。,,休假
,歇假,按規定或經過批准，在一段時間裡不工作或不到學校上課。,,放假
,歇假,按規定或經過批准，在一段時間裡不工作或不到學校上課。,,休假
,滇流,漲潮。地球上的海洋表面受到太陽和月球的引力（潮汐力）作用引起的海水面上升的現象。,,水滇
,滇流,漲潮。地球上的海洋表面受到太陽和月球的引力（潮汐力）作用引起的海水面上升的現象。,,飽流
,滇流,漲潮。地球上的海洋表面受到太陽和月球的引力（潮汐力）作用引起的海水面上升的現象。,,水漲
,幔被仔,背幼童時所包覆的方形薄被。,,𢯾被仔
,幔被仔,背幼童時所包覆的方形薄被。,,罩被仔
,幔被仔,背幼童時所包覆的方形薄被。,,袚巾
,幔被仔,背幼童時所包覆的方形薄被。,,番幔
,乞龜,廟宇在上元節或作平安醮時辦理的一種祈福活動，以米或麵粉製作成龜形的食物，如米龜、麵龜、紅龜粿等，供民眾向神明擲筊，應允後帶回去吃以保平安，隔年再回到廟宇還願的活動。,,求龜
,大姊頭仔,流氓組織、黑道幫派裡頭的女性首領。,,鱸鰻婆
,騙痟的,騙人。比喻說瞎話、胡說八道。,,騙人
,譬論,比方、例如。描寫事物或說明道理時，利用兩件事物的相似點，用彼方來說明此方。,,比如
,大墓公,泛指義塚及收埋於其中，受到地方民眾祭祀的無主孤魂。,,金斗公
,大墓公,泛指義塚及收埋於其中，受到地方民眾祭祀的無主孤魂。,,萬姓公
,大墓公,泛指義塚及收埋於其中，受到地方民眾祭祀的無主孤魂。,,萬善公
,大墓公,泛指義塚及收埋於其中，受到地方民眾祭祀的無主孤魂。,,百姓公仔
,大墓公,泛指義塚及收埋於其中，受到地方民眾祭祀的無主孤魂。,,萬善堂
,大墓公,泛指義塚及收埋於其中，受到地方民眾祭祀的無主孤魂。,,同歸所
,大墓公,泛指義塚及收埋於其中，受到地方民眾祭祀的無主孤魂。,,大眾爺
,拍莓,結蕾。指顯花植物含苞尚未綻放的花朵。,,結莓
,紙條仔,紙條。用以留言、備忘的便條紙。,,便條紙
,紙條仔,紙條。用以留言、備忘的便條紙。,,便條仔
,這號,這一個、這種。,,這種
,這號,這一個、這種。,,這个
,這號,這一個、這種。,,這款
,這號,這一個、這種。,,這樣
,臭礬,樟腦。自樟科植物樟樹的枝幹及根中提取精製所得的酮類白色結晶。,,樟腦丸
,經布,織布。以棉、麻、絲、毛等線編製成布匹。,,織布
,合仔趁,本錢等於毛利的生意。未計算營運成本，毛利殖入率為50%的生意。,,趁大錢
,孫新婦,孫媳婦。稱謂。稱呼孫子的妻子。,,孫嫂
,孫新婦,姪媳婦。稱謂。稱呼姪子的妻子。,,姪新婦
,孫新婦,姪媳婦。稱謂。稱呼姪子的妻子。,,孫嫂
,大妗喙,開口就胡言亂語或喜好轉傳閒話，讓人感覺不中聽甚或產生嫌惡感。,,屎桮喙
,平棒,平均。,,平正
,平棒,公正持平。,,公正
,躼跤蠓,高個子。稱身材高的人。,,躼跤的
,銃藥,泛指火藥及炸藥。,,火藥
,細姑仔,稱謂。女子稱呼丈夫的妹妹。,,小姑仔
,細姑仔,稱謂。女子稱呼丈夫的妹妹。,,細姑
,新娘花,文竹。植物名，可作成供觀賞的盆栽或室內的觀葉植物。,,新娘草
,新娘花,傳統婚俗戴於新娘頭上的花形髮飾。,,新娘草
,新娘花,傳統婚俗戴於新娘頭上的花形髮飾。,,纏花
,新娘花,新娘在婚禮所持的人造花。,,新娘草
,傍官靠勢,趨炎附勢，依附權貴的威勢。,,傍官勢
,傍官靠勢,趨炎附勢，依附權貴的威勢。,,傍官氣
,掩來扯去,截長補短，取有餘以補不足。,,臭焦補無熟。
,捲螺仔水,漩渦。,,捲螺仔
,捲螺仔水,漩渦。,,絞螺仔水
,徛馬勢,半蹲、蹲馬步。,,屈馬勢
,做木的,木匠。,,木師
,做木的,木匠。,,木匠師
,放外外,表現出事不關己的樣子。,,放放放
,娘仔豆,蠶蛹。蠶吐絲做繭後，所變成的蛹。,,娘仔蝦
,珠仔釘,一頭較大，有圓形突出的針，常用於縫紉或中國結編織過程，固定位置的針。,,珠仔針
,珠仔釘,一頭較大，有圓形突出的針，常用於縫紉或中國結編織過程，固定位置的針。,,珠釘
,號令,發號施令。,,命令
,號令,號召。,,號召
,號令,傳呼的命令。,,命令
,暗摸摸,形容光線不明亮、陰暗漆黑的樣子。,,暗墨墨
,出代誌,發生事故、出差錯的意思。,,出事
,險仔,差一點、幾乎，常用於意想不到或不願意發生的意外狀況。,,險險仔
,巧氣,聰穎、靈巧。,,巧骨
,出外人,離鄉背井在外地求學或就業的人。,,出外客
,錢水,資金。指可以周轉運用的資金量。,,資金
,假做,冒充、佯裝。,,假影
,假做,假裝、裝做。,,假影
,牛奶粉,一種食品。將牛的乳汁脫水製成易於保存的粉末，食用時加水沖調。,,奶粉
,單仔,記錄事物的紙、憑證、表格。,,單據
,單仔,記錄事物的紙、憑證、表格。,,單頭
,準講,假使、如果、就算。,,準若
,上陸,登陸。源自日語。,,登陸
,上陸,登陸。源自日語。,,上岸
,上陸,登陸。源自日語。,,起山
,止飢,充飢，解餓。,,掠枵
,成樣,形容人經訓練或材料經處理之後成某規格之才能或樣貌。,,有款
,成樣,形容人經訓練或材料經處理之後成某規格之才能或樣貌。,,正範
,成樣,形容人經訓練或材料經處理之後成某規格之才能或樣貌。,,有一个款
,痴哥草,咸豐草、鬼針草。菊科鬼針草屬，是一種民間的藥草。果實上長有刺毛，易附著於人的衣物或動物身上藉以散布、繁衍。,,咸豐草
,痴哥草,咸豐草、鬼針草。菊科鬼針草屬，是一種民間的藥草。果實上長有刺毛，易附著於人的衣物或動物身上藉以散布、繁衍。,,同治草
,痴哥草,咸豐草、鬼針草。菊科鬼針草屬，是一種民間的藥草。果實上長有刺毛，易附著於人的衣物或動物身上藉以散布、繁衍。,,冇管仔草
,尻川後話,閒話、閒言閒語。,,閒話
,芳貢貢,形容香氣很盛。,,芳衝衝
,圓輾輾,圓滾滾。形容體態或物體形狀非常圓。,,圓捙捙
,圓輾輾,圓滾滾。形容體態或物體形狀非常圓。,,圓棍棍
,圓輾輾,圓滾滾。形容體態或物體形狀非常圓。,,圓輪輪
,業命,勞碌命。,,勞碌命
,業命,勞碌命。,,業相
,業命,勞碌命。,,業神
,巷路,走廊、走道、通路。,,巷路仔
,巷路,走廊、走道、通路。,,通巷
,巷路,走廊、走道、通路。,,巷管仔
,孤毛,孤獨、孤僻、不喜歡與他人分享。,,孤孀
,放雨白,颱風外圍環流帶來的間歇性隨風飄的霧雨現象，是颱風的徵兆。,,雨白
,孔明燈,天燈。相傳為中國古代三國時期諸葛亮所發明。古時大多用於軍事上傳遞訊息，現多用於節慶許願祈福。,,天燈
,有範,有模有樣。煞有其事，架式十足的樣子。,,架勢
,有範,有模有樣。煞有其事，架式十足的樣子。,,有板
,有範,氣派。指人穿著得體，體面且適宜。,,氣派
,花仔和尚,五色鳥，又名臺灣擬啄木，因其羽毛有五種顏色而得名。,,和尚仔
,喙焦喉渴,口乾舌燥。,,喉焦喙渴
,喙焦喉渴,口乾舌燥。,,喉焦舌渴
,出來去,出去。從裡面到外邊去。往外面移動。,,出去
,七爺八爺,民間信仰中冥界城隍爺的左右護衛。此二尊神祇一高一矮，高大的是謝必安將軍、個子矮小的是范無救將軍。,,范謝將軍
,七爺八爺,民間信仰中冥界城隍爺的左右護衛。此二尊神祇一高一矮，高大的是謝必安將軍、個子矮小的是范無救將軍。,,大爺二爺
,七爺八爺,民間信仰中冥界城隍爺的左右護衛。此二尊神祇一高一矮，高大的是謝必安將軍、個子矮小的是范無救將軍。,,矮躼伯仔
,新劇,話劇。指近代東亞受到西方文化影響所產生的戲劇，舞台劇表現形式之一，比其他戲劇形式更接近真實生活。,,話劇
,新劇,話劇。指近代東亞受到西方文化影響所產生的戲劇，舞台劇表現形式之一，比其他戲劇形式更接近真實生活。,,舞台劇
,芳雪文,香皂。添加香料製成的肥皂。一種常用於清潔肌膚的用品。,,芳茶箍
,龍銀,清末民初或日治時期官方所鑄，幣面有雕龍且流通於市面的銀質硬幣。,,龍仔銀
,規晡,很久、半天。,,規晡久
,激頭腦,絞盡腦汁、腦力激盪。形容費盡腦力來思考。,,激頭殼
,激頭腦,絞盡腦汁、腦力激盪。形容費盡腦力來思考。,,拚頭殼
,佛祖生,紀念釋迦牟尼佛誕生的節日，又稱「浴佛節」，在漢傳佛教和藏傳佛教一般訂為農曆四月初八。,,浴佛日
,佛祖生,紀念釋迦牟尼佛誕生的節日，又稱「浴佛節」，在漢傳佛教和藏傳佛教一般訂為農曆四月初八。,,浴佛節
,雨傘樹,欖仁樹，別稱大葉欖仁樹、使君子科落葉喬木，臺灣原生植物，常栽培作庭園樹、行道樹。,,欖仁樹
,雨傘樹,欖仁樹，別稱大葉欖仁樹、使君子科落葉喬木，臺灣原生植物，常栽培作庭園樹、行道樹。,,欖仁
,雨傘樹,欖仁樹，別稱大葉欖仁樹、使君子科落葉喬木，臺灣原生植物，常栽培作庭園樹、行道樹。,,大葉欖仁樹
,雨傘樹,小葉欖仁，使君子科欖仁樹屬，冬季落葉性喬木。,,細葉欖仁樹
,望冬,臺灣鷦鶯，臺灣普遍的小型留鳥。,,望冬搐仔
,上腳,技藝已經上手，能勝任在該舞臺或職場上的角色，也形容人經鍛鍊後有所成就，或地位、勢力已達到一定的程度。,,出人前
,上腳,技藝已經上手，能勝任在該舞臺或職場上的角色，也形容人經鍛鍊後有所成就，或地位、勢力已達到一定的程度。,,在手
,上腳,技藝已經上手，能勝任在該舞臺或職場上的角色，也形容人經鍛鍊後有所成就，或地位、勢力已達到一定的程度。,,出腳
,犒軍,犒勞軍人、勞軍。,,犒將
,犒軍,犒勞軍人、勞軍。,,賞兵
,犒軍,一種民間信仰活動，相傳五府千歲是漁民的守護神，為了感念神明的庇祐，每逢初一、十五，居民會準備魚肉菜飯，在村廟前祭拜，犒賞千歲府內的「天兵天將」。,,犒將
,犒軍,一種民間信仰活動，相傳五府千歲是漁民的守護神，為了感念神明的庇祐，每逢初一、十五，居民會準備魚肉菜飯，在村廟前祭拜，犒賞千歲府內的「天兵天將」。,,賞兵
,觸鈕仔,扣子的一種，需要按壓才能扣上。,,鬥鈕仔
,辟邪,驅除邪惡。,,制煞
,辟邪,驅除邪惡。,,硩煞
,辟邪,能夠辟邪除魔的。,,制煞
,辟邪,能夠辟邪除魔的。,,硩煞
,百歲年老,指人高壽而善終，或期許如此。,,百年
,百歲年老,指人高壽而善終，或期許如此。,,做仙
,百歲年老,指人高壽而善終，或期許如此。,,做神
,百歲年老,指人高壽而善終，或期許如此。,,別世
,百歲年老,指人高壽而善終，或期許如此。,,仙逝
,規山坪,滿山遍野。,,規大堆
,規山坪,比喻到處都是。,,規大堆
,講通和,彼此暗中勾結，事先串通好。,,套好
,講通和,彼此暗中勾結，事先串通好。,,講通套
,講通和,彼此暗中勾結，事先串通好。,,通謀
,講通和,彼此暗中勾結，事先串通好。,,套謀
,光映映,形容非常光亮的樣子。,,光焱焱
,光映映,形容非常光亮的樣子。,,光爍爍
,光映映,形容非常光亮的樣子。,,光炎炎
,光映映,形容非常光亮的樣子。,,光龐龐
,光炎炎,形容光亮耀眼、輝煌奪目的樣子。,,光焱焱
,光炎炎,形容光亮耀眼、輝煌奪目的樣子。,,光爍爍
,光炎炎,形容光亮耀眼、輝煌奪目的樣子。,,光龐龐
,熱翕翕,非常悶熱。,,漚翕熱
,熱翕翕,非常悶熱。,,熱篤篤
,好狗運,嘲諷或自嘲意外得到的好運。,,狗屎運
,合味,對味。形容食物的味道搭配得恰到好處，合於飲食者喜好。,,合口味
,合味,合於飲食者所習慣或喜歡的味道。,,合口味
,無命,失去性命，即死亡、死去、喪命。,,掣起來
,無價,無價、珍貴、價值連城。,,珍貴
,頭喙,指家中人口。,,人口
,頭喙,指家中人口。,,丁口
,頭喙,指家中人口。,,人丁
,頭喙,指家中人口。,,家眷
,暗報,晚報，於下午或傍晚出刊的報紙。,,新聞紙
,烏寒,陰天又寒冷的。,,加陰寒
,鰻仔栽,鰻魚苗，鰻苗。,,鰻線
,鰻仔栽,鰻魚苗，鰻苗。,,鰻栽
,鰻仔栽,鰻魚苗，鰻苗。,,鰻魚栽
,洛神花,植物名，錦葵科木槿屬。可栽做庭園樹或綠籬供觀賞，其花、根、種子皆可食用。,,山茄
,洛神花,植物名，錦葵科木槿屬。可栽做庭園樹或綠籬供觀賞，其花、根、種子皆可食用。,,洛神
,洛神花,指洛神花的花，在熱帶地區常取花萼製成花茶，也用作天然著色劑及調味料。,,山茄
,洛神花,指洛神花的花，在熱帶地區常取花萼製成花茶，也用作天然著色劑及調味料。,,洛神
,出日,出太陽，意指天氣晴朗。,,出日頭
,出日,出太陽，意指天氣晴朗。,,出大日
,運搬,把東西移動或運送到別處。,,移徙
,盤山過嶺,翻越過許多山嶺。形容長途跋涉、旅途辛苦。,,盤山過水
,磚仔角,破磚塊。,,磚杮仔
,僭權,越權。,,越權
,千拄千,無巧不成書，準確的有點異常。,,對千
,相袚,交叉相疊。,,交叉
,山尖,山嶺的頂點。,,山頂尾溜
,歹囝症,花柳病。性病的俗稱。由性接觸引起的傳染病，包括梅毒、淋病、軟性下疳、腹股溝肉芽腫等。,,橫痃
,歹囝症,花柳病。性病的俗稱。由性接觸引起的傳染病，包括梅毒、淋病、軟性下疳、腹股溝肉芽腫等。,,淋病
,歹囝症,花柳病。性病的俗稱。由性接觸引起的傳染病，包括梅毒、淋病、軟性下疳、腹股溝肉芽腫等。,,梅瘡
,歹囝症,花柳病。性病的俗稱。由性接觸引起的傳染病，包括梅毒、淋病、軟性下疳、腹股溝肉芽腫等。,,八腳
,歹囝症,花柳病。性病的俗稱。由性接觸引起的傳染病，包括梅毒、淋病、軟性下疳、腹股溝肉芽腫等。,,生瘡
,歹囝症,花柳病。性病的俗稱。由性接觸引起的傳染病，包括梅毒、淋病、軟性下疳、腹股溝肉芽腫等。,,垃圾病
,正中晝,正午時分，中午十二點鐘。,,日中晝
,正中晝,正午時分，中午十二點鐘。,,日晝晝
,正中晝,正午時分，中午十二點鐘。,,中晝心
,生理虎,巧取豪奪、心狠如虎的商人。,,奸商
,白死殺,形容人的臉色蒼白，沒有血色。,,白死死
,白死殺,形容人的臉色蒼白，沒有血色。,,白死白死
,奸臣仔笑,奸笑、陰險地笑。,,奸笑
,拆箬,天剛剛拂曉，現出微弱光線。,,天欲光
,拆箬,天剛剛拂曉，現出微弱光線。,,黎明
,拆箬,天剛剛拂曉，現出微弱光線。,,拍殕光
,芹菜珠,切碎的芹菜粒，通常用來做為調味品。,,芹菜珠仔
,苦無,強烈而急切地希望完成某事或出現某種情况。,,苦袂得
,苦無,強烈而急切地希望完成某事或出現某種情况。,,恨袂得
,風幔,披風。原指披在肩上無袖較薄的長衣，現在多已改良為穿在外層的薄外套。適合春秋季穿著，用來防禦風寒。,,番幔
,風幔,披風。原指披在肩上無袖較薄的長衣，現在多已改良為穿在外層的薄外套。適合春秋季穿著，用來防禦風寒。,,雪幔
,㾀屎,器量狹小，用度過分節儉。吝嗇，不大方。,,硞
,㾀屎,器量狹小，用度過分節儉。吝嗇，不大方。,,鹹閣澀
,㾀屎,器量狹小，用度過分節儉。吝嗇，不大方。,,鹹澀
,㾀屎,器量狹小，用度過分節儉。吝嗇，不大方。,,孤孀
,借字,借貸財物的憑證，由出借人保存。,,借條
,借字,借貸財物的憑證，由出借人保存。,,欠據
,借字,借貸財物的憑證，由出借人保存。,,借據
,借字,借貸財物的憑證，由出借人保存。,,借單
,烏汁汁,又黑又髒。,,烏嘛嘛
,烏汁汁,又黑又髒。,,烏貓貓
,烏汁汁,又黑又髒。,,烏鬼鬼
,烏麻仔,植物名，通稱芝麻，種子為黑色。,,烏麻
,烏麻仔,胡麻的種子。,,烏麻
,眠眠,形容半夢半醒的狀態。,,半醒半睏
,臭老羶,老人味、老人的體臭。,,老人羶
,臭老羶,老人味、老人的體臭。,,臭老人羶
,綴手,順手、隨手。,,隨手
,霜仔,冰品通稱。,,霜仔角
,萬年久遠,永遠、可長可久。,,萬年久長
,萬年久遠,永遠、可長可久。,,久久長長
,霜仔枝,冰棒。將果汁、糖水或各種液態甜品倒入製冰模型內，放入冷凍庫製成棍棒狀的冰品。,,霜仔攕
,圓棍棍,身材胖胖的樣子。,,圓捙捙
,圓棍棍,身材胖胖的樣子。,,圓輪輪
,圓棍棍,身材胖胖的樣子。,,圓棍
,圓棍棍,身材胖胖的樣子。,,圓翱翱
,徛騰騰,挺直站立。,,騰身
,徛叉仔,叉號。用來表示「不認可」、「否定」的意義。,,叉仔
,苦湯,代表因為某種原因導致、而必須承受的痛苦。,,苦果
,當初時,當初、那時候。,,起初
,當初時,當初、那時候。,,彼當時
,當初時,當初、那時候。,,斯當時
,當初時,當初、那時候。,,當當時
,大紅花,錦葵科木槿屬，葉有柄，卵形，互生，花大，腋出，有朱紅、黃、白或桃紅色，蒴果闊卵形。,,燈籃仔花
,大紅花,錦葵科木槿屬，葉有柄，卵形，互生，花大，腋出，有朱紅、黃、白或桃紅色，蒴果闊卵形。,,啄鼻仔花
,大紅花,錦葵科木槿屬，葉有柄，卵形，互生，花大，腋出，有朱紅、黃、白或桃紅色，蒴果闊卵形。,,吊籃仔花
,窮真,老實講，指真實的情況，追查探究事物的根本。,,究真
,窮真,老實講，指真實的情況，追查探究事物的根本。,,窮實
,祖公仔屎,祖產。為「祖公仔產」的粗鄙說法，有鄙夷之意。,,祖公屎
,祖公仔屎,祖產。為「祖公仔產」的粗鄙說法，有鄙夷之意。,,祖公產
,祖公仔屎,祖產。為「祖公仔產」的粗鄙說法，有鄙夷之意。,,祖產
,目睭看懸，無看低。,引申為人勢利，看不起身分較低的人。,,目睭生佇頭殼頂。
,喙食，予尻川坐數。,引申為一人之誤，卻由他人代為受罪承擔。,,烏狗偷食，白狗食罪。
,釉,光滑平順。,,金滑
,釉,光滑平順。,,光滑
,刺查某,菊科鬼針草屬，是一種民間的藥草。果實上長有刺毛，易附著於人的衣物或動物身上藉以散布、繁衍。,,咸豐草
,刺查某,菊科鬼針草屬，是一種民間的藥草。果實上長有刺毛，易附著於人的衣物或動物身上藉以散布、繁衍。,,同治草
,刺查某,菊科鬼針草屬，是一種民間的藥草。果實上長有刺毛，易附著於人的衣物或動物身上藉以散布、繁衍。,,冇管仔草
,刺查某,菊科鬼針草屬，是一種民間的藥草。果實上長有刺毛，易附著於人的衣物或動物身上藉以散布、繁衍。,,痴哥草
,死好,活該、該死。,,應當
,剪筊,詐賭。,,跋路筊
,剪筊,詐賭。,,鬥尪公仔寶
,整筊,開設賭場、籌辦賭局。,,開筊間
,有親,極重視親屬關係，常用於熱切邀請親友來做客的語境。,,親熱
,跋歹筊,以手法詐賭或聯手詐賭。,,跋路筊
,跋歹筊,以手法詐賭或聯手詐賭。,,鬥尪公仔寶
,烏昏,面色陰沉。通常用來形容人不苟言笑，嚴肅而不易親近。,,昏昏
,烏昏,面色陰沉。通常用來形容人不苟言笑，嚴肅而不易親近。,,嘟嘟
,掠中和,折衷。調和各方面的意見使之適中。,,取中範
,掠中和,折衷。調和各方面的意見使之適中。,,掠中欄
,纘袂牢,支撐不住、承受不了。,,接載袂牢
,纘袂牢,支撐不住、承受不了。,,擋袂牢
,纘袂牢,支撐不住、承受不了。,,袂接力
,雞喙變鴨喙,尖利的雞嘴變成扁平的鴨嘴。喻一個人起初能言善辯，後因證據出現自知理虧，變得啞口無言。,,無話通講
,雞喙變鴨喙,尖利的雞嘴變成扁平的鴨嘴。喻一個人起初能言善辯，後因證據出現自知理虧，變得啞口無言。,,死喙
,抱心,心悸。因為心血循環系統、神經系統失調或過度疲累而引起心律不整、心跳加速的症狀。,,血攻心
,抱心,心悸。因為心血循環系統、神經系統失調或過度疲累而引起心律不整、心跳加速的症狀。,,血抱心
,抱心,心悸。因為心血循環系統、神經系統失調或過度疲累而引起心律不整、心跳加速的症狀。,,心惝
,抱心,豎心旁。以形象化來指稱漢字的一个部首。,,抱心爿
,抱心,豎心旁。以形象化來指稱漢字的一个部首。,,徛心
,抱心,豎心旁。以形象化來指稱漢字的一个部首。,,徛心爿
,割引,按售價減除幾成賣出。,,打折
,半身不隨,癱瘓、半身不遂。,,半身不遂
,歹鬼𤆬頭,帶頭起鬨。,,歹鬼母𤆬頭
,交定,交付訂金。,,落定
,仿仔,贗品、仿冒品。仿製的東西。,,假範
,仿仔,贗品、仿冒品。仿製的東西。,,仿的
,仿仔,贗品、仿冒品。仿製的東西。,,假包的
,淺現,淺顯、淺而易見。,,粗淺
,軟蜞,蛞蝓、蜒蚰。動物名，軟體動物腹足類，無殼。形狀類似無殼的蝸牛，身體圓長，軟而黏滑，頭部有長短觸角各一對，晝伏夜出，以植物的葉子為食物，用肺呼吸，雌雄同體。,,柴蜞
,軟蜞,蛞蝓、蜒蚰。動物名，軟體動物腹足類，無殼。形狀類似無殼的蝸牛，身體圓長，軟而黏滑，頭部有長短觸角各一對，晝伏夜出，以植物的葉子為食物，用肺呼吸，雌雄同體。,,烏蟲
,軟蜞,蛞蝓、蜒蚰。動物名，軟體動物腹足類，無殼。形狀類似無殼的蝸牛，身體圓長，軟而黏滑，頭部有長短觸角各一對，晝伏夜出，以植物的葉子為食物，用肺呼吸，雌雄同體。,,爛蜞
,軟蜞,蛞蝓、蜒蚰。動物名，軟體動物腹足類，無殼。形狀類似無殼的蝸牛，身體圓長，軟而黏滑，頭部有長短觸角各一對，晝伏夜出，以植物的葉子為食物，用肺呼吸，雌雄同體。,,水蜞
,軟蜞,蛞蝓、蜒蚰。動物名，軟體動物腹足類，無殼。形狀類似無殼的蝸牛，身體圓長，軟而黏滑，頭部有長短觸角各一對，晝伏夜出，以植物的葉子為食物，用肺呼吸，雌雄同體。,,草蜞
,過家,串門子。到別人家中聊天。,,相揣坐
,過家,串門子。到別人家中聊天。,,過厝
,過家,串門子。到別人家中聊天。,,過宅
,老風騷,指年老且好拈花惹草的人。,,老風流
,乒乓,桌球。一種球類運動。由網球演變而來，約起源於十九、二十世紀間的英格蘭，玩法分為單打和雙打，一局比賽中先得十一分為勝方，一般採五局三勝或七局四勝制。發音借自日語「ピンポン」。,,桌球
,皮皮仔,約略的、稍微的。,,量其約仔
,皮皮仔,約略的、稍微的。,,大概
,皮皮仔,約略的、稍微的。,,生門
,貓神,不乾脆、瑣碎。做事挑剔，過分仔細。,,龜毛神
,貓神,不乾脆、瑣碎。做事挑剔，過分仔細。,,貓毛
,貓神,不乾脆、瑣碎。做事挑剔，過分仔細。,,實膜
,貓神,女性化。,,母形
,貓神,女性化。,,查某形
,貓神,女性化。,,解姑體
,笑粉,粉嫩。形容皮膚細白柔軟。,,白phau-phau
,慢手,慢吞吞、動作遲緩。,,鈍跤鈍手
,拍雄,雞、鴨等雌性禽類與雄性交配、受精。,,配種
,土符仔,原指民間的符籙，後常用來諷指太過潦草的字或胡亂的畫作。,,符令
,土符仔,原指民間的符籙，後常用來諷指太過潦草的字或胡亂的畫作。,,符仔路
,土符仔,原指民間的符籙，後常用來諷指太過潦草的字或胡亂的畫作。,,葉仔路
,素料,泛指素食食物。,,素菜
,素料,泛指素食食物。,,齋糧
,素料,泛指素食食物。,,齋菜
,偷走學,逃學。學生無故不到學校上課，在外遊蕩。,,走書
,偷走學,逃學。學生無故不到學校上課，在外遊蕩。,,偷走書
,現貨,現貨。現有的物品。,,便貨
,細漢的,小弟、手下或供人差遣的人。通常用來稱呼團體中位階較低者。,,細胚的
,時景,謂某時間點的光景、狀況。,,現況
,鹹水貨,舶來品。由外國進口輸入的貨物。,,過水貨
,偷走厝,蹺家。因為某種原因而離家出走。,,離家出走
,款勢,意指一種外在的姿態、架勢或形狀；也可用於表示事情的樣貌、情勢、趨勢或文學的體裁。,,架勢
,款勢,意指一種外在的姿態、架勢或形狀；也可用於表示事情的樣貌、情勢、趨勢或文學的體裁。,,款製
,挐頭,指小孩使性子胡鬧。,,使性搦地
,挐頭,指小孩使性子胡鬧。,,使派
,挐頭,指小孩使性子胡鬧。,,使癖
,退悔,中途改變心意，感到後悔。,,想退悔
,帕尾,善後。事故發生後妥善處理遺留下的問題。,,攬尾
,圇痀,瑟縮、退縮。因害怕而畏縮或靜止不動。,,懍膽
,圇痀,瑟縮、退縮。因害怕而畏縮或靜止不動。,,懍懾
,圇痀,瑟縮、退縮。因害怕而畏縮或靜止不動。,,懾膽
,是年是節,逢年過節。,,年節時仔
,是年是節,逢年過節。,,年仔節仔
,是年是節,逢年過節。,,年冬月節
,是年是節,逢年過節。,,大年大節
,是年是節,逢年過節。,,過年過節
,是年是節,逢年過節。,,是年八節
,錦痀,駝背。形容（人或雞等）脖子前伸且背部彎拱的樣子。,,痀背
,雞毛管仔,膠囊。指中、西醫為方便患者服用，將粉狀或液狀藥物填裝於膠囊中而製成。外形類似家禽的羽毛根管，故有此稱。,,鵝管仔
,無時無陣,不定時。無固定的時間。,,無時陣
,漚搭,壞人、惡人。,,漚腳
,漚搭,壞人、惡人。,,歹料
,漚搭,壞人、惡人。,,歹狗
,漚搭,壞人、惡人。,,䆀料
,漚搭,壞人、惡人。,,䆀搭
,璇石喙,能言善道。,,好喙水
,照原,照樣、照舊。,,原來
,嶄然,非常、相當。,,非常
,嶄然,非常、相當。,,嶄然仔
,過通關,學業或技藝等各種考試、比賽都能順利通過。,,過關
,目降鬚聳,吹鬍子瞪眼。形容盛怒的樣子。,,㤉目
,近兜,附近。,,附近
,強徒,強盜。強搶他人財物的人。,,凶徒
,強徒,強盜。強搶他人財物的人。,,匪徒
,強徒,強盜。強搶他人財物的人。,,舂乓
,致心,盡心盡力、專心致志。,,專心
,致心,盡心盡力、專心致志。,,盡心
,致心,盡心盡力、專心致志。,,致心致命
,致心,盡心盡力、專心致志。,,致心致血
,數佻,數落他人的不是。,,體剔
,數佻,數落他人的不是。,,剔斥
,爸公業,祖先遺留下來的財產。,,祖公仔產
,爸公業,祖先遺留下來的財產。,,祖產
,爸公業,祖先遺留下來的財產。,,祖業
,曷有一个,怎麼、哪有。,,盍會
,曷有一个,怎麼、哪有。,,盍有
,線屎,線頭。縫紉完成後，殘餘在衣褲上未剪除的短線。,,線尾
,拚汗,冒冷汗。一種不自覺流汗的症狀。,,拚凊汗
,無因無端,無故、平空。,,無因端
,無因無端,無故、平空。,,無因致端
,無因無端,無故、平空。,,無事無故
,下日仔,今日後的某一天。,,下日
,下日仔,今日後的某一天。,,別工
,下日仔,今日後的某一天。,,後日仔
,相借喙,打招呼。,,相叫喙
,相借喙,打招呼。,,相掰會
,辯話骨,挑語病。,,掠話屎
,辯話骨,挑語病。,,掠話蝨
,辯話骨,挑語病。,,掠話骨
,辯話骨,挑語病。,,吮話縫
,輕兩想,輕得不得了。,,輕蠓蠓
,會和,划算。,,會和盤
,抾風水,撿骨。把土葬的棺木挖出，取出骨骸洗淨、晾乾裝入陶甕，俾便重新下葬。,,抾金
,抾風水,撿骨。把土葬的棺木挖出，取出骨骸洗淨、晾乾裝入陶甕，俾便重新下葬。,,抾骨頭
,押尾手,最後。,,押尾
,慢死趖,慢吞吞。形容動作緩慢，拖泥帶水。,,慢鈍
,結嚾結黨,成群結黨。,,狐群狗黨
,結嚾結黨,成群結黨。,,絞群
,結嚾結黨,成群結黨。,,絞群絞黨
,𫞼諍王,好辯的人、善於爭辯的人。,,硬牙的
,𫞼諍王,好辯的人、善於爭辯的人。,,徛諍王
,𫞼諍王,好辯的人、善於爭辯的人。,,厚口舌的
,結果擲捒,解決掉、消滅掉。,,結果擲掉
,花哩囉,形容色彩繁多而雜亂。,,花彔彔
,花哩囉,言詞雜亂沒有條理，反反覆覆。,,花嗄嗄
,起跤,拔腿。,,抾起跤
,抾金,臺灣的喪葬風俗。將土葬後先人的遺骨撿起擦拭整理後，裝入骨罈中的遷葬習俗。,,抾骨頭
,抾金,臺灣的喪葬風俗。將土葬後先人的遺骨撿起擦拭整理後，裝入骨罈中的遷葬習俗。,,抾風水
,苦楝舅,臺灣欒樹。為臺灣特有原生種，因葉子形狀像苦楝而得名。,,苦楝仔舅
,苦楝舅,臺灣欒樹。為臺灣特有原生種，因葉子形狀像苦楝而得名。,,木欒仔
,做得來,自己招惹、自作自受。,,討衰
,押尾,殿後、押後。,,押尾後
,壓落底,壓制使順從、壓制使屈服。,,壓落性
,壓落底,壓制使順從、壓制使屈服。,,壓倒
,壓落底,壓制使順從、壓制使屈服。,,教乖
,缺欠,缺乏。,,缺限
,怪奇,奇怪、奇特、蹊蹺。,,古怪
,怪奇,奇怪、奇特、蹊蹺。,,怪潲
,趕狂,急忙、倉皇、慌慌張張。,,緊狂
,懸踏,高跟鞋。,,懸踏仔
,懸踏,高跟鞋。,,懸屐
,懸踏,高跟鞋。,,懸屐仔
,懸踏,高跟鞋。,,懸踏鞋
,懸踏,高跟鞋。,,懸踏仔鞋
,門喙,門口。,,門跤兜
,門喙,門口。,,門頭
,門喙,門口。,,戶橂跤
,貓徙岫,貓挪窩，因為貓有常常挪窩的習性，因此用來比喻常常搬家或不安於位。,,帶驛馬
,貓徙岫,貓挪窩，因為貓有常常挪窩的習性，因此用來比喻常常搬家或不安於位。,,貓仔相
,公族仔,宗親。同宗族的親屬。,,公族
,公族仔,宗親。同宗族的親屬。,,宗族
,公族仔,宗親。同宗族的親屬。,,仝房頭
,探,伸出去。,,伸出
,探,伸手去搆。,,伸出
,坦橫生,手先生出來的橫向難產。,,討鹽生
,坦橫生,手先生出來的橫向難產。,,艱苦生
,坦橫生,手先生出來的橫向難產。,,難產
,出眾,出色、傑出、卓越。,,出人前
,出眾,出色、傑出、卓越。,,出腳
,制煞,鎮煞、鎮邪。,,壓煞
,臭奶羶,乳臭、乳臭味。形容小嬰兒身上的乳臭味。,,臭奶仔羶
,臭奶羶,引伸為人能力稚嫩不成熟。,,臭奶仔羶
,厝蓋,屋頂。房屋上部整片的遮蓋物。,,厝頂蓋
,起致,引起、由此發生。,,引發
,起造,建造、興建。,,建造
,平素時,平時。,,平時
,平素時,平時。,,平常時仔
,平素時,平時。,,素常
,半精肥,半肥半瘦（的肉）。,,半肥瘦
,散食,貧窮。缺乏錢財，生活拮据困乏。,,貧寒
,相向,相向。面對面、正面相對。,,對向
,相向,相向。面對面、正面相對。,,相對向
,擲捒,丟掉、扔掉、丟棄。,,擲挕捒
,著等,入選；得名、獲得名次。,,排有生相
,當當,正值、適逢。表示正當某個時候。,,正當
,厝內人,家眷。指眷屬。,,家屬
,後回,下次、下回。,,後改
,後回,下次、下回。,,下幫
,後改,下次、下回。,,後幫
,喝聲,出聲回應、表態。對於別人的發問，出聲表示贊同與否。,,做聲
,涼冷,微冷。一般指氣候上的冷。,,寒冷
,燈膋,燈油。從動物脂肪提煉出來，燃燒以供照明用的油。,,燈油
,萬不二,萬一。,,萬不一
,字條仔,字條。,,字條
,家私頭仔,工具。常指手工具或小型工具。,,工具
,家私頭仔,工具。常指手工具或小型工具。,,家私頭
,空身,獨自一人。,,獨身仔
,麵粉粿仔,麵疙瘩。一種麵食，將一小塊一小塊的麵團放入滾水中煮熟，再加入配料就可食用。,,麵粉粿
,臭尿破味,尿騷味。,,臭尿破羶
,大通,主幹道。車流量較大的馬路。,,大通路
,字目,學問、學識。,,學識
,根頭,源頭、根源、起源、根本。,,源頭
,根頭,源頭、根源、起源、根本。,,起源
,根頭,源頭、根源、起源、根本。,,根源
,平埔族,平埔族。泛指在十七世紀漢人未移墾臺灣前，便已經分佈在臺灣北部與西部沿海平原的眾多原住民族群。,,平埔族群
,平埔族,平埔族。泛指在十七世紀漢人未移墾臺灣前，便已經分佈在臺灣北部與西部沿海平原的眾多原住民族群。,,平埔原住民
,透機,透徹、詳細。,,澈底
,透機,透徹、詳細。,,透澈
,透機,透徹、詳細。,,齊透
,天年,世道。社會的情態、狀況。,,時世
,推軟仔,柿子挑軟的吃，意指欺負弱小或專挑沒有難度、容易完成的事情做。,,食軟仔
,推軟仔,柿子挑軟的吃，意指欺負弱小或專挑沒有難度、容易完成的事情做。,,抾軟仔
,實實,形容裝得滿滿、塞得滿滿的樣子。,,實捅捅
,實實,胸口悶悶、不舒暢。,,縛縛
,注心,專心、用心。,,注神
,大色貨,主要商品。一般指銷量大，為主要獲利來源的商品。,,大宗
,案桌,置於神佛前之供桌。,,香案桌
,花血,花俏豔麗。,,豔麗
,袂見眾,見不得人，上不了檯面的意思。,,袂看口
,老頹,衰老。指上了年紀的人，各方面的反應都變得遲鈍、退化。,,倒頹
,老頹,衰老。指上了年紀的人，各方面的反應都變得遲鈍、退化。,,老倒頹
,平正,公平、公正、無私心。,,公正
,惜略,惜物，珍惜東西。,,愛惜
,著味,形容口味對味，有好滋味。,,著滋味
,手肚仁,上臂內側的肌肉。,,手肚肉
,對扴,與人作對、唱反調。,,做對
,對扴,與人作對、唱反調。,,攑硬篙
,對扴,與人作對、唱反調。,,夯硬篙
,合該然,理當如此。同意且支持對方提出的處理方式。,,理所當然
,好頭喙,善於招呼人。,,好喙水
,牽闔,連累、拖累。,,牽涉
,相倚傍,互相倚仗、依傍。,,相倚靠
,相倚傍,互相倚仗、依傍。,,相傍倚
,青筋,靜脈。皮膚下顏色較暗的靜脈血管。,,血脈
,青筋,靜脈。皮膚下顏色較暗的靜脈血管。,,靜脈
,對千,剛好、恰好。,,拄千
,梨仔瓜,香瓜、甜瓜。產地主要位於臺灣本島的南部與東部，品種主要分為黃皮棗瓜及青皮梨瓜兩大脆瓜類。,,黃瓜仔
,梨仔瓜,香瓜、甜瓜。產地主要位於臺灣本島的南部與東部，品種主要分為黃皮棗瓜及青皮梨瓜兩大脆瓜類。,,青瓜仔
,幼工,細活、細工。精密細緻的工作。,,幼路工
,幼工,細活、細工。精密細緻的工作。,,幼穡
,幼工,細活、細工。精密細緻的工作。,,幼工課
,跤肚仁,指小腿肚的肌肉。,,跤肚肉
,跤肚仁,指小腿肚的肌肉。,,跤肚腱
,跤肚仁,指小腿肚的肌肉。,,跤後肚仁
,跤肚仁,指小腿肚的肌肉。,,跤後肚肉
,氣絲仔,微弱的氣息。,,命絲仔
,媽祖生,農曆三月二十三日為媽祖誕辰的日子。,,媽祖生日
,媽祖生,農曆三月二十三日為媽祖誕辰的日子。,,媽祖婆生日
,新娘桌,結婚喜宴中，新郎、新娘所坐的主桌。,,主桌
,酸微,形容物品微酸的味覺。,,酸甘
,銅仙,銅板。舊時銅製的貨幣。,,銅鐳
,倒勼,退縮。,,勼退
,倒勼,退縮。,,勼去
,有法度,有辦法、有能力。,,有辦法
,有法度,有辦法、有能力。,,有步
,有法度,有辦法、有能力。,,有步數
,有法度,有辦法、有能力。,,有才調
,屈勢,姿勢。亦可引申為從事某種工作的手法、作法或樣子。,,架勢
,臺票,新臺幣，簡稱臺幣。目前臺灣所使用的貨幣；臺幣有新、舊臺幣之分，現今一般所稱臺幣是指新臺幣。,,新臺票
,臺票,新臺幣，簡稱臺幣。目前臺灣所使用的貨幣；臺幣有新、舊臺幣之分，現今一般所稱臺幣是指新臺幣。,,臺幣
,臺票,新臺幣，簡稱臺幣。目前臺灣所使用的貨幣；臺幣有新、舊臺幣之分，現今一般所稱臺幣是指新臺幣。,,新臺幣
,擘腹,擔心、煩惱。,,掛念
,平波波,平坦。,,平坦坦
,平波波,平坦。,,平溜溜
,平波波,平坦。,,一字平
,跋臭,耍賴、賴皮。原意是賭博時，眼看自己就要輸了，就使手段讓賭局破局，引申為沒風度，拖優勢方下水，讓大家都成為輸家。,,挲烏面
,半病仔,喻指不中用、無能的人。,,半病
,㧣風,逆風前進。,,瀳風
,放尿攪沙袂做堆。,尿和沙子攪拌在一起，無法結成塊。比喻團體中的人各自為政，不團結。,,放尿搜沙袂做堆。
,好心好行，無衫通穿。,心地善良，樂於助人，卻落得衣不蔽體。比喻天道不公，沒有獎勵行善的人。,,做惡做毒，騎馬碌硞。
,放屎也疼，放尿也疼。,大便也痛，小便也疼。比喻遇到兩難，顧此失彼，左右為難。,,捏驚死，放驚飛。
,放屎也疼，放尿也疼。,形容為人處世很難兩邊得意，左右逢源。,,捏驚死，放驚飛。
,滿面專豆花。,整個臉搞到都是豆花。比喻把事搞砸了，結局狼狽不堪。,,人衰，滿面專豆花。
,別人的錢開袂疼。,別人的錢，怎麼花都不心疼。指有些人占他人便宜時不會手軟。,,別人的桌頂夾肉飼大家。
,別人的錢開袂疼。,別人的錢，怎麼花都不心疼。指有些人占他人便宜時不會手軟。,,公家錢開袂疼。
,老人囡仔性。,老人孩子氣。形容人年紀大了以後，性情反而像小孩子一樣。,,食老囡仔性。
,老人囡仔性。,老人孩子氣。形容人年紀大了以後，性情反而像小孩子一樣。,,老人像囡仔。
,老人囡仔性。,老人孩子氣。形容人年紀大了以後，性情反而像小孩子一樣。,,老人像細囝。
,老人囡仔性。,老人孩子氣。形容人年紀大了以後，性情反而像小孩子一樣。,,七十歲欶奶喙仔。
,老人囡仔性。,老人孩子氣。形容人年紀大了以後，性情反而像小孩子一樣。,,老人囡仔相。
,老人囡仔性。,形容一個年紀大的人變得固執不聽人勸。,,食老囡仔性。
,老人囡仔性。,形容一個年紀大的人變得固執不聽人勸。,,老人像囡仔。
,老人囡仔性。,形容一個年紀大的人變得固執不聽人勸。,,老人像細囝。
,老人囡仔性。,形容一個年紀大的人變得固執不聽人勸。,,七十歲欶奶喙仔。
,老人囡仔性。,形容一個年紀大的人變得固執不聽人勸。,,老人囡仔相。
,九頓米糕無上算，一頓冷糜抾起來囥。,餐餐招待糯米飯，都不當一回事，只讓他吃了一餐冷稀飯，卻牢記在心。引申為長久對他好卻不感恩，偶爾一次怠慢竟令他記恨在心。,,九頓米糕無上算，一頓冷糜抾去囥。
,九頓米糕無上算，一頓冷糜抾起來囥。,餐餐招待糯米飯，都不當一回事，只讓他吃了一餐冷稀飯，卻牢記在心。引申為長久對他好卻不感恩，偶爾一次怠慢竟令他記恨在心。,,九頓米糕毋上算，一頓凊糜抾起來餾。
,拚甲流汗，予人嫌甲流瀾。,認真做事做到汗流浹背，卻被人嫌棄到口沫橫飛。指人嗟嘆自己認真工作，不但得不到應有的稱讚、鼓勵，還被嫌棄得一文不值。,,做甲流汗，嫌甲流瀾。
,拚甲流汗，予人嫌甲流瀾。,認真做事做到汗流浹背，卻被人嫌棄到口沫橫飛。指人嗟嘆自己認真工作，不但得不到應有的稱讚、鼓勵，還被嫌棄得一文不值。,,盡心唱，嫌無聲。
,肉欲予人食，骨毋予人齧。,肉還可以讓人家吃，骨頭千萬不可被人家啃。指被欺負，委曲求全，但忍耐有一定的限度，不能被欺負太過。,,肉欲予你食，骨毋予你齧。
,肉欲予人食，骨毋予人齧。,肉還可以讓人家吃，骨頭千萬不可被人家啃。指被欺負，委曲求全，但忍耐有一定的限度，不能被欺負太過。,,食你的肉，無齧你的骨。
,肉欲予人食，骨毋予人齧。,肉還可以讓人家吃，骨頭千萬不可被人家啃。指被欺負，委曲求全，但忍耐有一定的限度，不能被欺負太過。,,肉予人食，骨毋通予人齧。
,肉欲予人食，骨毋予人齧。,肉還可以讓人家吃，骨頭千萬不可被人家啃。指被欺負，委曲求全，但忍耐有一定的限度，不能被欺負太過。,,肉予人食，骨毋成予人齧。
,肉欲予人食，骨毋予人齧。,形容傳統結婚時的習俗。結婚時男方送半條豬連同豬頭、豬尾給女方。女方收下部分豬肉但要將豬頭、豬腳、豬尾送還男方，這個儀式的精神在強調凡事要留餘地，不可趕盡殺絕。,,肉欲予你食，骨毋予你齧。
,肉欲予人食，骨毋予人齧。,形容傳統結婚時的習俗。結婚時男方送半條豬連同豬頭、豬尾給女方。女方收下部分豬肉但要將豬頭、豬腳、豬尾送還男方，這個儀式的精神在強調凡事要留餘地，不可趕盡殺絕。,,食你的肉，無齧你的骨。
,肉欲予人食，骨毋予人齧。,形容傳統結婚時的習俗。結婚時男方送半條豬連同豬頭、豬尾給女方。女方收下部分豬肉但要將豬頭、豬腳、豬尾送還男方，這個儀式的精神在強調凡事要留餘地，不可趕盡殺絕。,,肉予人食，骨毋通予人齧。
,肉欲予人食，骨毋予人齧。,形容傳統結婚時的習俗。結婚時男方送半條豬連同豬頭、豬尾給女方。女方收下部分豬肉但要將豬頭、豬腳、豬尾送還男方，這個儀式的精神在強調凡事要留餘地，不可趕盡殺絕。,,肉予人食，骨毋成予人齧。
,豬屎籃仔結綵。,裝豬糞的竹籃子繫上喜慶時裝飾的紅布條。指粗俗、微不足道的東西也拿出來炫耀，意即不倫不類且多此一舉。,,豬屎籃仔也提出來品並。
,豬屎籃仔結綵。,裝豬糞的竹籃子繫上喜慶時裝飾的紅布條。指粗俗、微不足道的東西也拿出來炫耀，意即不倫不類且多此一舉。,,豬屎籃仔趁人結綵。
,豬屎籃仔結綵。,裝豬糞的竹籃子繫上喜慶時裝飾的紅布條。指粗俗、微不足道的東西也拿出來炫耀，意即不倫不類且多此一舉。,,豬屎籃仔也捾出來品寶。
,到彼號時，攑彼號旗。,到那個時候看情況，再舉什麼旗子。比喻人能隨機應變，視情況改變採取靈活的處置，有見機行事的意思。,,到彼時，攑彼旗。
,花食露水，人食喙水。,花需要露水，人需要口才。比喻有好口才能廣結善緣，能為自己帶來好處。,,魚食流水，人食喙水。
,馬四跤也會著觸。,馬有四條腿，也會因失蹄而跌倒；表示再聰明能幹的人，都會有失意、落魄之時。,,馬四跤嘛會著觸。
,斬人的稻仔尾。,收割他人成熟的稻穗。比喻竊佔他人辛勞成果。,,割人的稻仔尾。
,激一个參仔氣。,裝出一副天天有人參吃的有錢人樣子。比喻人自視甚高，總是擺出瞧不起別人的模樣。,,目睭生佇頭殼頂。
,跋筊，家伙了。,賭博會輸光家中的財產。勸戒人切勿染上賭博的惡習，以免傾家盪產。,,跋筊師傅，無褲通穿。
,跋筊，家伙了。,賭博會輸光家中的財產。勸戒人切勿染上賭博的惡習，以免傾家盪產。,,半暝報贏筊，天光輸了了。
,跋筊，家伙了。,賭博會輸光家中的財產。勸戒人切勿染上賭博的惡習，以免傾家盪產。,,跋筊錢，袂得做家伙。
,跋筊，家伙了。,賭博會輸光家中的財產。勸戒人切勿染上賭博的惡習，以免傾家盪產。,,一更散，二更富，三更起大厝，四更五更走袂赴。
,捾籃仔假燒金。,提著籃子假裝要到廟裡拜拜燒金紙，其實是去私會情郎。用來諷刺那些表裡不一的人。,,無心假有心，捾籃仔假燒金。
,捾籃仔假燒金。,提著籃子假裝要到廟裡拜拜燒金紙，其實是去私會情郎。用來諷刺那些表裡不一的人。,,捾籃仔假做客。
,食甜，著愛憶著鹹。,吃著好東西，過著舒適的生活，就要想到生活困苦的時候。形容人要居安思危。,,食甜，憶著鹹。
,搬岫雞母生無卵。,經常更換雞巢的母雞下不了蛋。比喻沒有定性者，很難有成就。,,徙岫雞母生無卵。
,袂生，牽拖厝邊。,自己無法生育，卻怪罪鄰居。是用來嘲諷出了問題不自我檢討，卻只會卸責給他人。俗諺多數前後句押韻，以求韻協好記易於傳誦。故前句「生」字取「sinn」音，俾利與「邊pinn」字押韻。,,欲死牽拖鬼。
,袂生，牽拖厝邊。,自己無法生育，卻怪罪鄰居。是用來嘲諷出了問題不自我檢討，卻只會卸責給他人。俗諺多數前後句押韻，以求韻協好記易於傳誦。故前句「生」字取「sinn」音，俾利與「邊pinn」字押韻。,,袂生，牽拖媒人。
,袂生，牽拖厝邊。,自己無法生育，卻怪罪鄰居。是用來嘲諷出了問題不自我檢討，卻只會卸責給他人。俗諺多數前後句押韻，以求韻協好記易於傳誦。故前句「生」字取「sinn」音，俾利與「邊pinn」字押韻。,,袂生，帶罵媒人。
,袂生，牽拖厝邊。,自己無法生育，卻怪罪鄰居。是用來嘲諷出了問題不自我檢討，卻只會卸責給他人。俗諺多數前後句押韻，以求韻協好記易於傳誦。故前句「生」字取「sinn」音，俾利與「邊pinn」字押韻。,,袂生，牽拖洗落雨水。
,褲袋仔袋磅子。,褲子口袋中裝砝碼，看起來沉甸甸，其實沒有錢可以花費。比喻一文不名。,,褲袋仔空空。
,褲袋仔袋磅子。,褲子口袋中裝砝碼，看起來沉甸甸，其實沒有錢可以花費。比喻一文不名。,,褲袋仔四角。
,褲袋仔袋磅子。,褲子口袋中裝砝碼，看起來沉甸甸，其實沒有錢可以花費。比喻一文不名。,,橐袋仔袋磅子。
,褲袋仔袋磅子。,褲子口袋中裝砝碼，看起來沉甸甸，其實沒有錢可以花費。比喻一文不名。,,褲底袋磅子。
,一時風，駛一時船。,駕駛帆船，要隨時依風向調整船帆。比喻人要隨著客觀環境的改變，調整做事的方法。,,一時風，駛一時帆。
,一時風，駛一時船。,駕駛帆船，要隨時依風向調整船帆。比喻人要隨著客觀環境的改變，調整做事的方法。,,一時風，攑一時旗。
,一時風，駛一時船。,駕駛帆船，要隨時依風向調整船帆。比喻人要隨著客觀環境的改變，調整做事的方法。,,一時風，一時船。
,半路認老爸。,半路上誤認他人為父親，表示認錯人了。,,半路認親情。
,鵁鴒順便空。,八哥找現成的樹洞做巢。形容專揀現成，坐享其成。,,鵁鴒占便空。
,鵁鴒順便空。,八哥找現成的樹洞做巢。形容專揀現成，坐享其成。,,魚鰍循便空。
,鵁鴒順便空。,八哥找現成的樹洞做巢。形容專揀現成，坐享其成。,,鰗鰡循便空。
,鵁鴒順便空。,八哥找現成的樹洞做巢。形容專揀現成，坐享其成。,,鵁鴒抾便空。
,鵁鴒順便空。,八哥找現成的樹洞做巢。形容專揀現成，坐享其成。,,鵁鴒趁便空。
,小局,小事一樁、小場面。,,小齣
,話仁,俏皮話、滑稽話。,,話仔仁
,目花,老花眼。因水晶體彈性減弱，調度力減退所引起的視力不良。,,老歲仔目
,目花,眼花。視力模糊，看不清楚。引申喻人觀察能力不靈敏。,,目睭花
,畏羞人,害羞、靦腆。,,畏羞禮
,布底,布料的質地。,,料身
,布底,布料的質地。,,布質
,臭生荒,荒置、廢棄任其荒涼。,,放拋荒
,落工,工作時間到，離開工作岡位。,,下班
,落工,工作時間到，離開工作岡位。,,煞工
,落工,工作時間到，離開工作岡位。,,退勤
,理氣,合乎常理常規的行事作為。,,係項
,起挐,鬧脾氣；使性子；胡鬧一通。,,撒體
,起挐,鬧脾氣；使性子；胡鬧一通。,,張張掣掣
,薄本,資本額少的小生意。,,小本
,無輸贏,平手。指雙方水平、技術相當，分不出誰勝誰負。,,平手
,無輸贏,平手。指雙方水平、技術相當，分不出誰勝誰負。,,無輸雙
,無輸贏,平手。指雙方水平、技術相當，分不出誰勝誰負。,,平報盆
,無臭無潲,責人不像樣。罵人的粗鄙用語。,,無臭潲
,無臭無潲,沒道理。,,無因無端
,無臭無潲,沒道理。,,無臭潲
,無時閒,好動。指人很好動，無法安靜下來。,,無時定
,無時閒,好動。指人很好動，無法安靜下來。,,無時恬
,無時閒,好動。指人很好動，無法安靜下來。,,捙蛆
,喝價,喊價、叫價。對物品開出價格，通常用於拍賣物品的場所。,,唱價
,喝價,討價還價。買賣時，賣方索價，買方還價，以達到各自的理想價錢。,,唱價
,粗糠耳,乾耳朵。易排出乾性耳垢的耳朵。,,焦耳
,油耳,溼耳朵。易排出溼性耳垢的耳朵。,,澹耳
,粗本,資本雄厚。,,長本
,外埕,大門進來的空地。,,內埕
,外埕,古厝四合院外面的空地。,,內埕
,花嗄嗄,混亂不清。比喻頭腦裡朦朧一片，無法明白。,,花膏膏
,重篤篤,非常重。,,重huàinn-huàinn
,重篤篤,非常重。,,重huainnh-huainnh
,重篤篤,非常重。,,重hinnh-hinnh
,重篤篤,非常重。,,重hi̍nnh-hi̍nnh
,重篤篤,非常重。,,重innh-innh
,重篤篤,非常重。,,重thuī-thuī
,事尾,餘波。事件結束後留下的影響。,,事屎
,無事無白,無緣無故。,,無張無持
,無事無白,無緣無故。,,無因致端
,無事無白,無緣無故。,,無緣無故
,無事無白,無緣無故。,,無端無故
,無事無白,無緣無故。,,無底無代
,相拄頭,碰頭、碰面、遇見、見面。,,相拄搪
,相拄頭,碰頭、碰面、遇見、見面。,,搪頭
,相拄頭,碰頭、碰面、遇見、見面。,,相搪頭
,水帕,羊水、胎膜。,,胎衣
,水帕,羊水、胎膜。,,生水
,水帕,羊水、胎膜。,,胎膜
,水帕,羊水、胎膜。,,羊膜
,搧腹肚邊,敲竹槓、敲詐、趁火打劫。藉機強迫謀取利益。,,搶火燒
,搧腹肚邊,敲竹槓、敲詐、趁火打劫。藉機強迫謀取利益。,,摃大客
,搧腹肚邊,敲竹槓、敲詐、趁火打劫。藉機強迫謀取利益。,,摃銀牛
,搧腹肚邊,敲竹槓、敲詐、趁火打劫。藉機強迫謀取利益。,,摃錢
,敆爐,指往生者週年忌日後，將其神主牌位火化，取部分的爐灰放進列祖列宗的香爐內，同時也自神主爐中抽取三枝燒過的餘香，移插至祖先之香爐，並將往生者的牌位列入祖先牌位內。,,大祥
,見真,其實、歸根究柢。,,究真
,見真,其實、歸根究柢。,,窮實
,見真,其實、歸根究柢。,,見真張
,茈鳥仔,指對事物或工作尚不熟悉、缺乏經驗的新人。,,生猴
,茈鳥仔,指對事物或工作尚不熟悉、缺乏經驗的新人。,,新鳥
,茈鳥仔,指對事物或工作尚不熟悉、缺乏經驗的新人。,,生牛仔
,茈鳥仔,指對事物或工作尚不熟悉、缺乏經驗的新人。,,生跤數
,茈鳥仔,指對事物或工作尚不熟悉、缺乏經驗的新人。,,新跤數
,茈鳥仔,指對事物或工作尚不熟悉、缺乏經驗的新人。,,新腳數
,茈鳥仔,指無經驗的少年人。,,生猴
,茈鳥仔,指無經驗的少年人。,,新鳥
,茈鳥仔,指無經驗的少年人。,,生牛仔
,茈鳥仔,指無經驗的少年人。,,生跤數
,捙蛆,形容小孩過動、躁動的樣子。,,無時定
,捙蛆,形容小孩過動、躁動的樣子。,,無時恬
,捙蛆,形容小孩過動、躁動的樣子。,,拍摔
,射筒,針筒。西醫所用注射器裝藥液的地方。,,注射筒
,射筒,針筒。西醫所用注射器裝藥液的地方。,,針筒
,拖帆,形容人做事拖泥帶水。,,三延四延
,押名,簽名。簽上自己的名字，表示同意、認可或承擔責任。,,署名
,居財,命運註定有財產。留得住、守得住財富。,,帶財
,居財,命運註定有財產。留得住、守得住財富。,,牢財
,咒死絕誓,發誓、發毒誓。,,起誓
,皂烏漆白,抹黑、造謠；不實的指控。,,生言造語
,皂烏漆白,抹黑、造謠；不實的指控。,,抹烏漆白
,利頭,利潤。,,利潤
,利頭,利益、好處。,,好處
,冷底,指體質虛寒。,,冷身
,血凍,血塊。凝成塊狀的血液。,,血角
,血凍,血塊。凝成塊狀的血液。,,血滓
,考水披,打水漂兒。在水邊投擲扁平小石子或瓦片，使其掠過水面，激起一串水花。,,披水披
,考水披,打水漂兒。在水邊投擲扁平小石子或瓦片，使其掠過水面，激起一串水花。,,批水批
,考水披,打水漂兒。在水邊投擲扁平小石子或瓦片，使其掠過水面，激起一串水花。,,批水披
,面馬,臉形。,,面框
,面馬,臉形。,,面捗
,料身,質料。布料的質地。,,質地
,你兄我弟,稱兄道弟。特指拉幫結派，想仗勢欺人。,,林投竹刺
,絞群絞黨,成群結夥。眾多人物聚集在一起，通常指結黨不做正事。,,狐群狗黨
,絞群絞黨,成群結夥。眾多人物聚集在一起，通常指結黨不做正事。,,絞群
,硬喙,嘴硬、嘴強。說話強硬，不肯認輸或認錯。,,硬牙
,硬喙,說話堅持己見。,,硬牙
,冊桌仔,書桌。讀書用的桌子。,,寫字桌
,插車,停車。找空位停放車子。,,停車
,插車,停車。找空位停放車子。,,擋車
,插車,停車。找空位停放車子。,,拋車
,生猴,生手、新手。指剛進職場，對某種事務的經驗或技術不純熟的人。,,生手
,火燒心,胃食道逆流。指人體中胃酸逆流的現象。,,呃刺酸
,粗跤重蹄,笨手笨腳。,,鈍跤鈍手
,寄聲,傳話、轉告。,,寄喙
,寄聲,傳話、轉告。,,傳話
,起慼,動起氣來、惱怒起來。因為生氣、失望、受苦等而對人或事物生出厭惡感，甚至是怨恨心。,,起猌
,起慼,動起氣來、惱怒起來。因為生氣、失望、受苦等而對人或事物生出厭惡感，甚至是怨恨心。,,起猌神
,分分仔,一點兒。,,一絲仔
,韌鼻,不乾脆。,,龜毛神
,韌鼻,不乾脆。,,貓毛
,韌鼻,不乾脆。,,實膜
,韌鼻,不乾脆。,,勼勼凹凹
,起基,創始。,,創始
,錢額,金額；錢的額度。,,金額
,錢額,金額；錢的額度。,,錢聲
,凊面,冷漠不親切的表情。凶惡、憤怒或難看的臉色。,,凊頭凊面
,大厝起,三合院。,,三合院
,大厝起,三合院。,,大厝護龍
,大厝起,三合院。,,正身護龍
,倒頭生,逆產、臀位分娩。,,倒踏蓮花
,倒頭生,逆產、臀位分娩。,,坐斗
,死毋坐認,執意不肯承認錯誤。,,硬牙
,拍撋,韌性、耐力。,,徛起
,推排,處置安排。,,排比
,送山,送葬、送殯。送死者到墓地安葬。,,送上山頭
,送山,送葬、送殯。送死者到墓地安葬。,,送葬
,送山,送葬、送殯。送死者到墓地安葬。,,送出山
,抾起跤,拔腿狂奔。,,起豹風
,抾起跤,拔腿狂奔。,,起跤踉
,抾起跤,拔腿狂奔。,,𬦰起跤
,抾起跤,拔腿狂奔。,,起踉
,素常,平常、平時。,,平時
,素常,平常、平時。,,平日
,抾骨頭,撿骨。土葬後到一定的年限，把骨頭撿出來曬乾再收入骨罈入葬。,,翻身
,抾骨頭,撿骨。土葬後到一定的年限，把骨頭撿出來曬乾再收入骨罈入葬。,,洗骨
,討衰,自己招惹來的霉運或別人不友善的對待。,,討衰潲
,做前,領頭、帶領。,,做頭前
,做前,當前鋒、趕在前頭。,,做頭前
,泅水箍仔,泳圈。游泳時為增加浮力所使用的橡皮圈。,,游泳箍仔
,泅水箍仔,泳圈。游泳時為增加浮力所使用的橡皮圈。,,游泳箍
,泅水箍仔,泳圈。游泳時為增加浮力所使用的橡皮圈。,,泅水箍
,捙桶倒,大雨傾盆而下。,,拍死人雨
,掛骨,指人講話帶刺，用言外之意譏諷人。,,激角
,掛骨,指人講話帶刺，用言外之意譏諷人。,,三角六尖
,捽後炮,暗箭傷人。,,稽洗
,捽後炮,暗箭傷人。,,使暗箭
,捽後炮,暗箭傷人。,,使暗步
,捽後炮,暗箭傷人。,,使暗毒
,漚翕,天氣悶熱，空氣又不流通。,,漚翕熱
,漚翕,天氣悶熱，空氣又不流通。,,熇熱
,漚翕,天氣悶熱，空氣又不流通。,,齷齪熱
,厚事路,形容人身體多病痛，病魔纏身。,,厚事屎
,顧山,指人去世死亡。,,死去
,顧山,指人去世死亡。,,百年
,顧山,指人去世死亡。,,做仙
,恬才,誠實莊重，行事規矩。,,大才
,恬才,誠實莊重，行事規矩。,,恬實
,斷站,指做某件事或工程，因故於進行中停止或擱置。,,暫停
,斷站,指做某件事或工程，因故於進行中停止或擱置。,,斷節
,斷站,指做某件事或工程，因故於進行中停止或擱置。,,折站
,對路,對症、有效。,,有效
,緊跤,趕緊、迅速、快速。,,緊窸倏
,蓬蓬坱,形容塵土飛揚的樣子。,,坱蓬蓬
,飽流,漲潮。,,水滇
,飽流,漲潮。,,滇流
,飽流,漲潮。,,翻流
,飽流,漲潮。,,滿流
,飽流,漲潮。,,南流
,水洘,退潮。,,水退
,水洘,退潮。,,向流
,叫電話,打電話。,,摃電話
,叫電話,打電話。,,鼓電話
,叫電話,打電話。,,拍電話
,叫電話,打電話。,,擼電話
,鬧熱滾滾,場面非常熱鬧、人聲鼎沸的樣子。,,鬧熱𩑾𩑾
,鬧熱滾滾,場面非常熱鬧、人聲鼎沸的樣子。,,鬧熱𩑾插
,頷珠,喉結。指人咽喉部位的甲狀軟骨突起。,,嚨喉鐘仔
,頷珠,喉結。指人咽喉部位的甲狀軟骨突起。,,雄骨
,頷珠,喉結。指人咽喉部位的甲狀軟骨突起。,,嚨喉珠仔
,頷珠,喉結。指人咽喉部位的甲狀軟骨突起。,,嚨喉鐘
,牛犅𨂿,天牛。昆蟲名，天牛科，鞘翅目昆蟲的一個科。已知有兩萬六千種以上，皆為完全變態的昆蟲。以食草為主，包括多種嚴重的害蟲。幼蟲會鑽進木材裡，不僅會破壞林木、果樹，連木造建築物也會被破壞。,,牛角𨂿
,牛犅𨂿,天牛。昆蟲名，天牛科，鞘翅目昆蟲的一個科。已知有兩萬六千種以上，皆為完全變態的昆蟲。以食草為主，包括多種嚴重的害蟲。幼蟲會鑽進木材裡，不僅會破壞林木、果樹，連木造建築物也會被破壞。,,山牛犅
,相挨推,事前彼此推拖，藉詞拒絕，不願承當。,,相挨相推
,相挨推,事後相互推卸責任。,,相挨相推
,瀾鬚,口沫。,,喙瀾水
,注血,輸血。將血液注到人體內。,,注血射
,好才,形容一個人有才能、多才多藝的樣子。,,有才
,換喙,變換食物的口味。,,換食
,換喙,變換食物的口味。,,換肚
,換喙,改口、改稱，關係改變的時候改換稱呼。,,反喙
,無沓無屑,形容食物份量少得可憐、無法滿足口慾的樣子。,,無沓屑
,無沓無屑,形容食物份量少得可憐、無法滿足口慾的樣子。,,無兩無想
,無沓無屑,形容食物份量少得可憐、無法滿足口慾的樣子。,,無兩想
,明其知,明知、明明知道。,,明其知影
,時世,時代。,,年代
,唏嚇叫,人情緒失控大呼小叫的樣子。,,phih-pheh叫
,幼麵,細麵。寬度在1.4公厘到2公厘的麵條稱為細麵。,,麵乾
,幼麵,細麵。寬度在1.4公厘到2公厘的麵條稱為細麵。,,大麵乾
,雨遮,遮雨棚。用金屬類或竹木、茅草類所搭蓋而成的棚架，有遮陽擋雨的功能。,,雨閘
,雨遮,遮雨棚。用金屬類或竹木、茅草類所搭蓋而成的棚架，有遮陽擋雨的功能。,,雨棚
,雨遮,遮雨棚。用金屬類或竹木、茅草類所搭蓋而成的棚架，有遮陽擋雨的功能。,,雨棚仔
,雨遮,遮雨棚。用金屬類或竹木、茅草類所搭蓋而成的棚架，有遮陽擋雨的功能。,,窗仔掩
,雨遮,遮雨棚。用金屬類或竹木、茅草類所搭蓋而成的棚架，有遮陽擋雨的功能。,,雨篷
,雨遮,遮雨棚。用金屬類或竹木、茅草類所搭蓋而成的棚架，有遮陽擋雨的功能。,,雨閘仔
,會赴市,趕得上巿場交易的時間或時機。,,會赴
,會赴市,趕得上巿場交易的時間或時機。,,赴流水
,孤行獨市,獨占市場、獨門生意。,,孤門獨市
,孤行獨市,獨占市場、獨門生意。,,孤占
,齊透,透澈。,,澈底
,齊透,透澈。,,透透
,齊透,透澈。,,澈透
,大食,指食量很大。,,牛腸馬肚
,無時定,形容人活潑好動，一刻都閒不下來。,,無時恬
,無時定,形容人活潑好動，一刻都閒不下來。,,活骨
,無時定,形容人活潑好動，一刻都閒不下來。,,無時停
,無時定,形容人活潑好動，一刻都閒不下來。,,無時得定
,姑姨舅妗,姑姑、阿姨、舅舅與舅媽，泛指父親的姐妹及母親的兄弟姊妹構成的親戚。,,三親六認
,刺夯夯,形容咄咄逼人、張牙舞爪的樣子。,,歹衝衝
,刺夯夯,形容咄咄逼人、張牙舞爪的樣子。,,歹鬼鬼
,日頭光,日光。太陽的光線。,,日鬚
,囡仔古,童話故事。為兒童編寫的故事。,,童話
,貫耳,在耳朵上扎孔。,,貫耳仔
,恬喌喌,個性靜默、非常安靜。,,恬卒卒
,恬喌喌,個性靜默、非常安靜。,,恬tsih-tsih
,恬喌喌,個性靜默、非常安靜。,,恬tshinn-tshinn
,粗耙耙,粗糙、不平滑的。,,粗煏煏
,粗耙耙,粗糙、不平滑的。,,粗柏柏
,後半世人,下半生、下半輩子。,,下半世人
,下心神,費心思、下工夫。,,落工夫
,下心神,費心思、下工夫。,,費心神
,下心神,費心思、下工夫。,,落苦心
,揣食,覓食。尋找食物。,,覓食
,三兩下手,三兩下子。形容動作純熟迅速，毫不費工夫即可完成某件事情。,,兩三輾手
,三兩下手,三兩下子。形容動作純熟迅速，毫不費工夫即可完成某件事情。,,兩三輾轉
,耳空吼,耳鳴。病名。外界無聲音來源，患者自己感覺耳中有蟬鳴或其他聲響。,,耳空霆
,耳空吼,耳鳴。病名。外界無聲音來源，患者自己感覺耳中有蟬鳴或其他聲響。,,耳空lō
,耳空吼,耳鳴。病名。外界無聲音來源，患者自己感覺耳中有蟬鳴或其他聲響。,,耳空彈
,所擺,所以、以至於。用來連接前後句的因果關係，常與「因為」、「雖罔」連用。,,所致
,逞性,逞強。,,逞強
,逞性,任性、隨便。,,任性
,逞性,任性、隨便。,,使性
,逞性,任性、隨便。,,執癖
,下半身,下半身。,,下身
,散掖掖,散亂。,,亂七八糟
,海豬仔泅,蝶泳。因游泳時的姿態仿若海豚打水，故又稱「海豚泳」。,,蝶仔泅
,海豬仔泅,蝶泳。因游泳時的姿態仿若海豚打水，故又稱「海豚泳」。,,蝶式
,海豬仔泅,蝶泳。因游泳時的姿態仿若海豚打水，故又稱「海豚泳」。,,尾蝶仔泅
,堅風,風乾。蔬菜、肉類等物品被風吹乾，水份因減少而變得乾硬。,,堅痡
,堅風,風乾。蔬菜、肉類等物品被風吹乾，水份因減少而變得乾硬。,,收堅
,欲哭欲𥍉,快哭出來的樣子。,,欲哭欲啼
,無分無會,沒說理由，不分青紅皂白。,,無因端
,無分無會,沒說理由，不分青紅皂白。,,無因致端
,無分無會,沒說理由，不分青紅皂白。,,無事無故
,無分無會,沒說理由，不分青紅皂白。,,無緣無故
,平鼎仔,平底鍋。一種底部平坦，適用於煎、炒料理食物的鍋具。,,淺仔鼎
,平鼎仔,平底鍋。一種底部平坦，適用於煎、炒料理食物的鍋具。,,番鼎仔
,貫串,接連貫通。,,連貫
,貫串,擅長、精通。,,在手
,貫串,擅長、精通。,,專貫
,暗作期,潛伏期。,,潛伏期
,暗作期,潛伏期。,,隱作期
,品捧,誇耀、吹牛、誇大其詞。,,品寶
,擔帶,負責、承當。,,負責
,擔帶,負責、承當。,,擔領
,擔帶,負責、承當。,,坐擔
,擔帶,負責、承當。,,食擔
,敲虎𡳞,胡扯、胡說。「虎𡳞」是老虎的陽具，鮮少人看過，更別提有機會敲打。指某人在閒扯一些無稽之談，想愚弄別人。,,講嘐潲
,崩駁,決堤、潰堤。堤防或河岸遇大水或洪流而遭沖毀。,,崩岸
,摘抄,摘錄。經過選擇後抄寫紀錄。,,抄錄
,生凊風,陰風、寒風、冷風。,,冷風
,清菜,素菜。素食菜餚。,,素菜
,清菜,素菜。素食菜餚。,,菜料
,清菜,素菜。素食菜餚。,,清齋
,清菜,素菜。素食菜餚。,,素齋
,手門,虎口。手部大拇指與食指相連的部位。,,虎口
,手門,虎口。手部大拇指與食指相連的部位。,,虎口門
,手門,虎口。手部大拇指與食指相連的部位。,,虎口喙
,畫山畫水,本指描繪山水風景，後用來比喻說話說得天花亂墜、不切實際。,,畫龍畫鳳
,畫山畫水,本指描繪山水風景，後用來比喻說話說得天花亂墜、不切實際。,,膨大海
,有紲,興致高昂、情緒熱烈。,,紲氣
,執硬,頑固、固執。堅持己見不知變通，抵死也不改變。,,執死訣
,執硬,頑固、固執。堅持己見不知變通，抵死也不改變。,,執癖
,執硬,頑固、固執。堅持己見不知變通，抵死也不改變。,,執訣
,執硬,頑固、固執。堅持己見不知變通，抵死也不改變。,,掠死訣
,上範,得體。達到令人滿意的水準。,,成款
,囡仔耍,童玩。兒童的玩具。,,囡仔物
,滑溜,光滑。,,滑溜𣻸
,衰頹,衰敗、式微。事業或運勢衰微頹廢。,,衰微
,衰頹,衰敗、式微。事業或運勢衰微頹廢。,,衰敗
,衰頹,衰敗、式微。事業或運勢衰微頹廢。,,落坐
,歲聲,年紀、年歲、歲數。指年齡的大小。,,歲數
,對面風,逆風。迎面而來的風。,,瀳風
,銅鼎仔,炊具。統稱烹飪用的鍋具。,,銅鼎
,銅鼎仔,炊具。統稱烹飪用的鍋具。,,生鍋仔
,銅鼎仔,炊具。統稱烹飪用的鍋具。,,銅鍋
,銅鼎仔,炊具。統稱烹飪用的鍋具。,,銅鍋仔
,甲是,既然。,,甲若
,甲是,既然。,,若甲
,對摵,折衷。,,取中範
,對摵,折衷。,,掠中欄
,喙扁,啞口無言、無話可說。,,扁喙
,有局,有意思、有趣。,,有藝
,夯硬篙,唱反調。堅持自己與他人不同的意見。,,攑硬篙
,夯硬篙,唱反調。堅持自己與他人不同的意見。,,做對頭
,煞工,下班、工作結束。,,下班
,比手畫刀,比手畫腳。以手腳比劃，表達意思。,,比跤比手
,比手畫刀,比手畫腳。以手腳比劃，表達意思。,,比跤畫手
,過電,導電。指物體能夠傳導、傳送電流。,,通電
,過電,通電。使電流通過。,,通電
,魚魚肉肉,大魚大肉。指主要以魚、肉為主的菜餚。,,魚肉肉
,見天,迷糊、漫不經心。,,散散
,家口,家中人口。,,丁口
,尪婆,女性靈媒、巫婆。能夠通鬼神，以替人祈福消災、占卜等工作的女子。,,媽姨
,講仙古,胡說八道。沒有根據的亂說。,,講bàng-gà
,總根頭,要因。導致某種結果的最主要原因。,,源頭
,總根頭,要因。導致某種結果的最主要原因。,,總源頭
,總根頭,要因。導致某種結果的最主要原因。,,五摠頭
,總根頭,要因。導致某種結果的最主要原因。,,菜頭摠
,總根頭,要因。導致某種結果的最主要原因。,,鹹菜絪
,攔孤爿,偏袒。袒護某一方。,,攔孤人
,長尾山娘,臺灣藍鵲。禽鳥類。臺灣特有種鳥類，主要分布在中、低海拔闊葉林裡。,,山娘仔
,長尾山娘,臺灣藍鵲。禽鳥類。臺灣特有種鳥類，主要分布在中、低海拔闊葉林裡。,,長尾陣仔
,長尾山娘,臺灣藍鵲。禽鳥類。臺灣特有種鳥類，主要分布在中、低海拔闊葉林裡。,,長尾竹
,疼風,痛風。病名。是一種因嘌呤代謝障礙，尿酸的結晶沉積在關節內，進而產生嚴重的關節發炎反應。,,風疼
,老相,老態。像老人的相貌。,,老款
,老相,老景、晚景。,,尾梢
,老相,老景、晚景。,,尾景
,緩期,延期。延後原本所預定的期程。,,延期
,爛蜞,蛞蝓。無殼軟體動物。頭部有觸角，多活動於陰暗潮濕的地方。,,柴蜞
,爛蜞,蛞蝓。無殼軟體動物。頭部有觸角，多活動於陰暗潮濕的地方。,,水蜞
,血角,血塊。凝成塊狀的血。,,血滓
,袚巾,披肩。披搭在肩上的服飾。,,幔巾
,袚巾,披肩。披搭在肩上的服飾。,,肩胛幔
,體剔,責備、責罵。,,責罵
,日鬚,太陽的光芒、光線。,,日光
,日鬚,太陽的光芒、光線。,,日花
,光爍爍,光亮刺眼。,,金爁爁
,光爍爍,光亮刺眼。,,光閃閃
,爛朽朽,破破爛爛。,,朽爛
,襤襤褸褸,襤褸。衣服破爛的樣子。,,破鬖
,扴話,頂嘴、還嘴。,,使話拄
,扴話,頂嘴、還嘴。,,拄喙
,鈍跤鈍手,笨手笨腳。形容動作或手腳不靈活。,,粗跤粗手
,鈍跤鈍手,笨手笨腳。形容動作或手腳不靈活。,,笨tshia-tshia
,中站,半途、半路。路程的一半。,,半上路下
,中站,半途、半路。路程的一半。,,半中途
,中站,半途、半路。路程的一半。,,半上路站
,中站,中途，中間。事情進行的中間。,,半上路下
,中站,中途，中間。事情進行的中間。,,半中途
,中站,中途，中間。事情進行的中間。,,半上路站
,放尿,撒尿、排尿。,,小便
,放尿,撒尿、排尿。,,小解
,庄跤人,鄉下人。指居住在鄉村的人。,,田庄人
,炭工,礦工。本指採煤炭工人，後泛指採礦工人。,,礦工
,炭工,礦工。本指採煤炭工人，後泛指採礦工人。,,炭礦夫
,𠢕算，毋值拄搪。,再怎麼善於算計，也比不上好的機運。比喻機關算盡，還不如碰上一次良機。,,軁鑽，毋值拄搪。
,𠢕算，毋值拄搪。,再怎麼善於算計，也比不上好的機運。比喻機關算盡，還不如碰上一次良機。,,尖鑽，毋值拄搪。
,𠢕算，毋值拄搪。,再怎麼善於算計，也比不上好的機運。比喻機關算盡，還不如碰上一次良機。,,千算，毋值拄搪。
,一肩擔雞，雙頭啼。,昔日有雞販，喪偶後靠著挑擔子出外賣雞維生。一頭挑雞，雞啼叫，一頭挑兒女，兒女也啼哭。形容一個人又要賺錢養家，又要照顧年幼孩子的困境，或是一個人上有父母要奉養，下有孩子要培育，蠟燭兩頭燒的困苦。「雞」諧音「家」。,,一頭擔雞，雙頭啼。
,欲哭無目屎。,想哭卻掉不下淚來。比喻極度哀傷、悲痛。,,欲哭無目屎，艱苦無人知。
,觸,違逆、辜負。違逆別人的想法或辜負他人。,,觸意
,觸,冒犯、觸犯。,,冒犯
,寄,設定。,,設定
